run_id,matrix,scenario_id,policy,seed,ablation,arm_id,wifi_nodes,nru_nodes,traffic,interference_interval_ms,interruption_std,join_interval_rounds,lifetime_rounds,config_hash,rounds,elapsed_us,successes,collisions,collision_probability,effective_airtime,mean_delay_us,p95_delay_us,jain_fairness,evaluation_utility,decision_count,switch_count,training_sample_count
e6e8396ebf687cd0,ablation,dynamic-combined-4x4,adaptive_db_lbt,410,collision_weight_0.125,,4,4,poisson,300,0.0,10,200,e6e8396ebf687cd03517f32fc6b5e47f0f61f6d10389b5a278ac205f297457ef,100000,310530808,88086,11914,0.11914,0.5494614337911361,26177.219646222668,52068.0,0.984093732866582,0.7800213888859061,18510,7739,0
40d7a3d321e5a249,ablation,dynamic-combined-4x4,adaptive_db_lbt,523,collision_weight_0.125,,4,4,poisson,300,0.0,10,200,40d7a3d321e5a2497509b34e75127df0a1acc0f1f5fddb418f04046ee7577176,100000,309916882,88081,11919,0.11919,0.5505058191699282,26126.69498030043,52064.0,0.9841637905747778,0.7803830365815687,18512,7754,0
39a7a257ce8942b5,ablation,dynamic-combined-4x4,adaptive_db_lbt,631,collision_weight_0.125,,4,4,poisson,300,0.0,10,200,39a7a257ce8942b5de77dd3bba4fa4344d72b13d4b0c5ee5c630797ad58dd258,100000,311829778,87809,12191,0.12191,0.5454065454903412,26382.377296386145,52066.0,0.9836352055679468,0.7778257503527626,18513,8006,0
2d626a9ed9136ce4,ablation,dynamic-combined-4x4,adaptive_db_lbt,742,collision_weight_0.125,,4,4,poisson,300,0.0,10,200,2d626a9ed9136ce4d0fb537ad955dbaf6643f5eae29359f745c121c59f7a9edd,100000,312954139,87772,12228,0.12228,0.5432761667357273,26501.349266213936,52086.0,0.9831266626611423,0.7768402764656233,18508,7763,0
6c28254ac5b5baf2,ablation,dynamic-combined-4x4,adaptive_db_lbt,859,collision_weight_0.125,,4,4,poisson,300,0.0,10,200,6c28254ac5b5baf2e3347807cce67ef1b5ab7e48704375ec9e15a17acbf678ef,100000,311167932,88121,11879,0.11879,0.5485376719346516,26220.835030018272,52061.0,0.9844398593092564,0.7799210104146359,18508,7741,0
a59380295a92083d,ablation,dynamic-combined-4x4,adaptive_db_lbt,967,collision_weight_0.125,,4,4,poisson,300,0.0,10,200,a59380295a92083df9423de5c9ff884e30271d63e1afb41b0e77a788e78a6b95,100000,310109538,87963,12037,0.12037,0.549386310717086,26174.805650616792,52066.0,0.9842907198404869,0.779755843519191,18511,7755,0
3a407819650752a8,ablation,dynamic-combined-4x4,adaptive_db_lbt,1081,collision_weight_0.125,,4,4,poisson,300,0.0,10,200,3a407819650752a863237aeb4aa08b7af058d46051b588a0a2bd118317a002dd,100000,312628367,88097,11903,0.11903,0.5458448369146233,26367.396996219733,52066.0,0.984257590381397,0.7788993090986734,18509,7730,0
582514ed5eba1b0e,ablation,dynamic-combined-4x4,adaptive_db_lbt,1193,collision_weight_0.125,,4,4,poisson,300,0.0,10,200,582514ed5eba1b0ea91b95e58709d6ef22e9d9c9a6e7a4a150acb875e18344f6,100000,311315016,87979,12021,0.12021,0.5473895644018661,26287.47110979755,52076.0,0.9836260198715565,0.7789020280911408,18509,7733,0
a334228e4984e105,ablation,dynamic-combined-4x4,adaptive_db_lbt,1307,collision_weight_0.125,,4,4,poisson,300,0.0,10,200,a334228e4984e105371e1b6e4c907c292cc0050e1cd98128c101863d786c7ecb,100000,307370942,88348,11652,0.11652,0.5566417498242238,25818.61855331673,52065.0,0.9849258266483788,0.7833491921575342,18510,7646,0
5cf2df51a651eabc,ablation,dynamic-combined-4x4,adaptive_db_lbt,1429,collision_weight_0.125,,4,4,poisson,300,0.0,10,200,5cf2df51a651eabc05ac68a73f63fd4c041f400cdba01ce965e1d10611686d0f,100000,313367328,88110,11890,0.1189,0.544655044574398,26432.290980908492,52079.0,0.9855633214730745,0.7789617886824908,18509,7861,0
143d3f7092cca7a6,ablation,dynamic-combined-4x4,adaptive_db_lbt,410,collision_weight_0.5,,4,4,poisson,300,0.0,10,200,143d3f7092cca7a6a12a6e9103f2d0e1781becd9e5802f41bb68711f40458dc1,100000,311803024,88035,11965,0.11965,0.5469942106783416,26309.574471468983,52065.0,0.983616089235103,0.7789142666378148,18510,9832,0
3105bb96c9358113,ablation,dynamic-combined-4x4,adaptive_db_lbt,523,collision_weight_0.5,,4,4,poisson,300,0.0,10,200,3105bb96c93581137b661deeca12c6d863d65bc2b1df9a87ebf5b8e6d355032a,100000,308708976,88066,11934,0.11934,0.552543402560475,26021.862794976038,52077.0,0.9844067212561479,0.7810970412722076,18512,9854,0
101089e51443d6e9,ablation,dynamic-combined-4x4,adaptive_db_lbt,631,collision_weight_0.5,,4,4,poisson,300,0.0,10,200,101089e51443d6e9058507f0d2de1082a33b3c3fb5185fb473c79e54bf81643d,100000,312748929,87765,12235,0.12235,0.5435039331501595,26480.6258987887,52076.0,0.983282985858138,0.7769574730027659,18513,9899,0
6fab2b99b97d2d35,ablation,dynamic-combined-4x4,adaptive_db_lbt,742,collision_weight_0.5,,4,4,poisson,300,0.0,10,200,6fab2b99b97d2d3535b2eca68e54b330320ed2ed8d9191c27143dc1fde2f7052,100000,314798688,88025,11975,0.11975,0.5416291220375099,26587.07770089869,52088.0,0.9823711344903752,0.7766705855092951,18508,9906,0
3c330cd82b140f28,ablation,dynamic-combined-4x4,adaptive_db_lbt,859,collision_weight_0.5,,4,4,poisson,300,0.0,10,200,3c330cd82b140f288b99c823e82620497f6007f865274bb44097494501082998,100000,308989119,87910,12090,0.1209,0.5511100279230221,26086.45383495256,52022.0,0.9849753061962447,0.7804554447064224,18508,9729,0
841e2a128feb2658,ablation,dynamic-combined-4x4,adaptive_db_lbt,967,collision_weight_0.5,,4,4,poisson,300,0.0,10,200,841e2a128feb2658d204bc41a63c3dc85188ce275d07a16a59fe0e6acd894eb5,100000,309484626,88000,12000,0.12,0.5507875922728388,26106.007637057915,52073.0,0.9847867701975052,0.780476120823448,18511,9893,0
eb95e2ac34d63ee8,ablation,dynamic-combined-4x4,adaptive_db_lbt,1081,collision_weight_0.5,,4,4,poisson,300,0.0,10,200,eb95e2ac34d63ee89ac41a4c2a9a3edf5557d968e070939ac16e995bf1e35db7,100000,311503056,87892,12108,0.12108,0.5465430971566455,26330.242649401484,52066.0,0.9844826553086204,0.7786945841550886,18509,10062,0
eeda0b8868d3c3a0,ablation,dynamic-combined-4x4,adaptive_db_lbt,1193,collision_weight_0.5,,4,4,poisson,300,0.0,10,200,eeda0b8868d3c3a042d0dff4d46ca9c1e142f959b6a65d4657d0cc9e371620de,100000,311251716,87901,12099,0.12099,0.5470103882093938,26306.332313153493,52079.0,0.983576337983038,0.7785620753974773,18509,10020,0
13a9c67b1357ca1b,ablation,dynamic-combined-4x4,adaptive_db_lbt,1307,collision_weight_0.5,,4,4,poisson,300,0.0,10,200,13a9c67b1357ca1bda0c27628365c704ccea1abb1fab7a8accb949644bf60070,100000,308251988,88355,11645,0.11645,0.5550765596360079,25896.308057998573,50108.0,0.9846456132156071,0.7840562242838717,18510,9765,0
6f342cd54849f35f,ablation,dynamic-combined-4x4,adaptive_db_lbt,1429,collision_weight_0.5,,4,4,poisson,300,0.0,10,200,6f342cd54849f35f7263216adca5f5c4a2d234c19f2bcc427dc7042955a5f7fc,100000,314824462,88262,11738,0.11738,0.5429779818062549,26515.27162508215,52081.0,0.985120501938496,0.778633827914917,18509,9869,0
8ab72dc90d4fd24d,ablation,dynamic-combined-4x4,adaptive_db_lbt,410,context_free_ucb,,4,4,poisson,300,0.0,10,200,8ab72dc90d4fd24dd5087d4fda851094e7d05a960dc25d0c1e572cad9facbad7,100000,312417243,88091,11909,0.11909,0.5461344078246027,26343.402608902965,52099.0,0.9835553855418697,0.7787247644554908,18510,16804,0
ee3a56a11c0fd110,ablation,dynamic-combined-4x4,adaptive_db_lbt,523,context_free_ucb,,4,4,poisson,300,0.0,10,200,ee3a56a11c0fd110637f9770734143729162d0f3e7322acbad4792420fc9a339,100000,312126637,88259,11741,0.11741,0.5477574091185303,26270.325412743197,52092.0,0.9834476785728092,0.7796545292304464,18512,16797,0
f62573c280b497ac,ablation,dynamic-combined-4x4,adaptive_db_lbt,631,context_free_ucb,,4,4,poisson,300,0.0,10,200,f62573c280b497ac80ed2f51fd2123c21b6c084c74d0b88175eed808a85fea58,100000,312165879,88109,11891,0.11891,0.5466361299532035,26315.476396408667,54011.0,0.9839776761619524,0.7778031020383853,18513,16879,0
84ded61d153eb63f,ablation,dynamic-combined-4x4,adaptive_db_lbt,742,context_free_ucb,,4,4,poisson,300,0.0,10,200,84ded61d153eb63f350fff7f8315bbb5b191d517abc323937064304be1f8418c,100000,314832731,88000,12000,0.12,0.5413563591645749,26598.294629057185,54072.0,0.9825213076015327,0.7752445555887025,18508,16633,0
539b26cf1caefe0f,ablation,dynamic-combined-4x4,adaptive_db_lbt,859,context_free_ucb,,4,4,poisson,300,0.0,10,200,539b26cf1caefe0f8c8b8dacd6e97e6772fbb4b8a19229f5ae66a224e47d0482,100000,311203000,88064,11936,0.11936,0.5481501013807708,26241.765580993913,52107.0,0.9844736600026809,0.7796299204611505,18508,16868,0
71733891dbd53f44,ablation,dynamic-combined-4x4,adaptive_db_lbt,967,context_free_ucb,,4,4,poisson,300,0.0,10,200,71733891dbd53f447d4cbf5cc095296226ef707f8b7d6f62e944c8d7f5847e91,100000,311534620,88151,11849,0.11849,0.5481001308939597,26240.98600002269,52133.0,0.9840446185289908,0.7796704164743169,18512,16779,0
099ff5cff2d9d026,ablation,dynamic-combined-4x4,adaptive_db_lbt,1081,context_free_ucb,,4,4,poisson,300,0.0,10,200,099ff5cff2d9d0265a900041488736fd0d236eab3990a3d5d3e880f6eae41b6a,100000,313378318,88004,11996,0.11996,0.5439795263691473,26464.965612073276,52131.0,0.9839902907808884,0.7779126057166786,18510,16817,0
d8e170d2cb73609f,ablation,dynamic-combined-4x4,adaptive_db_lbt,1193,context_free_ucb,,4,4,poisson,300,0.0,10,200,d8e170d2cb73609fa8b1b3674a4e71e25356a238e6aa28f6acbef733d9e428c2,100000,311146144,87935,12065,0.12065,0.5474039009784418,26285.761381600645,52166.0,0.9837920614645871,0.7787921541476763,18510,16937,0
62be0e972618101b,ablation,dynamic-combined-4x4,adaptive_db_lbt,1307,context_free_ucb,,4,4,poisson,300,0.0,10,200,62be0e972618101ba08e8108fb989dec36d37891928111d55f583d9f5c9078eb,100000,307444189,88338,11662,0.11662,0.5563896932200595,25828.061326842522,52078.0,0.9848851080306852,0.7832179337502482,18510,16975,0
650c8e803ad1ac0e,ablation,dynamic-combined-4x4,adaptive_db_lbt,1429,context_free_ucb,,4,4,poisson,300,0.0,10,200,650c8e803ad1ac0ebee405217ec4de5a3fde763fc73d9c6f0c15eadeb44b53b4,100000,314086560,88232,11768,0.11768,0.5441739977667303,26458.465213547333,52138.0,0.9853694798994608,0.779002492555397,18508,16912,0
8f5fad74b8690f1d,ablation,dynamic-combined-4x4,adaptive_db_lbt,410,frozen_online,,4,4,poisson,300,0.0,10,200,8f5fad74b8690f1d0a7097baf4283c382545818a44ed7382ebb8b7d2b1bb51c9,100000,311063194,88015,11985,0.11985,0.5480094536674757,26248.778869862625,52011.0,0.9837496929319355,0.779283215533137,18510,9696,0
304f60398d0743e0,ablation,dynamic-combined-4x4,adaptive_db_lbt,523,frozen_online,,4,4,poisson,300,0.0,10,200,304f60398d0743e0a286e7e6950312d6a79c3c6bb7efd1d762ee1667097908ba,100000,309506028,87979,12021,0.12021,0.5506428327140691,26121.899194052585,52065.0,0.9840019749357666,0.7801191025499451,18512,9594,0
1c3cf8d335797eb0,ablation,dynamic-combined-4x4,adaptive_db_lbt,631,frozen_online,,4,4,poisson,300,0.0,10,200,1c3cf8d335797eb0aa28c25385a56cc365c2844cf1231b941f3c5ff9815f98f7,100000,314493901,88029,11971,0.11971,0.5420936859440082,26553.277751900114,52066.0,0.9832012804307074,0.7771268221249052,18513,9537,0
0601469861fd530a,ablation,dynamic-combined-4x4,adaptive_db_lbt,742,frozen_online,,4,4,poisson,300,0.0,10,200,0601469861fd530aeb306e19a81c6cc6a92a78b641e0e66db11af4aa6b627601,100000,312695000,87809,12191,0.12191,0.54387243160268,26465.52204416806,52163.0,0.9831168667835433,0.7770769327954077,18508,9608,0
fbd7e611939423b9,ablation,dynamic-combined-4x4,adaptive_db_lbt,859,frozen_online,,4,4,poisson,300,0.0,10,200,fbd7e611939423b9e045c765a521543154e965b04794dc05dd4ebd45277ec585,100000,308746782,88042,11958,0.11958,0.5523694851012245,26026.00357816298,52068.0,0.9853579210511065,0.7813021353841104,18508,9615,0
d59530f8fa60427e,ablation,dynamic-combined-4x4,adaptive_db_lbt,967,frozen_online,,4,4,poisson,300,0.0,10,200,d59530f8fa60427ebebb67a42c1e8db9e91b349eef222a631c626491bea6ed9c,100000,309361731,88052,11948,0.11948,0.5512982470349572,26075.46404070692,52072.0,0.9846607685908474,0.7807350052086015,18511,9504,0
33f45834e5d24f31,ablation,dynamic-combined-4x4,adaptive_db_lbt,1081,frozen_online,,4,4,poisson,300,0.0,10,200,33f45834e5d24f319b4f2f2f953b25571a12e296e1f2c1c59758175dbed30e8a,100000,312334113,88035,11965,0.11965,0.5459982400321415,26360.703011575995,52063.0,0.9844681332579847,0.778867624430042,18509,9652,0
4e5014102a661f6c,ablation,dynamic-combined-4x4,adaptive_db_lbt,1193,frozen_online,,4,4,poisson,300,0.0,10,200,4e5014102a661f6c8495103f5fc0f23e9b51656efde8b83473c7c2fbecb4e506,100000,312282217,87973,12027,0.12027,0.5456728040328982,26377.340248962657,52079.0,0.9830287887882919,0.7781136976070634,18509,9546,0
2d6d7d3c9520d002,ablation,dynamic-combined-4x4,adaptive_db_lbt,1307,frozen_online,,4,4,poisson,300,0.0,10,200,2d6d7d3c9520d0025e78d8273985ec94432b2a3fce88a39bd8013a0439ef4a34,100000,308617077,88303,11697,0.11697,0.5541138865753693,25945.748071804745,50137.0,0.9844251840891582,0.7835125235548427,18510,9514,0
59aef13c75c226f7,ablation,dynamic-combined-4x4,adaptive_db_lbt,1429,frozen_online,,4,4,poisson,300,0.0,10,200,59aef13c75c226f7862945b38f2a98ad89c5ef83146a87de95f495e83cc79710,100000,312152519,88012,11988,0.11988,0.5460856396292608,26353.97617153766,52084.0,0.9858710412631365,0.779292893630799,18509,9499,0
570d16e6f55e2f43,ablation,dynamic-combined-4x4,adaptive_db_lbt,410,full,,4,4,poisson,300,0.0,10,200,570d16e6f55e2f43e6dddf7ea649730f996dff2f4128617ef929b36610684da1,100000,311365929,88032,11968,0.11968,0.54770482611153,26270.814107516133,52062.0,0.9838987132768476,0.7792398464627927,18510,8397,0
93d7d121748e0c07,ablation,dynamic-combined-4x4,adaptive_db_lbt,523,full,,4,4,poisson,300,0.0,10,200,93d7d121748e0c071666197f7ce058003b5045dad7cf6f4649116ff4881a5944,100000,309367799,88090,11910,0.1191,0.5515571644869219,26073.633137303877,52062.0,0.9844309385071621,0.7808463676646948,18512,8498,0
7322aa2ecef56791,ablation,dynamic-combined-4x4,adaptive_db_lbt,631,full,,4,4,poisson,300,0.0,10,200,7322aa2ecef56791b86e2c9cb7e7499d416d52553081e59b5c95df0248927c39,100000,312549068,87864,12136,0.12136,0.5444766483834148,26429.556467401202,52069.0,0.9835394405597558,0.7776193629810567,18513,8581,0
3c18614c3c00e49b,ablation,dynamic-combined-4x4,adaptive_db_lbt,742,full,,4,4,poisson,300,0.0,10,200,3c18614c3c00e49b73dd93734d56c6bdb7c53a65ee3a37a3e7d31fec6e8abe4e,100000,312874404,87864,12136,0.12136,0.5439184440284224,26461.84586140958,52144.0,0.9831104503445928,0.7772402981243384,18508,8438,0
cbb4b8c2a9fc4672,ablation,dynamic-combined-4x4,adaptive_db_lbt,859,full,,4,4,poisson,300,0.0,10,200,cbb4b8c2a9fc46720f29699b3075884e2f907c75d1956da25db89bca842e9af5,100000,308479458,87945,12055,0.12055,0.5521950800367394,26028.496844331738,52068.0,0.9851532127323898,0.7809332642563763,18508,8571,0
735cfad0d68c1de8,ablation,dynamic-combined-4x4,adaptive_db_lbt,967,full,,4,4,poisson,300,0.0,10,200,735cfad0d68c1de88aca92043a9ba7ca1e51c1838fe6bb94c4f3ae9631c2becd,100000,310042107,87915,12085,0.12085,0.5492428259107399,26184.145142025096,52066.0,0.9844184969341749,0.7796306076149716,18511,8543,0
0b294bc524211b17,ablation,dynamic-combined-4x4,adaptive_db_lbt,1081,full,,4,4,poisson,300,0.0,10,200,0b294bc524211b17ac8177c2a8f4c0c130d030bc180dc36827f231473aa7e786,100000,313421395,88204,11796,0.11796,0.545105170628189,26404.983003764344,50133.0,0.9841753263355631,0.7801814989879173,18509,8416,0
0dd891e62b2add04,ablation,dynamic-combined-4x4,adaptive_db_lbt,1193,full,,4,4,poisson,300,0.0,10,200,0dd891e62b2add04951fa3849f9da15d1855bc3aac907ef359f5633a04d9a3ff,100000,310956673,87861,12139,0.12139,0.5472486933895129,26293.335936166095,52118.0,0.9835118849708637,0.7784940261201255,18509,8304,0
633d93a22465a2ae,ablation,dynamic-combined-4x4,adaptive_db_lbt,1307,full,,4,4,poisson,300,0.0,10,200,633d93a22465a2aea71b9a93c267dfae019abb0e6f59426dec60582a3ce9beaa,100000,306527752,88293,11707,0.11707,0.5578594071312669,25757.885529818202,52022.0,0.9851211518848718,0.7837113530053795,18510,8358,0
aabbeb820844c2a5,ablation,dynamic-combined-4x4,adaptive_db_lbt,1429,full,,4,4,poisson,300,0.0,10,200,aabbeb820844c2a5581b7950519169824c1cf204823080d8f2a1fca1eda67975,100000,314066892,88158,11842,0.11842,0.5436689550836196,26480.570153148044,52081.0,0.9851555725416207,0.7786158425417466,18509,8620,0
a53acf46db071811,ablation,dynamic-combined-4x4,adaptive_db_lbt,410,no_cca_interrupt,,4,4,poisson,300,0.0,10,200,a53acf46db0718110af3123ce182f6640dc2f427402621f1eb274e96d7a9c482,100000,310255210,87782,12218,0.12218,0.5480874728904633,26250.28376284549,52068.0,0.9838174953887983,0.7787113227597539,18510,12,0
50f77fdad86fd49a,ablation,dynamic-combined-4x4,adaptive_db_lbt,523,no_cca_interrupt,,4,4,poisson,300,0.0,10,200,50f77fdad86fd49a35a57d4111e4f4fe8faf791286037218fedc22b65bb4d861,100000,308886076,87912,12088,0.12088,0.5512337176376964,26086.411312340737,52065.0,0.9843551496332661,0.7802662890903207,18512,16,0
ddd3afdab025a5fa,ablation,dynamic-combined-4x4,adaptive_db_lbt,631,no_cca_interrupt,,4,4,poisson,300,0.0,10,200,ddd3afdab025a5fa57087f08fe7418754482f913db47d8432e8fc4f9b87708b8,100000,310848575,87782,12218,0.12218,0.5469012878698254,26302.47642809944,52071.0,0.9839931152178365,0.7783724676958873,18513,14,0
97b5a1493c0f8826,ablation,dynamic-combined-4x4,adaptive_db_lbt,742,no_cca_interrupt,,4,4,poisson,300,0.0,10,200,97b5a1493c0f8826df0ebc38983f5bfbfd5b7d5e9a2b6c8d76b62e6ac6971f45,100000,310227324,87665,12335,0.12335,0.5473934172220111,26287.50616607915,52179.0,0.9840914335868371,0.7782047836029495,18508,19,0
640aa732eba7aa4f,ablation,dynamic-combined-4x4,adaptive_db_lbt,859,no_cca_interrupt,,4,4,poisson,300,0.0,10,200,640aa732eba7aa4fdcb2912f21b50f5dcedab693060ad5cc8ccb69dfa3c67f91,100000,310083194,87943,12057,0.12057,0.5493762167581387,26179.2975152101,52063.0,0.9846140362302427,0.7798122509961273,18508,23,0
9a1121819b89f43a,ablation,dynamic-combined-4x4,adaptive_db_lbt,967,no_cca_interrupt,,4,4,poisson,300,0.0,10,200,9a1121819b89f43a03e6796db6effc15a0302c21b07cd684ba006c5e02659c77,100000,309316795,87822,12178,0.12178,0.549927956546944,26148.48699523994,52063.0,0.9845323510366041,0.7796664358611827,18511,22,0
0349b87848461615,ablation,dynamic-combined-4x4,adaptive_db_lbt,1081,no_cca_interrupt,,4,4,poisson,300,0.0,10,200,0349b8784846161591ddc203214a87264dac27aadb8f58f01c6ced14e7532243,100000,311266404,87874,12126,0.12126,0.5468255706773931,26315.68466756197,52058.0,0.9844784495565532,0.7787476734113155,18509,26,0
ccd28475ca49ecf8,ablation,dynamic-combined-4x4,adaptive_db_lbt,1193,no_cca_interrupt,,4,4,poisson,300,0.0,10,200,ccd28475ca49ecf87d0df63ad2b0b065071939a906ca30c659d8720fe573d21f,100000,310630972,87711,12289,0.12289,0.5469038193654431,26311.148911667788,52080.0,0.9833553340661388,0.7779772178105273,18509,11,0
20bda77312a263af,ablation,dynamic-combined-4x4,adaptive_db_lbt,1307,no_cca_interrupt,,4,4,poisson,300,0.0,10,200,20bda77312a263afb531c30a7c5851d5192c663d40d97919c1ef27ec674f3ce3,100000,304962646,88160,11840,0.1184,0.5598522613815464,25658.68373945004,50110.0,0.985457693356412,0.7854299849126528,18510,25,0
aed164482df61a17,ablation,dynamic-combined-4x4,adaptive_db_lbt,1429,no_cca_interrupt,,4,4,poisson,300,0.0,10,200,aed164482df61a176ef89705e8ccd69205dd0c51e38bb2d74751cf285a5a2be1,100000,312283509,87996,12004,0.12004,0.5456834866038347,26371.17858117016,52065.0,0.9858770322966235,0.7791335063001527,18508,10,0
f68d6ab59ddf2245,ablation,dynamic-combined-4x4,adaptive_db_lbt,410,no_delay,,4,4,poisson,300,0.0,10,200,f68d6ab59ddf2245813ca8e92306b480bff961261edc3a6d1c344af47bb98060,100000,312409059,88029,11971,0.11971,0.5457800601102287,26366.585019483988,52062.0,0.983553804149504,0.7784757880865776,18510,11781,0
103b4199490d17dd,ablation,dynamic-combined-4x4,adaptive_db_lbt,523,no_delay,,4,4,poisson,300,0.0,10,200,103b4199490d17dd615d2e0c21ea3c70b7b509be6089d8a50f62d19fb6427db6,100000,308583555,88019,11981,0.11981,0.5525050743549831,26025.472497755964,52044.0,0.984505919367971,0.7810218312409847,18511,11809,0
5cb00a798d2c8e26,ablation,dynamic-combined-4x4,adaptive_db_lbt,631,no_delay,,4,4,poisson,300,0.0,10,200,5cb00a798d2c8e26cdc6c5146e497c78869d5e1bc50579db4305e65f0e4001fa,100000,314975411,88067,11933,0.11933,0.5414879480862079,26584.973097582304,52073.0,0.9832355637847221,0.7770266706236434,18510,11876,0
52ae898eb64691cd,ablation,dynamic-combined-4x4,adaptive_db_lbt,742,no_delay,,4,4,poisson,300,0.0,10,200,52ae898eb64691cd233ff663eab0853c9d4128211c233ac862e0f4a2f984575b,100000,312624815,87886,12114,0.12114,0.5445321575000373,26434.144962334147,52092.0,0.9832017277670817,0.7775649617557062,18509,11838,0
0204d3386a87d32e,ablation,dynamic-combined-4x4,adaptive_db_lbt,859,no_delay,,4,4,poisson,300,0.0,10,200,0204d3386a87d32e9d7d1bcb69fa773bfeb527b27d26e9a4b8f8d77107f10f5e,100000,309387292,88002,11998,0.11998,0.5509599211334123,26096.45314453258,52066.0,0.9849393008189852,0.7805940739841325,18509,11809,0
29fb84ed3a50912f,ablation,dynamic-combined-4x4,adaptive_db_lbt,967,no_delay,,4,4,poisson,300,0.0,10,200,29fb84ed3a50912ff92e5b90bc604845ccf217aabc7f7483c480021f1a274d97,100000,309164521,88046,11954,0.11954,0.5516648723092,26061.482371248778,52066.0,0.9849489564571592,0.780942276255453,18511,11856,0
9c89d6fbadbe4c3a,ablation,dynamic-combined-4x4,adaptive_db_lbt,1081,no_delay,,4,4,poisson,300,0.0,10,200,9c89d6fbadbe4c3a7935992c47b690a2d4a544a0dc834be981d31d73c0c1d947,100000,310626280,87903,12097,0.12097,0.5481739214080663,26247.73799419762,52062.0,0.984905322149155,0.7794092478524073,18509,11941,0
8534dfcef5c6950c,ablation,dynamic-combined-4x4,adaptive_db_lbt,1193,no_delay,,4,4,poisson,300,0.0,10,200,8534dfcef5c6950c0f8b81b29bfbf8e95b50c78d4c76669c23d128467b480842,100000,310555153,87996,12004,0.12004,0.5488208337666837,26211.755466654544,52132.0,0.9838407908957859,0.7794558748874899,18512,11879,0
0641d404479faec3,ablation,dynamic-combined-4x4,adaptive_db_lbt,1307,no_delay,,4,4,poisson,300,0.0,10,200,0641d404479faec36062b3ebcce1fb94131e39c3c8cdf0c71dec8c3f3a9ede6f,100000,306552839,88144,11856,0.11856,0.556863040501804,25808.68067531996,50178.0,0.9850122355638812,0.7841997586885616,18509,11750,0
4d18ec8d9901789d,ablation,dynamic-combined-4x4,adaptive_db_lbt,1429,no_delay,,4,4,poisson,300,0.0,10,200,4d18ec8d9901789d24709ad12170cb5590e578be417774ff3913017ac0625dc0,100000,313541361,88101,11899,0.11899,0.5441682477100684,26451.11408397943,52070.0,0.9852740113304133,0.7786865863468272,18509,11863,0
f2899a1641c95163,ablation,dynamic-combined-4x4,adaptive_db_lbt,410,no_queue,,4,4,poisson,300,0.0,10,200,f2899a1641c951638c7e5e971281ddc017a308ea680393351f6c682473a6be10,100000,310223087,87914,12086,0.12086,0.5488961464689441,26204.939537687984,52071.0,0.9840931442624142,0.7794007635771194,18510,7832,0
6e4f19945e7d0718,ablation,dynamic-combined-4x4,adaptive_db_lbt,523,no_queue,,4,4,poisson,300,0.0,10,200,6e4f19945e7d0718b1dd15f844e940eeeec3611762b088c5ad8ed1bb195a108f,100000,309017426,87953,12047,0.12047,0.5513485605177489,26085.242833589175,52065.0,0.9841948500562715,0.7803536368580068,18512,7712,0
eea761ea47b3251c,ablation,dynamic-combined-4x4,adaptive_db_lbt,631,no_queue,,4,4,poisson,300,0.0,10,200,eea761ea47b3251cb4a5e9f2ae02491f2354df8378d31bd4c10c40ecb53ff419,100000,311740264,87783,12217,0.12217,0.5454265381644766,26383.561310168043,52081.0,0.9837522900003225,0.7777964427215998,18513,7856,0
b1099bbbf0123b4c,ablation,dynamic-combined-4x4,adaptive_db_lbt,742,no_queue,,4,4,poisson,300,0.0,10,200,b1099bbbf0123b4c15751eab7c288b0d33d8e3918c0559775b689d83e02c1801,100000,312334057,87910,12090,0.1209,0.5451786002318665,26396.4782143751,52094.0,0.9833970313386897,0.7779042105235188,18508,7760,0
9e331ad7ec58a6be,ablation,dynamic-combined-4x4,adaptive_db_lbt,859,no_queue,,4,4,poisson,300,0.0,10,200,9e331ad7ec58a6beda96600fbb48d8b6ba19326ffda3d2d3330edc7891a3077c,100000,308595534,87991,12009,0.12009,0.5522458727481131,26028.65629723924,52070.0,0.985223200006568,0.7810871909182271,18508,7761,0
b8f8f147b6d2c0fa,ablation,dynamic-combined-4x4,adaptive_db_lbt,967,no_queue,,4,4,poisson,300,0.0,10,200,b8f8f147b6d2c0fae9f7520f850274b331f790c81813b5f0a5b44dba70816856,100000,309497808,88120,11880,0.1188,0.5514369620349622,26069.28993780643,52070.0,0.9849118344988049,0.7810362655112557,18511,7607,0
5cb1b04c6f6055ea,ablation,dynamic-combined-4x4,adaptive_db_lbt,1081,no_queue,,4,4,poisson,300,0.0,10,200,5cb1b04c6f6055eafe8b048de34b9bd4f600a8aa94b1294c91b419c842e49f40,100000,313969648,87970,12030,0.1203,0.5426669300212102,26529.70341738478,52072.0,0.9835281875786356,0.7772753725332819,18509,7848,0
bff67e0b1bdc205e,ablation,dynamic-combined-4x4,adaptive_db_lbt,1193,no_queue,,4,4,poisson,300,0.0,10,200,bff67e0b1bdc205eb6d69c16fd146d60bc9288d9e0b11be0a7d182b8392b58ac,100000,311158712,87832,12168,0.12168,0.5466886782845405,26320.26087402077,52096.0,0.9833800159226923,0.7782055647357442,18509,7804,0
b8a429c9c23ec828,ablation,dynamic-combined-4x4,adaptive_db_lbt,1307,no_queue,,4,4,poisson,300,0.0,10,200,b8a429c9c23ec8289d596d659b954673fbd923815f3dd0dfddab783481b777f1,100000,306055498,88315,11685,0.11685,0.5589447669389687,25709.730734822835,50093.0,0.9854053858714401,0.7855088842701363,18510,7630,0
e435ab205c33fc01,ablation,dynamic-combined-4x4,adaptive_db_lbt,1429,no_queue,,4,4,poisson,300,0.0,10,200,e435ab205c33fc01d4970daee0039df9db53140f1a1e258c1945d8b47490d1f6,100000,310816845,87936,12064,0.12064,0.5479316991329733,26256.822866436174,52065.0,0.9863618143919376,0.7798945045083037,18509,7967,0
bd71dfb85e2ba830,heldout,asymmetric-4x8,adaptive_db_lbt,410,,,4,8,saturated,,0.0,,,bd71dfb85e2ba830644aa1ce902c7bb0d2d77c8a1cf6cb747c153f90ca5749fa,100000,200183329,99965,35,0.00035,0.9572384871269675,22028.28899582804,22022.0,0.9990552599241338,0.9706624156837004,37479,32715,0
f2e446ff7261df7c,heldout,asymmetric-4x8,adaptive_db_lbt,523,,,4,8,saturated,,0.0,,,f2e446ff7261df7c4174b4c31092be98e90423d9e9ecca70f570e02a0bedfcac,100000,200183328,99972,28,0.00028,0.9573445946507593,22026.846448579432,22022.0,0.9990643925886479,0.9707183290798024,37483,32724,0
f017d2ebf982da21,heldout,asymmetric-4x8,adaptive_db_lbt,631,,,4,8,saturated,,0.0,,,f017d2ebf982da2143a44d2a255822ab771714179a94cc3a6893be0f3bf47cd6,100000,200183329,99980,20,0.0002,0.9574623019682124,22025.16397247119,22022.0,0.9990686209855021,0.9707789743179047,37484,32721,0
5b140a7ea58c02be,heldout,asymmetric-4x8,adaptive_db_lbt,742,,,4,8,saturated,,0.0,,,5b140a7ea58c02be23ee8c059f8114d610b1f63c0dc1dcf6e9955913df57a322,100000,200183320,99984,16,0.00016,0.9574159725195885,22024.482455087425,22022.0,0.9990609709765251,0.9707709811653712,37479,32721,0
e7647caa18b39361,heldout,asymmetric-4x8,adaptive_db_lbt,859,,,4,8,saturated,,0.0,,,e7647caa18b393614a6cb68eb6299772d027c88497702332fb29b3ae9387e38e,100000,200183320,99979,21,0.00021,0.957414993417034,22025.303430131942,22022.0,0.9990609527529623,0.9707581487233321,37480,32721,0
23423eb75bdc4b0f,heldout,asymmetric-4x8,adaptive_db_lbt,967,,,4,8,saturated,,0.0,,,23423eb75bdc4b0f4b9e5cf34caf6e974ce0352604c7ae8acab74cf48ddb8808,100000,200183330,99975,25,0.00025,0.9573360029528932,22026.566059441993,22022.0,0.9990544901879674,0.970719664380287,37479,32722,0
005b39dc90e98dd6,heldout,asymmetric-4x8,adaptive_db_lbt,1081,,,4,8,saturated,,0.0,,,005b39dc90e98dd629a49d3af469bc0941c7d4a66f4aa663d79cdc3dd25afafc,100000,200183326,99976,24,0.00024,0.9574244809979828,22026.145042215197,22022.0,0.9990667774294802,0.9707557528091545,37480,32677,0
d996109b5a29fd04,heldout,asymmetric-4x8,adaptive_db_lbt,1193,,,4,8,saturated,,0.0,,,d996109b5a29fd04af5d6d7e5641dc5277adbd84fd9e872343c4390945725c80,100000,200183320,99988,12,0.00012,0.9575783986398068,22023.561034648315,22022.0,0.999067301271071,0.9708372333036259,37477,32747,0
449c216d085cb5b9,heldout,asymmetric-4x8,adaptive_db_lbt,1307,,,4,8,saturated,,0.0,,,449c216d085cb5b952d8c958f9ec39020c666f9587bd9d0892fd1a0b0bac50d1,100000,200183338,99949,51,0.00051,0.9571621939883928,22032.59752644166,22022.0,0.9990665756107109,0.9706007565330346,37479,32677,0
4541916966d301a0,heldout,asymmetric-4x8,adaptive_db_lbt,1429,,,4,8,saturated,,0.0,,,4541916966d301a043c36a70356e201d2900abe0182926e5b33cf36da552b4c5,100000,200183331,99974,26,0.00026,0.9573697322480861,22026.74626358016,22022.0,0.9990615569680791,0.9707307630720551,37482,32723,0
66b5d7b17415b23e,heldout,asymmetric-4x8,fixed_oracle,410,,,4,8,saturated,,0.0,,,66b5d7b17415b23ed59e8f1fda1fa9ea5941060c2f9db4057645cd3179440580,100000,200183322,99977,23,0.00023,0.9574374033017595,22025.403871354974,22022.0,0.9990633671794067,0.9707614234937222,37479,0,0
d924c94bf096e9a5,heldout,asymmetric-4x8,fixed_oracle,523,,,4,8,saturated,,0.0,,,d924c94bf096e9a5f960e236f7340a9dfb442356f8abc55ef42f39275cce740c,100000,200183326,99976,24,0.00024,0.9573866656606554,22025.88478852387,22022.0,0.9990623450312042,0.9707416702306199,37483,0,0
05e45e793eccc788,heldout,asymmetric-4x8,fixed_oracle,631,,,4,8,saturated,,0.0,,,05e45e793eccc78865ce41441549e0a488354f934537e6d9c9b6e5968f0ef029,100000,200183329,99980,20,0.0002,0.9574623019682124,22025.16397247119,22022.0,0.9990686209855021,0.9707789743179047,37484,0,0
4b98dc3579593044,heldout,asymmetric-4x8,fixed_oracle,742,,,4,8,saturated,,0.0,,,4b98dc35795930442807c02074c2e8cacfb89d13e5f9b0ebd7d53182556364e5,100000,200183320,99984,16,0.00016,0.9574159725195885,22024.482455087425,22022.0,0.9990609709765251,0.9707709811653712,37479,0,0
366da465f5b1f014,heldout,asymmetric-4x8,fixed_oracle,859,,,4,8,saturated,,0.0,,,366da465f5b1f014e35cd34baca4c35726f13bfd9ecb78652588988d1f43bf45,100000,200183320,99979,21,0.00021,0.957414993417034,22025.303430131942,22022.0,0.9990609527529623,0.9707581487233321,37480,0,0
c62fbfb26cbc9c11,heldout,asymmetric-4x8,fixed_oracle,967,,,4,8,saturated,,0.0,,,c62fbfb26cbc9c11df1813466ace98c867ab3e83fbf31412470c8501829da01f,100000,200183330,99976,24,0.00024,0.9574700400877536,22026.325577207794,22022.0,0.9990608646961017,0.9707689682612851,37479,0,0
c4b6390e7149ea94,heldout,asymmetric-4x8,fixed_oracle,1081,,,4,8,saturated,,0.0,,,c4b6390e7149ea9476a22b415fe4b8a8639582ca042d3b7670ecf58df417e2e1,100000,200183329,99973,27,0.00027,0.9573113753143749,22026.866427906883,22022.0,0.9990615015385287,0.9707087922843012,37480,0,0
077b6782881e4d05,heldout,asymmetric-4x8,fixed_oracle,1193,,,4,8,saturated,,0.0,,,077b6782881e4d05eec63c6339744b1d45f23d688f85f15da2a2589049173df5,100000,200183320,99988,12,0.00012,0.9575783986398068,22023.561034648315,22022.0,0.999067301271071,0.9708372333036259,37477,0,0
96fb44e22291b685,heldout,asymmetric-4x8,fixed_oracle,1307,,,4,8,saturated,,0.0,,,96fb44e22291b6854fe6280babb93ac7142c15dbc11be5731cbb6240c631bee3,100000,200183332,99968,32,0.00032,0.9573453598024835,22028.028402497097,22022.0,0.9990657519751281,0.970709037259204,37479,0,0
6f1291760284c096,heldout,asymmetric-4x8,fixed_oracle,1429,,,4,8,saturated,,0.0,,,6f1291760284c0961ef62dc375d477dbe7acb99142d83eba8ed9d54724e2cab4,100000,200183332,99969,31,0.00031,0.9572778816570003,22027.948327780945,22022.0,0.9990571923747382,0.970686191343913,37482,0,0
3fe7afaffd231081,heldout,asymmetric-4x8,primary_db_lbt,410,,,4,8,saturated,,0.0,,,3fe7afaffd23108198a61d3a3ae65dcfb3d2b4cf95fa4ca47031126474cd8348,100000,200183327,99989,11,0.00011,0.9575515797077346,22022.42018664293,22022.0,0.9990619717529376,0.9708290171535574,0,0,0
8ff463e9367ac6ac,heldout,asymmetric-4x8,primary_db_lbt,523,,,4,8,saturated,,0.0,,,8ff463e9367ac6ac588be12bf62ca0f8c0c762aab2bfd1e12c204043697e433d,100000,200183337,99978,22,0.00022,0.9574068045433771,22021.519756717284,22022.0,0.9990535688676927,0.9707504578036898,0,0,0
12b52ba8cf9c1ba5,heldout,asymmetric-4x8,primary_db_lbt,631,,,4,8,saturated,,0.0,,,12b52ba8cf9c1ba5ed52650c051c556f8a55010c507b5aeb9dba0748eba138f9,100000,200183332,99985,15,0.00015,0.9575081605695324,22021.73968971622,22022.0,0.999069334850187,0.9708069984732397,0,0,0
2ab5d81724a4be97,heldout,asymmetric-4x8,primary_db_lbt,742,,,4,8,saturated,,0.0,,,2ab5d81724a4be9748c07c3b3d733064af859f23a5b257731fedbaa28c04df2d,100000,200183337,99977,23,0.00023,0.957432346129788,22020.959135697492,22022.0,0.999068499503678,0.9707614485444886,0,0,0
eac91e68b91c1c26,heldout,asymmetric-4x8,primary_db_lbt,859,,,4,8,saturated,,0.0,,,eac91e68b91c1c264dbd39ff6a9f5f24aa0e2bc3be7b75d9cfdbd489368d74ed,100000,200183335,99978,22,0.00022,0.9574464477774836,22022.180601404478,22022.0,0.999062410093014,0.9707666192901658,0,0,0
9897f3ae3fda1879,heldout,asymmetric-4x8,primary_db_lbt,967,,,4,8,saturated,,0.0,,,9897f3ae3fda1879cad3efb7be9c093eb0476f4c201aff36876613db888604cd,100000,200183346,99968,32,0.00032,0.9573472360682791,22021.840349753893,22022.0,0.9990698492823671,0.9707110284502154,0,0,0
3f1fbaa5ee9ca073,heldout,asymmetric-4x8,primary_db_lbt,1081,,,4,8,saturated,,0.0,,,3f1fbaa5ee9ca0734ea3e2fe3e5c8299177c9cffd5de00165d3c31b697a4d05e,100000,200183331,99989,11,0.00011,0.9574205156971836,22021.439361053042,22022.0,0.9990612448236075,0.9707850868402637,0,0,0
be1baae7227a3582,heldout,asymmetric-4x8,primary_db_lbt,1193,,,4,8,saturated,,0.0,,,be1baae7227a3582bbddd93f2a2e7ffd55615227b7b712a7226616c219f0a71d,100000,200183331,99986,14,0.00014,0.9575641140670199,22022.36062376218,22022.0,0.9990652500833666,0.9708267880501288,0,0,0
95ddf760991112e4,heldout,asymmetric-4x8,primary_db_lbt,1307,,,4,8,saturated,,0.0,,,95ddf760991112e4ae20998d05a6332bf8bc7761c641847ad3a46a7099ca541e,100000,200183337,99976,24,0.00024,0.9573880017795887,22021.659967588334,22022.0,0.9990556225315278,0.9707398747703723,0,0,0
8bdb5c1b094a97d3,heldout,asymmetric-4x8,primary_db_lbt,1429,,,4,8,saturated,,0.0,,,8bdb5c1b094a97d34f857b9f29e98bc5063edf8b6b1c4781c4a4abbec29aafee,100000,200183331,99990,10,0.0001,0.9574744112935157,22021.87972353918,22022.0,0.9990637274029799,0.9708063795654985,0,0,0
d6d22fca19907ab1,heldout,asymmetric-4x8,random_lbt,410,,,4,8,saturated,,0.0,,,d6d22fca19907ab1f62efccc953c9f1be4215705e654fe48f40ae6f934ce73ec,100000,200175104,70146,29854,0.29854,0.6718634401209054,32229.247369321583,132099.0,0.9979250102555632,0.7272284834588228,0,0,0
344a79913efe159d,heldout,asymmetric-4x8,random_lbt,523,,,4,8,saturated,,0.0,,,344a79913efe159d90cffa5415584dd0f691088dabdec3f6ef66ce6e36fb2c7e,100000,200175048,70084,29916,0.29916,0.6712537218924508,32258.695955588537,132112.0,0.9988203763778505,0.7271600327567671,0,0,0
ef3609a5dfcb0a2c,heldout,asymmetric-4x8,random_lbt,631,,,4,8,saturated,,0.0,,,ef3609a5dfcb0a2c74ec368bedffd6061bde728f87a60d09873a3d8198d35ff0,100000,200174881,70162,29838,0.29838,0.6720163155735809,32228.79332858161,132112.0,0.9981039960433735,0.7273704372056514,0,0,0
2ba2df62392ea58f,heldout,asymmetric-4x8,random_lbt,742,,,4,8,saturated,,0.0,,,2ba2df62392ea58fe6258ae6dd52f05c7c0ddcb6b95d7a8eee7c6f3abf2721cd,100000,200174871,70107,29893,0.29893,0.671323619836378,32248.622555103786,132105.0,0.9991841921765581,0.7273667706709788,0,0,0
4fce052b5541acbc,heldout,asymmetric-4x8,random_lbt,859,,,4,8,saturated,,0.0,,,4fce052b5541acbc33f3e85eebc256e9e89f40e243843a82f4cd9dc02d6c61c9,100000,200175146,70157,29843,0.29843,0.6718763826953822,32228.851293748663,132106.0,0.9984316392276137,0.7274245073076653,0,0,0
14205b69f21e3db8,heldout,asymmetric-4x8,random_lbt,967,,,4,8,saturated,,0.0,,,14205b69f21e3db8e74daab2f6eac79dec4b811c1a5e1153c9dc12df5adc6b5f,100000,200173908,70265,29735,0.29735,0.6726108030023573,32172.74369777803,132121.0,0.9992434508374944,0.7281999179466172,0,0,0
39637d1ad7c720a4,heldout,asymmetric-4x8,random_lbt,1081,,,4,8,saturated,,0.0,,,39637d1ad7c720a4db455688f70a4d89c4376755d46a75c2a5c94930c940d52e,100000,200174196,70257,29743,0.29743,0.6727191850442102,32178.936835361947,132109.0,0.999158006844044,0.7281955639627515,0,0,0
51b00008ae0bd6c2,heldout,asymmetric-4x8,random_lbt,1193,,,4,8,saturated,,0.0,,,51b00008ae0bd6c24091998725de1211cb9acbc1d242107f971d570d48b258ca,100000,200175523,69986,30014,0.30014,0.6702098487835598,32314.193886300625,132123.0,0.9982462180721305,0.7263683556185635,0,0,0
cd081872021bbf79,heldout,asymmetric-4x8,random_lbt,1307,,,4,8,saturated,,0.0,,,cd081872021bbf79bdf803d946ffe2489275af46a76595e854b6edb814d5cea5,100000,200174544,70232,29768,0.29768,0.6723050509359472,32193.130475647962,132123.0,0.9996128929646859,0.7281373146335443,0,0,0
61c2e97820d06d1d,heldout,asymmetric-4x8,random_lbt,1429,,,4,8,saturated,,0.0,,,61c2e97820d06d1d4e1e2b222cea1ee24defa3eb3a9c4a13d14d58bc896eee55,100000,200174535,70189,29811,0.29811,0.6723324772554111,32208.746711885662,132112.0,0.9980621523734476,0.7275293765429529,0,0,0
50205257ac2d7d18,heldout,asymmetric-4x8,tmc_db_lbt,410,,,4,8,saturated,,0.0,,,50205257ac2d7d18185edd98ec4f06c2b13d1cc2cd8cab31015b6fe410c3a9ae,100000,200183322,99977,23,0.00023,0.9574343560948599,22025.404091432,22022.0,0.9990618750253812,0.9707599103734137,0,0,0
6fa840650e1f556d,heldout,asymmetric-4x8,tmc_db_lbt,523,,,4,8,saturated,,0.0,,,6fa840650e1f556d3c3dad2675c1350c71c72dbd93cdf49254c1e9d1d6251fc6,100000,200183328,99972,28,0.00028,0.9573445946507593,22026.846448579432,22022.0,0.9990643925886479,0.9707183290798024,0,0,0
e03252917e0b944b,heldout,asymmetric-4x8,tmc_db_lbt,631,,,4,8,saturated,,0.0,,,e03252917e0b944bc841b8d8017c3ca70f5de5cebbcfc5b63474f8a6371ebe4d,100000,200183329,99980,20,0.0002,0.9574623019682124,22025.16397247119,22022.0,0.9990686209855021,0.9707789743179047,0,0,0
3aea873ae715d260,heldout,asymmetric-4x8,tmc_db_lbt,742,,,4,8,saturated,,0.0,,,3aea873ae715d260a69acf73e614120caf3fc974767a168e6d5602bba168b500,100000,200183320,99984,16,0.00016,0.9574159725195885,22024.482455087425,22022.0,0.9990609709765251,0.9707709811653712,0,0,0
3a90258376f32fb3,heldout,asymmetric-4x8,tmc_db_lbt,859,,,4,8,saturated,,0.0,,,3a90258376f32fb3c406d44c162aa540cdd90b41d7406217beac8b4b8acdceb4,100000,200183320,99979,21,0.00021,0.957414993417034,22025.303430131942,22022.0,0.9990609527529623,0.9707581487233321,0,0,0
25481d088389cc0f,heldout,asymmetric-4x8,tmc_db_lbt,967,,,4,8,saturated,,0.0,,,25481d088389cc0f1e8701905b8563a7132c5303f5cc82cdad8aec4b7bbfcc61,100000,200183330,99975,25,0.00025,0.9573360029528932,22026.566059441993,22022.0,0.9990544901879674,0.970719664380287,0,0,0
c5131f9b5716b649,heldout,asymmetric-4x8,tmc_db_lbt,1081,,,4,8,saturated,,0.0,,,c5131f9b5716b6495861cbe8aaf1a6313eacdef131b1e917bf49116db0cda7e0,100000,200183326,99976,24,0.00024,0.9574244809979828,22026.145042215197,22022.0,0.9990667774294802,0.9707557528091545,0,0,0
3919d5c484ba70fb,heldout,asymmetric-4x8,tmc_db_lbt,1193,,,4,8,saturated,,0.0,,,3919d5c484ba70fb7426d3fa410aa1569e32b8d35ecdae844bf0c99e1d2253a4,100000,200183320,99988,12,0.00012,0.9575783986398068,22023.561034648315,22022.0,0.999067301271071,0.9708372333036259,0,0,0
0362247be770a605,heldout,asymmetric-4x8,tmc_db_lbt,1307,,,4,8,saturated,,0.0,,,0362247be770a605081047f6d39841aad0550572a9e3a26d8dcf0b14484c58a3,100000,200183333,99955,45,0.00045,0.9570949995122721,22031.15453808671,22022.0,0.9990634005762077,0.9705923000294934,0,0,0
0fda776930222e49,heldout,asymmetric-4x8,tmc_db_lbt,1429,,,4,8,saturated,,0.0,,,0fda776930222e496c60c4e2868ba728c16dfcfbb66ab4ad1320675bd6331e89,100000,200183330,99975,25,0.00025,0.9573800625656492,22026.505867170854,22022.0,0.9990592969736151,0.9707359531797548,0,0,0
c4a6ce063e6755f5,heldout,asymmetric-8x4,adaptive_db_lbt,410,,,8,4,saturated,,0.0,,,c4a6ce063e6755f505ab0adcb4159ebaad8bd3e31aaf1136be4e055e26c70788,100000,200183331,99969,31,0.00031,0.9780047570494269,22027.707904398892,22022.0,0.999098768626099,0.9776090085585089,37482,33100,0
4bfbab23be3027ce,heldout,asymmetric-8x4,adaptive_db_lbt,523,,,8,4,saturated,,0.0,,,4bfbab23be3027ce9170641f2d86ca1979a73da86978256479b7ba464131a717,100000,200183321,99991,9,9e-05,0.9783028577091095,22023.24066053871,22022.0,0.9991030808662437,0.977764812858451,37476,33098,0
90a38eacdc3183bd,heldout,asymmetric-8x4,adaptive_db_lbt,631,,,8,4,saturated,,0.0,,,90a38eacdc3183bd2c45da68f78629fb28b46acd3a096a58c821bcc634fc8b42,100000,200183321,99984,16,0.00016,0.9781927985898485,22024.14195974873,22022.0,0.9991011355111648,0.9777099780336711,37480,33089,0
c988dcfd4cbf6b92,heldout,asymmetric-8x4,adaptive_db_lbt,742,,,8,4,saturated,,0.0,,,c988dcfd4cbf6b9253bb251705a6ba642b278e9ae2ad3d1f9c0e8c5d272b34fe,100000,200183320,99971,29,0.00029,0.9780281444028404,22025.524435018357,22022.0,0.9990943599356047,0.9776203347794817,37481,33073,0
a03915a182ec9a5a,heldout,asymmetric-8x4,adaptive_db_lbt,859,,,8,4,saturated,,0.0,,,a03915a182ec9a5af13713cedd3fd1ab2b7a3e035962c1a2408c6d8105e2427d,100000,200183326,99987,13,0.00013,0.9782193547928163,22024.142305576395,22022.0,0.9991047795915915,0.9777275447948025,37478,33111,0
8c917fb924375378,heldout,asymmetric-8x4,adaptive_db_lbt,967,,,8,4,saturated,,0.0,,,8c917fb9243753789ab4480e1215411d20e02c90bcc92467d3cf4a06458c569d,100000,200183326,99986,14,0.00014,0.9782521547274122,22023.94185488227,22022.0,0.9991063777701524,0.9777365108325214,37479,33087,0
d0c078b88d25ee13,heldout,asymmetric-8x4,adaptive_db_lbt,1081,,,8,4,saturated,,0.0,,,d0c078b88d25ee130ef460d1d59777b420576f4f0492e796dbc9dbf1b70b29c9,100000,200183327,99975,25,0.00025,0.9780616544553683,22025.584596300632,22022.0,0.99909990231912,0.9776433522581629,37480,33109,0
9965bf251027d3e3,heldout,asymmetric-8x4,adaptive_db_lbt,1193,,,8,4,saturated,,0.0,,,9965bf251027d3e3be7535bf2719fadf61424415a2bf54be4e6e14c5b075885c,100000,200183330,99966,34,0.00034,0.9780151174425963,22027.968655581568,22022.0,0.9991022928500917,0.9776061367642294,37482,33058,0
8f7fac95b7c3f648,heldout,asymmetric-8x4,adaptive_db_lbt,1307,,,8,4,saturated,,0.0,,,8f7fac95b7c3f648c63f683f3efee250cc689619f226bb574b63f1986e6cbb6a,100000,200183323,99969,31,0.00031,0.9779631892712661,22026.966265494164,22022.0,0.9990938102478282,0.9775934998396981,37483,33070,0
afec9cc6b8da1384,heldout,asymmetric-8x4,adaptive_db_lbt,1429,,,8,4,saturated,,0.0,,,afec9cc6b8da13847da374542f36790978b2da2b452bc05339861e2da9a0cd2b,100000,200183330,99965,35,0.00035,0.9780098872368643,22028.128910587977,22022.0,0.9990940041790873,0.9775991304719839,37481,33080,0
d1639d425e0d6e7c,heldout,asymmetric-8x4,fixed_oracle,410,,,8,4,saturated,,0.0,,,d1639d425e0d6e7c7e31fbdb3cc9416a6a79b5c654713e0045e856e47a95a4b6,100000,200183328,99972,28,0.00028,0.9780335203539028,22026.986604641857,22022.0,0.9990987117374339,0.9776260773637789,37482,0,0
52a1aa4daffd8488,heldout,asymmetric-8x4,fixed_oracle,523,,,8,4,saturated,,0.0,,,52a1aa4daffd84881b0db71dc8ea89f61a83ea00b7b1166f95d53ef86f8c1f11,100000,200183321,99991,9,9e-05,0.9783028577091095,22023.24066053871,22022.0,0.9991030808662437,0.977764812858451,37476,0,0
571dd430cea1a376,heldout,asymmetric-8x4,fixed_oracle,631,,,8,4,saturated,,0.0,,,571dd430cea1a376a5dcfaffbdcf9c823aacbe2e30aaee04241a717888e48aed,100000,200183321,99984,16,0.00016,0.9781927985898485,22024.14195974873,22022.0,0.9991011355111648,0.9777099780336711,37480,0,0
7f4e16575daad2dd,heldout,asymmetric-8x4,fixed_oracle,742,,,8,4,saturated,,0.0,,,7f4e16575daad2dda5e2a8508ed154e413976cad03eb536f1bcc681aa87ccc92,100000,200183320,99970,30,0.0003,0.9781009776438916,22025.764931271133,22022.0,0.999102069184171,0.9776446822760209,37481,0,0
50940882ed801840,heldout,asymmetric-8x4,fixed_oracle,859,,,8,4,saturated,,0.0,,,50940882ed80184095a84d16932c14f1916f0491b21fb4d3859b36d950ebe57c,100000,200183326,99987,13,0.00013,0.9782193547928163,22024.142305576395,22022.0,0.9991047795915915,0.9777275447948025,37478,0,0
6a6f7be66b44bf01,heldout,asymmetric-8x4,fixed_oracle,967,,,8,4,saturated,,0.0,,,6a6f7be66b44bf0113498253dd0d5fdc1fd46714a3da72f6593a814beeed24da,100000,200183326,99986,14,0.00014,0.9782521547274122,22023.94185488227,22022.0,0.9991063777701524,0.9777365108325214,37479,0,0
14df02879365c6cd,heldout,asymmetric-8x4,fixed_oracle,1081,,,8,4,saturated,,0.0,,,14df02879365c6cdca9c05966e823b0b3448dbe73beb0a14fd640ac576b42bff,100000,200183327,99972,28,0.00028,0.9780745026782375,22026.305662264906,22022.0,0.999101042138681,0.9776405149389729,37480,0,0
dfba048e255c9528,heldout,asymmetric-8x4,fixed_oracle,1193,,,8,4,saturated,,0.0,,,dfba048e255c95285d126ddcacdbf25b324d49627c68bcbc47c466d7278ed71e,100000,200183328,99961,39,0.00039,0.9780056808726849,22029.170446927932,22022.0,0.9991104786970718,0.9775932198565855,37482,0,0
b8de5392abe627cf,heldout,asymmetric-8x4,fixed_oracle,1307,,,8,4,saturated,,0.0,,,b8de5392abe627cf509ef3db16042152190d1d86dde3c79c409c0ba439d2d3be,100000,200183323,99969,31,0.00031,0.9779631892712661,22026.966265494164,22022.0,0.9990938102478282,0.9775934998396981,37483,0,0
d5cf013739a6f164,heldout,asymmetric-8x4,fixed_oracle,1429,,,8,4,saturated,,0.0,,,d5cf013739a6f164b8567090fbba58baa8e41b1c9912783a13fe371faaf21bf0,100000,200183330,99959,41,0.00041,0.9778700304366003,22029.571432859415,22022.0,0.9990868095900067,0.9775351133422023,37481,0,0
cd2ea3a45a14e35a,heldout,asymmetric-8x4,primary_db_lbt,410,,,8,4,saturated,,0.0,,,cd2ea3a45a14e35af33d01da59f895ef52113b7dd7ced3046b6f9beea4858ae6,100000,200183332,99990,10,0.0001,0.9782934924871767,22022.280231650962,22022.0,0.999104824693562,0.9777597723935795,0,0,0
a5e896fbaaf3eb7d,heldout,asymmetric-8x4,primary_db_lbt,523,,,8,4,saturated,,0.0,,,a5e896fbaaf3eb7dce5c679e7fdebaf5b509527ab4c00bb77e323c0e17deec3c,100000,200183333,99983,17,0.00017,0.9781483206696334,22022.841183943343,22022.0,0.9990932546123273,0.9776900250939871,0,0,0
d9aa062b2054397a,heldout,asymmetric-8x4,primary_db_lbt,631,,,8,4,saturated,,0.0,,,d9aa062b2054397a47b201690ea262a297406d1e201d9ece450911b49d0c06e9,100000,200183328,99990,10,0.0001,0.978328834657,22021.89958790934,22022.0,0.9991131350655078,0.9777743232408359,0,0,0
ecd0828efdfafd17,heldout,asymmetric-8x4,primary_db_lbt,742,,,8,4,saturated,,0.0,,,ecd0828efdfafd17e09e6eec68a5c51dca4e733be1a344ebde3fe956dfa68eb4,100000,200183337,99976,24,0.00024,0.9780737045061847,22023.00187067344,22022.0,0.999098311682677,0.9776493387296207,0,0,0
f5afe703bd79b041,heldout,asymmetric-8x4,primary_db_lbt,859,,,8,4,saturated,,0.0,,,f5afe703bd79b041c629e5a57b2ef03175adec63daa3749ba9bce35d9c94b187,100000,200183338,99974,26,0.00026,0.9780976526627806,22021.419729497207,22022.0,0.9990977168026113,0.9776521231551307,0,0,0
97cd79d6fd113e1c,heldout,asymmetric-8x4,primary_db_lbt,967,,,8,4,saturated,,0.0,,,97cd79d6fd113e1c8f8536c16966a13d201ccf1a1f6e0d9c99c7b39a4e0fd338,100000,200183331,99990,10,0.0001,0.9782946762935022,22021.93983676409,22022.0,0.9991023605243312,0.9777593456059445,0,0,0
b6db7d74c70e57bf,heldout,asymmetric-8x4,primary_db_lbt,1081,,,8,4,saturated,,0.0,,,b6db7d74c70e57bf6317dee998548a7f36e71de50c28516cd85aae7d2fd57035,100000,200183329,99990,10,0.0001,0.9782090995199705,22022.28017163776,22022.0,0.9990973582836356,0.977729152601202,0,0,0
1ad9028cfadb30ab,heldout,asymmetric-8x4,primary_db_lbt,1193,,,8,4,saturated,,0.0,,,1ad9028cfadb30ab4672d7fc6855fbcd036c884318063236d452dd90a54e667e,100000,200183340,99974,26,0.00026,0.9780476986746249,22023.182369300335,22022.0,0.9991024710106599,0.9776370565617617,0,0,0
232d9d107dcd298f,heldout,asymmetric-8x4,primary_db_lbt,1307,,,8,4,saturated,,0.0,,,232d9d107dcd298f31a02d726e1d94d025b08966abb5cc6f524ffa9c1a0477eb,100000,200183335,99979,21,0.00021,0.9781474217122019,22023.021447077535,22022.0,0.9991022776644445,0.9776827331255488,0,0,0
7a6bffb6fed928db,heldout,asymmetric-8x4,primary_db_lbt,1429,,,8,4,saturated,,0.0,,,7a6bffb6fed928dbbd65305468408c429017d40b65490d02bdfc1db29def5b3d,100000,200183330,99990,10,0.0001,0.9782890863090348,22022.03984876673,22022.0,0.9991083378256753,0.9777594747115699,0,0,0
257f0a57f94b5048,heldout,asymmetric-8x4,random_lbt,410,,,8,4,saturated,,0.0,,,257f0a57f94b50481c4146250e528869447541dbb2b14e273ae6ed16926506ab,100000,200175574,70059,29941,0.29941,0.685360082943986,32280.21404200037,132110.0,0.9988846293742998,0.7318224041060953,0,0,0
ea2eb9cb72a321c5,heldout,asymmetric-8x4,random_lbt,523,,,8,4,saturated,,0.0,,,ea2eb9cb72a321c5b2e263532f8d597192abe9e80d84071b17bdb8837f39826a,100000,200175208,70070,29930,0.2993,0.6856117466854337,32268.883025493164,132114.0,0.9987385539641196,0.731882433549851,0,0,0
f392d52850c21fcc,heldout,asymmetric-8x4,random_lbt,631,,,8,4,saturated,,0.0,,,f392d52850c21fccb3e81312dca221e62a7704625ca24860c735bc5b3e70cb82,100000,200174916,70128,29872,0.29872,0.6860769308378278,32243.54019054139,132120.0,0.999022394943779,0.732273108593869,0,0,0
4d7f1e8f56b38145,heldout,asymmetric-8x4,random_lbt,742,,,8,4,saturated,,0.0,,,4d7f1e8f56b381459991f8d2dedb72066af5924f307640230367b316ad19861c,100000,200174271,70122,29878,0.29878,0.6861472571567402,32246.074996434174,132124.0,0.9985273305061787,0.7321138625543063,0,0,0
84b809642ae6bf27,heldout,asymmetric-8x4,random_lbt,859,,,8,4,saturated,,0.0,,,84b809642ae6bf27b8d005a50d554ee7bb377d1d5f8cb440581bc193e263caca,100000,200175700,70048,29952,0.29952,0.6853333696347759,32284.64985150494,132116.0,0.999073885418741,0.7318450850178391,0,0,0
d0d6f3ba67be51eb,heldout,asymmetric-8x4,random_lbt,967,,,8,4,saturated,,0.0,,,d0d6f3ba67be51ebe00f6c19a9eca9717c7d9be25f58837a916cbf80501668ca,100000,200175644,70022,29978,0.29978,0.6853250188619351,32295.886001999716,132115.0,0.9975511291112198,0.7312703826577183,0,0,0
a012fa226e196735,heldout,asymmetric-8x4,random_lbt,1081,,,8,4,saturated,,0.0,,,a012fa226e1967358802f7e681ac781eb85c528e0a87f59ea0ce28753ef2c17f,100000,200175481,70001,29999,0.29999,0.684789577201016,32306.861178185143,132113.0,0.9986528586723429,0.731407978624453,0,0,0
23644ff52838befd,heldout,asymmetric-8x4,random_lbt,1193,,,8,4,saturated,,0.0,,,23644ff52838befd8e577fcbae79dc4c19b28f571f95157d7b7b8975d9fe14e7,100000,200174820,70096,29904,0.29904,0.685866993660841,32252.188402488442,132126.0,0.998904814506797,0.7320799360558794,0,0,0
e36bf2c0d195b5e3,heldout,asymmetric-8x4,random_lbt,1307,,,8,4,saturated,,0.0,,,e36bf2c0d195b5e3f9bc1671f094b789922621faccfd10a769c7fc2b94825433,100000,200174315,70152,29848,0.29848,0.6864471148558695,32231.177986883376,132110.0,0.9988898501152244,0.7324189883236979,0,0,0
52edeb563dcfeaf5,heldout,asymmetric-8x4,random_lbt,1429,,,8,4,saturated,,0.0,,,52edeb563dcfeaf5e7f5368ec6c825eb9890635eb40f4a2e420cae42e1b2824a,100000,200174848,69974,30026,0.30026,0.6847595608015649,32317.390411937908,132113.0,0.9982928535287279,0.7312104714434309,0,0,0
b5670858359c8970,heldout,asymmetric-8x4,tmc_db_lbt,410,,,8,4,saturated,,0.0,,,b5670858359c8970df0392752ae19acb1d5b317adbf28a9dd8c518e450e2bfff,100000,200183333,99968,32,0.00032,0.9779930030438648,22027.948307255192,22022.0,0.9991016207131426,0.9776035412523358,0,0,0
f8a2d1b456d5902d,heldout,asymmetric-8x4,tmc_db_lbt,523,,,8,4,saturated,,0.0,,,f8a2d1b456d5902d7676faebcca99eaf9bcaee9df3bd622bc72528d4a69587e7,100000,200183321,99991,9,9e-05,0.9783028577091095,22023.24066053871,22022.0,0.9991030808662437,0.977764812858451,0,0,0
068a98a5b0b22481,heldout,asymmetric-8x4,tmc_db_lbt,631,,,8,4,saturated,,0.0,,,068a98a5b0b224819cc2659f3aad10c9535e68f5766c0245eb40481629e3e34d,100000,200183321,99984,16,0.00016,0.9781927985898485,22024.14195974873,22022.0,0.9991011355111648,0.9777099780336711,0,0,0
540aa977907f6000,heldout,asymmetric-8x4,tmc_db_lbt,742,,,8,4,saturated,,0.0,,,540aa977907f600058ac7900a87e9688f46c547e92e7fe026a6517fc70e981df,100000,200183322,99968,32,0.00032,0.9779557609699373,22026.245738124773,22022.0,0.9990878891380041,0.9775865500359805,0,0,0
90e7ec491ce7fd26,heldout,asymmetric-8x4,tmc_db_lbt,859,,,8,4,saturated,,0.0,,,90e7ec491ce7fd2610285fdf2156f3db317e27a8f6d127aed32d59180aecacb5,100000,200183326,99987,13,0.00013,0.9782193547928163,22024.142305576395,22022.0,0.9991047795915915,0.9777275447948025,0,0,0
b56432a7bf5f2aff,heldout,asymmetric-8x4,tmc_db_lbt,967,,,8,4,saturated,,0.0,,,b56432a7bf5f2aff6f5fcf4caa76a881e1754bdaa06abe60e8448089bd569c8f,100000,200183326,99986,14,0.00014,0.9782521547274122,22023.94185488227,22022.0,0.9991063777701524,0.9777365108325214,0,0,0
8983b767eb3556a5,heldout,asymmetric-8x4,tmc_db_lbt,1081,,,8,4,saturated,,0.0,,,8983b767eb3556a5876874b61aaa7d3d680d614927fd05d4d2aca4a80d3962f8,100000,200183327,99975,25,0.00025,0.9780616544553683,22025.584596300632,22022.0,0.99909990231912,0.9776433522581629,0,0,0
2cd54a2c3005b7e3,heldout,asymmetric-8x4,tmc_db_lbt,1193,,,8,4,saturated,,0.0,,,2cd54a2c3005b7e3f080fc89a36e000cf38443c396abd1b70a86df4f8efc0965,100000,200183330,99960,40,0.0004,0.9780374719513358,22029.41105374795,22022.0,0.9991132959840807,0.9776022559784722,0,0,0
24a68b1ce352dfd7,heldout,asymmetric-8x4,tmc_db_lbt,1307,,,8,4,saturated,,0.0,,,24a68b1ce352dfd7d86b4462a6653f1e96290c6b636636bacb22fcbe4c40388c,100000,200183323,99969,31,0.00031,0.9779631892712661,22026.966265494164,22022.0,0.9990938102478282,0.9775934998396981,0,0,0
2de164601a69b29c,heldout,asymmetric-8x4,tmc_db_lbt,1429,,,8,4,saturated,,0.0,,,2de164601a69b29c3ec0fa787dffaea5c99c91d99505bbd8091811a11650db13,100000,200183330,99965,35,0.00035,0.9780098872368643,22028.128910587977,22022.0,0.9990940041790873,0.9775991304719839,0,0,0
4ffb429ad5bd1a6a,heldout,dynamic-combined-4x4,adaptive_db_lbt,410,,,4,4,poisson,300,0.0,10,200,4ffb429ad5bd1a6ad8fc7b504a7776786306de6eb42a8cb01137c2ec932fe07f,100000,311365929,88032,11968,0.11968,0.54770482611153,26270.814107516133,52062.0,0.9838987132768476,0.7792398464627927,18510,8397,0
bad8fb54ec9a7525,heldout,dynamic-combined-4x4,adaptive_db_lbt,523,,,4,4,poisson,300,0.0,10,200,bad8fb54ec9a7525ec8913e5c73e798c92ff68fcb26e915cd03f99d86f7c540f,100000,309367799,88090,11910,0.1191,0.5515571644869219,26073.633137303877,52062.0,0.9844309385071621,0.7808463676646948,18512,8498,0
e2230194335f8922,heldout,dynamic-combined-4x4,adaptive_db_lbt,631,,,4,4,poisson,300,0.0,10,200,e2230194335f8922040df45125d306d82803bd417bcbf41b9aa55e16f34789b3,100000,312549068,87864,12136,0.12136,0.5444766483834148,26429.556467401202,52069.0,0.9835394405597558,0.7776193629810567,18513,8581,0
c903dabfe9a699b5,heldout,dynamic-combined-4x4,adaptive_db_lbt,742,,,4,4,poisson,300,0.0,10,200,c903dabfe9a699b593bd4334e313f60e76e349fd7611a380562acb325cbc3a00,100000,312874404,87864,12136,0.12136,0.5439184440284224,26461.84586140958,52144.0,0.9831104503445928,0.7772402981243384,18508,8438,0
235a794b1ec8b1ef,heldout,dynamic-combined-4x4,adaptive_db_lbt,859,,,4,4,poisson,300,0.0,10,200,235a794b1ec8b1efe7ceb8c372fa1ea245cadc7ab8bf8d73ce96f1afb976d6f6,100000,308479458,87945,12055,0.12055,0.5521950800367394,26028.496844331738,52068.0,0.9851532127323898,0.7809332642563763,18508,8571,0
2b98feebbc1c53f4,heldout,dynamic-combined-4x4,adaptive_db_lbt,967,,,4,4,poisson,300,0.0,10,200,2b98feebbc1c53f40874b60919b55a1cee5845b1aa7ee4901012843dbd3921bd,100000,310042107,87915,12085,0.12085,0.5492428259107399,26184.145142025096,52066.0,0.9844184969341749,0.7796306076149716,18511,8543,0
691e1f1a694493ce,heldout,dynamic-combined-4x4,adaptive_db_lbt,1081,,,4,4,poisson,300,0.0,10,200,691e1f1a694493ce917b9630e68dfe3e3ada5cbb6516149de8bbf576d3d36621,100000,313421395,88204,11796,0.11796,0.545105170628189,26404.983003764344,50133.0,0.9841753263355631,0.7801814989879173,18509,8416,0
03eacce821aec2af,heldout,dynamic-combined-4x4,adaptive_db_lbt,1193,,,4,4,poisson,300,0.0,10,200,03eacce821aec2afdb63cefe06fa41807ac91d291d1637868d10694ffb5323c3,100000,310956673,87861,12139,0.12139,0.5472486933895129,26293.335936166095,52118.0,0.9835118849708637,0.7784940261201255,18509,8304,0
357b0a8cc8650a5f,heldout,dynamic-combined-4x4,adaptive_db_lbt,1307,,,4,4,poisson,300,0.0,10,200,357b0a8cc8650a5f7637025a5383c111781a0e2d840a3c8c1cca0ef53a23cb0e,100000,306527752,88293,11707,0.11707,0.5578594071312669,25757.885529818202,52022.0,0.9851211518848718,0.7837113530053795,18510,8358,0
328747fff4583e1b,heldout,dynamic-combined-4x4,adaptive_db_lbt,1429,,,4,4,poisson,300,0.0,10,200,328747fff4583e1bf042a277de302e1c577ce5f75a8fba95ff15ff48a718149e,100000,314066892,88158,11842,0.11842,0.5436689550836196,26480.570153148044,52081.0,0.9851555725416207,0.7786158425417466,18509,8620,0
bc256aeddf56c66e,heldout,dynamic-combined-4x4,fixed_oracle,410,,,4,4,poisson,300,0.0,10,200,bc256aeddf56c66effacf669e279e075e25351eddede5151a10ff07c7b3c9b70,100000,310414561,88070,11930,0.1193,0.5495904394768388,26172.074356703233,52123.0,0.984412211104521,0.78009388352712,18509,0,0
dcf195e96dfd95e1,heldout,dynamic-combined-4x4,fixed_oracle,523,,,4,4,poisson,300,0.0,10,200,dcf195e96dfd95e1cb598540c94ba11091c6be31f3e7862d6c3dd9e0f8e5f5f1,100000,311902370,88199,11801,0.11801,0.5477215867260002,26268.598496445215,52072.0,0.9835714682163483,0.7795471849807828,18511,0,0
bf7286a9cc30f16e,heldout,dynamic-combined-4x4,fixed_oracle,631,,,4,4,poisson,300,0.0,10,200,bf7286a9cc30f16eaf9152e7e839ae9e37de8e85d13ff886fa436ef575fcd5b7,100000,311530854,87921,12079,0.12079,0.5465388157026655,26319.016812075573,52127.0,0.984038168164157,0.7785768279556076,18510,0,0
04bbaf8716bcbbe3,heldout,dynamic-combined-4x4,fixed_oracle,742,,,4,4,poisson,300,0.0,10,200,04bbaf8716bcbbe3329cabe92359ad9a982c8c7e070ce2a24e3143b4f1fd379b,100000,313205569,88090,11910,0.1191,0.5447566163805982,26421.060818328377,52134.0,0.9834532242843425,0.7782056135549803,18510,0,0
2403879454eb7c73,heldout,dynamic-combined-4x4,fixed_oracle,859,,,4,4,poisson,300,0.0,10,200,2403879454eb7c73034c712c64b20a3bbf4cf886ca0123b467765d03bb2aff0d,100000,309320975,88160,11840,0.1184,0.5520372551521926,26039.189524911515,52115.0,0.985143026464359,0.7813834272055171,18508,0,0
0559db094f5b26b4,heldout,dynamic-combined-4x4,fixed_oracle,967,,,4,4,poisson,300,0.0,10,200,0559db094f5b26b41b7d4f18e50e9ab536dc67c6e241e11f9fcca9b1e4832c45,100000,310581036,88162,11838,0.11838,0.5497908346213386,26154.583717131383,52074.0,0.984576535327272,0.7804781233162035,18511,0,0
d5bb9894c9decf6f,heldout,dynamic-combined-4x4,fixed_oracle,1081,,,4,4,poisson,300,0.0,10,200,d5bb9894c9decf6f236b889bd352215ddd537d5f412ce6cdd08a1f924c6e668a,100000,313276063,88199,11801,0.11801,0.5453386842390189,26393.341406719508,52079.0,0.9841856093283678,0.7789529311891289,18509,0,0
44f8ff6282f71cdf,heldout,dynamic-combined-4x4,fixed_oracle,1193,,,4,4,poisson,300,0.0,10,200,44f8ff6282f71cdfbeb94d760e0481957c3c5ef1351b9bc2b1bf82bf5056bfd2,100000,311353829,88135,11865,0.11865,0.5483047102658243,26240.92148830665,52088.0,0.9837326245620641,0.779624611609296,18512,0,0
4e703c9dfbb428e3,heldout,dynamic-combined-4x4,fixed_oracle,1307,,,4,4,poisson,300,0.0,10,200,4e703c9dfbb428e3332ac182bd99bc82087a95a16f0513c4f113384640dbc29e,100000,309071397,88555,11445,0.11445,0.5549277275891046,25906.810360599455,52011.0,0.9847081942111116,0.7832588072667387,18511,0,0
f83afa009489d8c3,heldout,dynamic-combined-4x4,fixed_oracle,1429,,,4,4,poisson,300,0.0,10,200,f83afa009489d8c33729fca99f76c2e3b9f28d696d649b9c560f14ec5809f4fc,100000,313005157,88048,11952,0.11952,0.5448263077659132,26419.76795774648,52089.0,0.985818093918268,0.778942133894727,18508,0,0
73c8b084789cfd46,heldout,dynamic-combined-4x4,primary_db_lbt,410,,,4,4,poisson,300,0.0,10,200,73c8b084789cfd46d873160a0a812af2b38698e181b0410cf0ad38764f08a1eb,100000,298854870,86315,13685,0.13685,0.5593602071801608,25673.553744192242,60011.0,0.9859071065936017,0.7742026045912541,0,0,0
81a51843db15ea80,heldout,dynamic-combined-4x4,primary_db_lbt,523,,,4,4,poisson,300,0.0,10,200,81a51843db15ea8055b30e9157762952bb97343b7d2d92dfc2e80fa140158a3b,100000,299055240,86575,13425,0.13425,0.5606456486099357,25611.967227696467,60011.0,0.9860444667073359,0.7753268717724238,0,0,0
f848e391a1795a8a,heldout,dynamic-combined-4x4,primary_db_lbt,631,,,4,4,poisson,300,0.0,10,200,f848e391a1795a8a2f0cdd534f0f146dbc48b03432e045fcc3a219d1eface34d,100000,300845958,86175,13825,0.13825,0.5547361550391845,25901.941300033657,60078.0,0.985405003601421,0.7720992195468684,0,0,0
74657cc915ef9f16,heldout,dynamic-combined-4x4,primary_db_lbt,742,,,4,4,poisson,300,0.0,10,200,74657cc915ef9f165516a9f0afba9c855fe6569cc049834f9388fb45c69d0f93,100000,302495727,86219,13781,0.13781,0.5519410923778106,26044.298268202434,60105.0,0.9847318771968971,0.7710351565249026,0,0,0
157ddf8632356384,heldout,dynamic-combined-4x4,primary_db_lbt,859,,,4,4,poisson,300,0.0,10,200,157ddf8632356384f10da6adb1ada3d6f8c6c044d1ae74b9e727224d09467be3,100000,300657779,86488,13512,0.13512,0.5571380243582522,25776.4407839963,58174.0,0.9861188194033186,0.7751896145871903,0,0,0
3e89bc280d71a19b,heldout,dynamic-combined-4x4,primary_db_lbt,967,,,4,4,poisson,300,0.0,10,200,3e89bc280d71a19b585012638f3f6206a645d7547f99304749293d78e48542b3,100000,301458636,86746,13254,0.13254,0.5572297786154649,25772.43770896262,58107.0,0.9858099268704178,0.7758069018286275,0,0,0
96ff3e63121fd1e3,heldout,dynamic-combined-4x4,primary_db_lbt,1081,,,4,4,poisson,300,0.0,10,200,96ff3e63121fd1e3812680aa475c42edc12f128fe39d05b62f9effa8d9878cb7,100000,300634526,86364,13636,0.13636,0.5564248033175005,25822.968328778545,58197.0,0.9861914185776885,0.7746507406317299,0,0,0
1e3963385d1fe067,heldout,dynamic-combined-4x4,primary_db_lbt,1193,,,4,4,poisson,300,0.0,10,200,1e3963385d1fe067c28960897e5d65c72119126880e382c4a168272b817102b7,100000,301571690,86335,13665,0.13665,0.5544174189560035,25923.667149327557,60148.0,0.9846067008896666,0.7720802066152234,0,0,0
084203682f840ca5,heldout,dynamic-combined-4x4,primary_db_lbt,1307,,,4,4,poisson,300,0.0,10,200,084203682f840ca53b62e8aeb5a1f8d1f3327524da27a62afc5ae3517c17cc46,100000,296996331,86831,13169,0.13169,0.5661533879352874,25344.10433871209,58084.0,0.9863918178468253,0.7792032352607042,0,0,0
879f7516a6bc744a,heldout,dynamic-combined-4x4,primary_db_lbt,1429,,,4,4,poisson,300,0.0,10,200,879f7516a6bc744ac35c89bcb403ca0ba9ad7c36bca3510ee278e53bef8a198c,100000,304735862,86620,13380,0.1338,0.5503898422037378,26123.882960790652,58150.0,0.9865611149502191,0.7734336523846524,0,0,0
dda6f1ddb45e0f70,heldout,dynamic-combined-4x4,random_lbt,410,,,4,4,poisson,300,0.0,10,200,dda6f1ddb45e0f701d83354d9ab11bf3836b980cb0601a23a7cb92d676164af3,100000,291551418,85748,14252,0.14252,0.5698105779749629,25172.321926755307,80109.0,0.9875470787686492,0.7634165522478706,0,0,0
2fa2f4ef119e7a3c,heldout,dynamic-combined-4x4,random_lbt,523,,,4,4,poisson,300,0.0,10,200,2fa2f4ef119e7a3c36cde139f4619d0c12f80eef03b3941e7bdf9e5232a3ade0,100000,289282921,86065,13935,0.13935,0.5762834820103327,24864.276223898116,80083.0,0.9882761345263844,0.7666270388455725,0,0,0
b53de9b310ad8bf6,heldout,dynamic-combined-4x4,random_lbt,631,,,4,4,poisson,300,0.0,10,200,b53de9b310ad8bf6fb442807c44b5c9090dde85c419cac5027b37c802eeb6359,100000,296406617,86332,13668,0.13668,0.5641299431584552,25438.171308095083,78101.0,0.9871143828877902,0.764177442015415,0,0,0
bfb8cb119cf30fd9,heldout,dynamic-combined-4x4,random_lbt,742,,,4,4,poisson,300,0.0,10,200,bfb8cb119cf30fd9f6b3740ec791e9d58d37c7e5f87afb95c7a12101ce6e0956,100000,297815778,86467,13533,0.13533,0.5625051302688201,25529.42132108861,78105.0,0.9865757452648383,0.763791125177886,0,0,0
7db29b7378494c4f,heldout,dynamic-combined-4x4,random_lbt,859,,,4,4,poisson,300,0.0,10,200,7db29b7378494c4f6c5456371e291d7c50b4ef356ea33ce5fd0cac8bcf544b37,100000,290915768,85943,14057,0.14057,0.5723836564266259,25049.490033164602,80104.0,0.9883564734289256,0.7650348766185171,0,0,0
d8297368a3d77ef0,heldout,dynamic-combined-4x4,random_lbt,967,,,4,4,poisson,300,0.0,10,200,d8297368a3d77ef09e020c0e539549619a0b04e04a0f1a154678798f0ff33490,100000,287785801,85545,14455,0.14455,0.5759693647985086,24881.348948408293,82090.0,0.988464025905117,0.7639469635678751,0,0,0
ea66e245f1860e83,heldout,dynamic-combined-4x4,random_lbt,1081,,,4,4,poisson,300,0.0,10,200,ea66e245f1860e8331cb60b46456d6f54c232f253cd92bdbcf8d3b2a5540a785,100000,292548585,85867,14133,0.14133,0.5686149977447336,25231.32788641843,80085.0,0.988191883334976,0.7635464603599033,0,0,0
43dc8c4cf84195da,heldout,dynamic-combined-4x4,random_lbt,1193,,,4,4,poisson,300,0.0,10,200,43dc8c4cf84195daaf5f06f44e3bf7f77ad70e1853d11fee65c4176e5e8f4836,100000,293696404,86289,13711,0.13711,0.5691869043108884,25207.36747371959,78123.0,0.9871017139071457,0.7657367060726781,0,0,0
7ce39b0f217d1a1e,heldout,dynamic-combined-4x4,random_lbt,1307,,,4,4,poisson,300,0.0,10,200,7ce39b0f217d1a1eb81e61c0060d08196b1bd825a22962c987f7c1cdbd3f8793,100000,282467090,85569,14431,0.14431,0.5866560631895206,24388.871658816515,80098.0,0.9897782141570146,0.7693352591155117,0,0,0
7807ee53b62dcf5a,heldout,dynamic-combined-4x4,random_lbt,1429,,,4,4,poisson,300,0.0,10,200,7807ee53b62dcf5aae077bb2ede3cb44c82a573512141f4e1e0d11510f9d0959,100000,292910918,85789,14211,0.14211,0.5671893322870266,25288.636702766347,80091.0,0.9891634685689826,0.7631961002853364,0,0,0
e976f7f9da7e8201,heldout,dynamic-combined-4x4,tmc_db_lbt,410,,,4,4,poisson,300,0.0,10,200,e976f7f9da7e8201037719519c1f1e90f269e3a679e8b8c6b563d35eef47ef0c,100000,307033223,87369,12631,0.12631,0.5511626798771545,26088.30652121656,54011.0,0.9844380783564115,0.7776154194111887,0,0,0
084cb96af9153b6e,heldout,dynamic-combined-4x4,tmc_db_lbt,523,,,4,4,poisson,300,0.0,10,200,084cb96af9153b6efeb0f7840760d4822e17edba384773b05460f2aadadffe4a,100000,305433149,87502,12498,0.12498,0.5548716979636025,25903.337497428394,54011.0,0.9848353038088109,0.7793166672574711,0,0,0
81ba18fe7a2ae6df,heldout,dynamic-combined-4x4,tmc_db_lbt,631,,,4,4,poisson,300,0.0,10,200,81ba18fe7a2ae6df8930a721001374b6f32937bb461f399a96381fd2d4f287d9,100000,308701688,87364,12636,0.12636,0.5481127754636703,26240.695933879757,54072.0,0.9842688845921191,0.7764892200185964,0,0,0
80ed89f5d3c6d954,heldout,dynamic-combined-4x4,tmc_db_lbt,742,,,4,4,poisson,300,0.0,10,200,80ed89f5d3c6d9543925a2dc8c25f95c2a77fdef7a66212de71eae375536736a,100000,307991285,87212,12788,0.12788,0.5484641781341313,26229.204921792578,54093.0,0.9842615776373792,0.7762099185905036,0,0,0
43f6b2529a3977f6,heldout,dynamic-combined-4x4,tmc_db_lbt,859,,,4,4,poisson,300,0.0,10,200,43f6b2529a3977f69fd9a09fc1cdfcf4bc528f3d12456d8058d4a70c836471c9,100000,307310094,87470,12530,0.1253,0.5512829526517278,26078.088461274612,54066.0,0.9848992846703556,0.7780250791073612,0,0,0
f36c65618e8035f8,heldout,dynamic-combined-4x4,tmc_db_lbt,967,,,4,4,poisson,300,0.0,10,200,f36c65618e8035f8c92304be7eb67c3d26eb8ebe53c8482be804c2af241f7f04,100000,307807868,87554,12446,0.12446,0.550955926181848,26096.49584218582,52110.0,0.9847277943420909,0.779372906841313,0,0,0
7da9fb911a70f54b,heldout,dynamic-combined-4x4,tmc_db_lbt,1081,,,4,4,poisson,300,0.0,10,200,7da9fb911a70f54bb1973f602438fa38c5979f5d77df16f8913f8d2b0df5b367,100000,310422951,87468,12532,0.12532,0.5457551526207868,26369.887811571003,52150.0,0.9843125847311979,0.7772592457839949,0,0,0
68b14a76378fe77a,heldout,dynamic-combined-4x4,tmc_db_lbt,1193,,,4,4,poisson,300,0.0,10,200,68b14a76378fe77a206e18c254a321633f3bc1d3ddce000110d34927db9b309c,100000,308238467,87297,12703,0.12703,0.5484947081572398,26226.382682812266,54086.0,0.9836689402951532,0.7762397161507977,0,0,0
efdbc3fb480c579f,heldout,dynamic-combined-4x4,tmc_db_lbt,1307,,,4,4,poisson,300,0.0,10,200,efdbc3fb480c579f6651f8021c212f346a1d6f6224b439ddbbab973404ec198b,100000,304722475,87854,12146,0.12146,0.5583483495925268,25733.20192154452,54066.0,0.985240895585853,0.7814540817261266,0,0,0
07e6fad5e12a40b9,heldout,dynamic-combined-4x4,tmc_db_lbt,1429,,,4,4,poisson,300,0.0,10,200,07e6fad5e12a40b99398beb2e22003c109df3879ff18ccd7ef3509b5f3fb8639,100000,310144935,87582,12418,0.12418,0.5468867450632395,26310.236280174482,54071.0,0.9859238072592218,0.7771778507741537,0,0,0
1f310ebebe902715,heldout,periodic-300ms,adaptive_db_lbt,410,,,4,4,saturated,300,0.0,,,1f310ebebe902715f6548e8883ab4ff7c62a36bc29d27a623b48a27287ea9ed1,100000,201569669,99994,6,6e-05,0.9612672876890025,14125.869041665834,16018.0,0.9989686976677705,0.9760516617855911,24992,14153,0
5c166f889c264220,heldout,periodic-300ms,adaptive_db_lbt,523,,,4,4,saturated,300,0.0,,,5c166f889c26422095d90c698c68b861b2231d125854a1c4c1588a26d04163fe,100000,201569673,99979,21,0.00021,0.961123492024517,14128.029008412439,16018.0,0.9989706924767953,0.9759668948337709,24992,14210,0
dbdaf1e8d8639913,heldout,periodic-300ms,adaptive_db_lbt,631,,,4,4,saturated,300,0.0,,,dbdaf1e8d8639913316ac3f929c3c67372fb06c26aca742f0bb140a2e2421dff,100000,201569665,99997,3,3e-05,0.9612925089695417,14125.46526117873,16018.0,0.9989691071460172,0.976067705371853,24992,14103,0
669168e4cd1ce131,heldout,periodic-300ms,adaptive_db_lbt,742,,,4,4,saturated,300,0.0,,,669168e4cd1ce13102f03c6db7f70507b9d81b766f298437257373860c849b33,100000,201569657,99993,7,7e-05,0.9612534588973379,14125.850007501125,16018.0,0.9989690593826217,0.9760446727599865,24992,14180,0
6f15ba0f9567cee0,heldout,periodic-300ms,adaptive_db_lbt,859,,,4,4,saturated,300,0.0,,,6f15ba0f9567cee0a3b35a8afff437078c9dc738e0ce668cf7259dcc5c4d9075,100000,201569665,99995,5,5e-05,0.9612769659561621,14125.928000640084,16018.0,0.9989706808466318,0.9760580489342647,24992,14114,0
ec347e3aab6ac3d2,heldout,periodic-300ms,adaptive_db_lbt,967,,,4,4,saturated,300,0.0,,,ec347e3aab6ac3d27fa5eb91748932cd16292e8cc688f272cd3a283001b4b96a,100000,201569664,99993,7,7e-05,0.9612578557455947,14126.130479571935,16018.0,0.998968041397742,0.976045799047779,24992,14067,0
be31ae01188230fa,heldout,periodic-300ms,adaptive_db_lbt,1081,,,4,4,saturated,300,0.0,,,be31ae01188230fa78d3a1abe51b1900fefe5b06f10e5bc118af527ed80885e7,100000,201569666,99992,8,8e-05,0.9612489212538557,14126.171797487597,16018.0,0.9989661015489554,0.9760396742676037,24992,14122,0
5cca6bf4224e2e86,heldout,periodic-300ms,adaptive_db_lbt,1193,,,4,4,saturated,300,0.0,,,5cca6bf4224e2e869d4b0dc37405528c4ecb924f3e4d5060c0d11c6bc2c75056,100000,201569672,99989,11,0.00011,0.9612171021442154,14126.836158870185,16018.0,0.9989692107622739,0.9760226043021633,24992,14304,0
047cd5f7bae6ac1f,heldout,periodic-300ms,adaptive_db_lbt,1307,,,4,4,saturated,300,0.0,,,047cd5f7bae6ac1f1f021cef0150f89ebb1dbf694d42c48d935f38d2ab2ab720,100000,201569667,99986,14,0.00014,0.9611900236953808,14126.819140210846,16018.0,0.9989660150596344,0.9760050129183383,24993,14191,0
26c61a950498d3e1,heldout,periodic-300ms,adaptive_db_lbt,1429,,,4,4,saturated,300,0.0,,,26c61a950498d3e181c02e7f4532c02d2b0fbbdf5b0b5fd6c54630df63f8b505,100000,201569659,99991,9,9e-05,0.9612338184289928,14126.232719562326,16018.0,0.9989703559177162,0.9760335581155696,24992,14222,0
f6050a2e848b826d,heldout,periodic-300ms,fixed_oracle,410,,,4,4,saturated,300,0.0,,,f6050a2e848b826d9cc0ead2d728cf202fd5e115a59af73c2f46a222a840e41d,100000,201569669,99994,6,6e-05,0.9612672876890025,14125.869041665834,16018.0,0.9989686976677705,0.9760516617855911,24992,0,0
0b09fd8150f2ed5d,heldout,periodic-300ms,fixed_oracle,523,,,4,4,saturated,300,0.0,,,0b09fd8150f2ed5d4d88ed7a0748d5715972ae8a15f30bdc6510197bfc961938,100000,201569673,99976,24,0.00024,0.9610923166998441,14128.513064180537,16018.0,0.9989698680599137,0.9759487282532526,24992,0,0
791f66c698c45666,heldout,periodic-300ms,fixed_oracle,631,,,4,4,saturated,300,0.0,,,791f66c698c456669ad065c6ec64d0236241615e3bf63eb5d2a6cde1c71c17c9,100000,201569665,99997,3,3e-05,0.9612925089695417,14125.46526117873,16018.0,0.9989691071460172,0.976067705371853,24992,0,0
4e2963be769d4319,heldout,periodic-300ms,fixed_oracle,742,,,4,4,saturated,300,0.0,,,4e2963be769d43191e47184cf8ee1572f67a730c78c4e5d0afb2f62061aa2365,100000,201569657,99993,7,7e-05,0.9612534588973379,14125.850007501125,16018.0,0.9989690593826217,0.9760446727599865,24992,0,0
694d155516b6b49d,heldout,periodic-300ms,fixed_oracle,859,,,4,4,saturated,300,0.0,,,694d155516b6b49d640a7cf8c38cc17d18dac9736bf9e0991ddfcf6a66b6328e,100000,201569665,99995,5,5e-05,0.9612769659561621,14125.928000640084,16018.0,0.9989706808466318,0.9760580489342647,24992,0,0
95eb17199179b299,heldout,periodic-300ms,fixed_oracle,967,,,4,4,saturated,300,0.0,,,95eb17199179b299c3fbfa7791951906d2d7cd35c723cf2d27bf175bc31c427c,100000,201569664,99993,7,7e-05,0.9612578557455947,14126.130479571935,16018.0,0.998968041397742,0.976045799047779,24992,0,0
055e21f5c99f0cfe,heldout,periodic-300ms,fixed_oracle,1081,,,4,4,saturated,300,0.0,,,055e21f5c99f0cfe36dbe83cf458c963e71b927d2b58a6d2b0c7328fba91d5b9,100000,201569666,99992,8,8e-05,0.9612489212538557,14126.171797487597,16018.0,0.9989661015489554,0.9760396742676037,24992,0,0
ca9de145c11133cd,heldout,periodic-300ms,fixed_oracle,1193,,,4,4,saturated,300,0.0,,,ca9de145c11133cdd6ea87477f85ace16cf47c1eabcc5986166263ef6769ea9d,100000,201569672,99989,11,0.00011,0.9612171021442154,14126.836158870185,16018.0,0.9989692107622739,0.9760226043021633,24992,0,0
0ccc705db4aafe7b,heldout,periodic-300ms,fixed_oracle,1307,,,4,4,saturated,300,0.0,,,0ccc705db4aafe7b1a394dfda2502a94ae7a57dc9aa93ade0fc11c009c762a12,100000,201569667,99985,15,0.00015,0.9611807663501275,14126.980445502466,16018.0,0.9989653791829348,0.9759992151776874,24993,0,0
419f5490c4f61120,heldout,periodic-300ms,fixed_oracle,1429,,,4,4,saturated,300,0.0,,,419f5490c4f61120aacb215a1ea23dcfeac58cb325160cbe6d7c0f461dc4eb6e,100000,201569659,99991,9,9e-05,0.9612338184289928,14126.232719562326,16018.0,0.9989703559177162,0.9760335581155696,24992,0,0
3444a1377d9f1bf8,heldout,periodic-300ms,primary_db_lbt,410,,,4,4,saturated,300,0.0,,,3444a1377d9f1bf84212bc98ce1839b59e373009c393c69f9df92419457ef2b7,100000,201569682,99986,14,0.00014,0.9611988126269903,14125.197353417752,16018.0,0.9989639510886202,0.9760072545718702,0,0,0
001cffbfae3b2569,heldout,periodic-300ms,primary_db_lbt,523,,,4,4,saturated,300,0.0,,,001cffbfae3b25691acea613a2a4741b31b86c563b4292c8026b4f371f15d859,100000,201569669,99992,8,8e-05,0.9612510402048634,14125.41098575772,16018.0,0.9989688825015687,0.9760413075688108,0,0,0
f9692117c0a132cb,heldout,periodic-300ms,primary_db_lbt,631,,,4,4,saturated,300,0.0,,,f9692117c0a132cb1ebb1b4e675023d5d15ab2528a34fea27b5e6918a2bd19ef,100000,201569675,99987,13,0.00013,0.9611988559290975,14125.396503265685,16018.0,0.9989732131989336,0.9760128563760104,0,0,0
b6c46b7f8969d689,heldout,periodic-300ms,primary_db_lbt,742,,,4,4,saturated,300,0.0,,,b6c46b7f8969d689d434e5584ed0a8283c6644b3e1ce38ebf583fde401076a0f,100000,201569670,99990,10,0.0001,0.9612304519821856,14125.352923526234,16018.0,0.9989634978363545,0.9760276499395134,0,0,0
b2b2251179b67810,heldout,periodic-300ms,primary_db_lbt,859,,,4,4,saturated,300,0.0,,,b2b2251179b67810ea04680f20884e9fc009faaa827d018110b8dfa060738dcd,100000,201569674,99992,8,8e-05,0.9612445669778679,14125.691510641702,16018.0,0.9989737326245579,0.9760407665341418,0,0,0
4f8216d601aa4c10,heldout,periodic-300ms,primary_db_lbt,967,,,4,4,saturated,300,0.0,,,4f8216d601aa4c1058084cb5f847d24b49c6617a14d99ccdfab10af3ca109575,100000,201569668,99993,7,7e-05,0.9612622222506215,14125.069380407062,16018.0,0.9989616961326611,0.9760451394610942,0,0,0
f0a83d49517aec11,heldout,periodic-300ms,primary_db_lbt,1081,,,4,4,saturated,300,0.0,,,f0a83d49517aec1150eaefaec173809d4691ead6024768b2aebe9353abe973de,100000,201569674,99991,9,9e-05,0.9612350169301758,14125.93286858766,16018.0,0.9989704287598269,0.9760339818966676,0,0,0
a543d948765db4c3,heldout,periodic-300ms,primary_db_lbt,1193,,,4,4,saturated,300,0.0,,,a543d948765db4c3264bcf3468d60876f871502d5fb8fd13cabccc100defd13d,100000,201569675,99993,7,7e-05,0.9612557990183791,14125.57019552933,16018.0,0.9989731807201601,0.9760468265795131,0,0,0
a26389b1c88fa188,heldout,periodic-300ms,primary_db_lbt,1307,,,4,4,saturated,300,0.0,,,a26389b1c88fa18868f8c661bec9273e185e2b0dc6dcdba4262bbd6fce8b6985,100000,201569669,99995,5,5e-05,0.9612814465652568,14125.76806984908,16018.0,0.9989656977933583,0.9760578814528716,0,0,0
79f7d572892e3ece,heldout,periodic-300ms,primary_db_lbt,1429,,,4,4,saturated,300,0.0,,,79f7d572892e3ece4aab02f07dd65b4d79f635ed36f28e89ff79655bdc3a0dc2,100000,201569668,99992,8,8e-05,0.9612458110512937,14125.791386621859,16018.0,0.998969861701357,0.9760398909175503,0,0,0
0ba4e128f68e7cae,heldout,periodic-300ms,random_lbt,410,,,4,4,saturated,300,0.0,,,0ba4e128f68e7cae3374ce11bf0d02257b328ea362b6476edc7cfdaeacdc7eef,100000,201552587,77046,22954,0.22954,0.7405936049831006,18924.716412679456,78094.0,0.9991361410098549,0.8037955819976519,0,0,0
2cd94b4ea9a89032,heldout,periodic-300ms,random_lbt,523,,,4,4,saturated,300,0.0,,,2cd94b4ea9a890329ae00a57c6c94693c192d807bf63f1f5ce9efda650876dd1,100000,201552308,77107,22893,0.22893,0.7411945538227228,18907.95095915641,78086.0,0.9990985314245034,0.8041411950824088,0,0,0
34cf20540507139a,heldout,periodic-300ms,random_lbt,631,,,4,4,saturated,300,0.0,,,34cf20540507139a9fff90c614ca3f6da2c220fecf0984905b8b94f2e26c51b5,100000,201552155,77142,22858,0.22858,0.7418357645444178,18897.564251821506,78083.0,0.998327299218458,0.8041873545876254,0,0,0
6f81d2665eaca1e3,heldout,periodic-300ms,random_lbt,742,,,4,4,saturated,300,0.0,,,6f81d2665eaca1e316aa40218dc710d073896eb5f922b4542886ef55f0a1d7ca,100000,201552383,76960,23040,0.2304,0.7400356065251781,18947.768946875975,78084.0,0.9985705072296955,0.803212704584958,0,0,0
9a213a271949a0aa,heldout,periodic-300ms,random_lbt,859,,,4,4,saturated,300,0.0,,,9a213a271949a0aac8599351fd9a8bd809e7db4871b12cdc7844fdc2d747e857,100000,201552435,77024,22976,0.22976,0.7401131918847818,18930.07948997611,78085.0,0.9993630794454157,0.8036620904433992,0,0,0
275a9459ee80305b,heldout,periodic-300ms,random_lbt,967,,,4,4,saturated,300,0.0,,,275a9459ee80305b4e927c2832df8f554277606a7c976fdc40bee41f4bf2e9ef,100000,201552261,77077,22923,0.22923,0.7412464254122161,18915.64200910872,78082.0,0.9984923369384799,0.803884087450232,0,0,0
bb29c64aa9c8c270,heldout,periodic-300ms,random_lbt,1081,,,4,4,saturated,300,0.0,,,bb29c64aa9c8c270ca03bee3ee1af1ad601ff4c0eb7dd514e7644514ff94c9cf,100000,201552700,77017,22983,0.22983,0.7404335392182789,18933.258164630108,78080.0,0.9988717928493316,0.8035909440225368,0,0,0
61c7db3ac34c78db,heldout,periodic-300ms,random_lbt,1193,,,4,4,saturated,300,0.0,,,61c7db3ac34c78dba0275e268746a6cc1e13cda82b4aa0007c402493a9be94de,100000,201551700,76997,23003,0.23003,0.7403792972224993,18937.630128979465,78086.0,0.9986068030603104,0.8034305334276032,0,0,0
0e3f40b781be6775,heldout,periodic-300ms,random_lbt,1307,,,4,4,saturated,300,0.0,,,0e3f40b781be67756c929bebe3957e504f166e5584a9ee0b309b67e19f12cf44,100000,201552865,76930,23070,0.2307,0.7396552363569726,18956.143756012585,78084.0,0.998646251281647,0.8030361625462065,0,0,0
26e36f5fe65a92ba,heldout,periodic-300ms,random_lbt,1429,,,4,4,saturated,300,0.0,,,26e36f5fe65a92ba84881e2b91495342a769c503bd17400c3fd44416ba5ad338,100000,201553218,77030,22970,0.2297,0.7407283122614297,18928.738762950845,78094.0,0.9985227898795322,0.8035960340469874,0,0,0
f2373864c7088626,heldout,periodic-300ms,tmc_db_lbt,410,,,4,4,saturated,300,0.0,,,f2373864c70886261559c207da72e745eb962b8b1f042e4aa033fcd54bce7da3,100000,201569669,99994,6,6e-05,0.9612672876890025,14125.869041665834,16018.0,0.9989686976677705,0.9760516617855911,0,0,0
fe0d978ed6999f51,heldout,periodic-300ms,tmc_db_lbt,523,,,4,4,saturated,300,0.0,,,fe0d978ed6999f51f18ef7c71d3a774177dd778cb63454f3bbb66e53b3368a2e,100000,201569673,99979,21,0.00021,0.961123492024517,14128.029008412439,16018.0,0.9989706924767953,0.9759668948337709,0,0,0
c6a4f17c6d27fd4e,heldout,periodic-300ms,tmc_db_lbt,631,,,4,4,saturated,300,0.0,,,c6a4f17c6d27fd4e6dd07c49925d84f37147a312265b8e3f9242b7d3805c0e63,100000,201569665,99997,3,3e-05,0.9612925089695417,14125.46526117873,16018.0,0.9989691071460172,0.976067705371853,0,0,0
7da2f3171a46f132,heldout,periodic-300ms,tmc_db_lbt,742,,,4,4,saturated,300,0.0,,,7da2f3171a46f132ff21543e62784ac80220a89d6049744201f52bb5c8cc5d37,100000,201569657,99993,7,7e-05,0.9612534588973379,14125.850007501125,16018.0,0.9989690593826217,0.9760446727599865,0,0,0
edb922f86cf960eb,heldout,periodic-300ms,tmc_db_lbt,859,,,4,4,saturated,300,0.0,,,edb922f86cf960eb296f1e147672b11ec87f3bf71e2b96c24806add70902ec86,100000,201569665,99995,5,5e-05,0.9612769659561621,14125.928000640084,16018.0,0.9989706808466318,0.9760580489342647,0,0,0
703e81545ae065d8,heldout,periodic-300ms,tmc_db_lbt,967,,,4,4,saturated,300,0.0,,,703e81545ae065d8ac4c5374b934206fada6716ae63d23d5a31d77f2bce45346,100000,201569664,99993,7,7e-05,0.9612578557455947,14126.130479571935,16018.0,0.998968041397742,0.976045799047779,0,0,0
0d30071a98f63146,heldout,periodic-300ms,tmc_db_lbt,1081,,,4,4,saturated,300,0.0,,,0d30071a98f631462a1aa6419d31a4733c4ed89a5e4a336702725e2fcb5d96e5,100000,201569666,99992,8,8e-05,0.9612489212538557,14126.171797487597,16018.0,0.9989661015489554,0.9760396742676037,0,0,0
ac08f1464078028a,heldout,periodic-300ms,tmc_db_lbt,1193,,,4,4,saturated,300,0.0,,,ac08f1464078028a9f6013b7575bf3035f1dbfb94ec3adbdf43f55b2d3ce0c89,100000,201569672,99989,11,0.00011,0.9612171021442154,14126.836158870185,16018.0,0.9989692107622739,0.9760226043021633,0,0,0
ce54f2b8f182fc28,heldout,periodic-300ms,tmc_db_lbt,1307,,,4,4,saturated,300,0.0,,,ce54f2b8f182fc287b477fb594e2de8105ffefe93f182d4d4d682b9db3e88484,100000,201569667,99986,14,0.00014,0.9611900236953808,14126.819140210846,16018.0,0.9989660150596344,0.9760050129183383,0,0,0
84aacaae92350d51,heldout,periodic-300ms,tmc_db_lbt,1429,,,4,4,saturated,300,0.0,,,84aacaae92350d513f86a64bf014f51eada83dbb8f067c145f9d0e6812b09ee8,100000,201569659,99991,9,9e-05,0.9612338184289928,14126.232719562326,16018.0,0.9989703559177162,0.9760335581155696,0,0,0
f6fed90abe9e715d,heldout,periodic-30ms,adaptive_db_lbt,410,,,4,4,saturated,30,0.0,,,f6fed90abe9e715d612e710518c5608f15b657c0c13d5774ef0b9af24fc2a7e6,100000,214536144,99992,8,8e-05,0.9031506085053901,15163.495889342295,16019.0,0.9989673682163972,0.9566733255739291,24992,10263,0
499af53ee3f42bde,heldout,periodic-30ms,adaptive_db_lbt,523,,,4,4,saturated,30,0.0,,,499af53ee3f42bdeaebbceebc50a1c023b41a5b615a79c1064e9d357f869f892,100000,214536142,99997,3,3e-05,0.9031958540580076,15163.058056386202,16019.0,0.9989680319268899,0.9567011286616325,24992,10170,0
9e9d098c92ea5194,heldout,periodic-30ms,adaptive_db_lbt,631,,,4,4,saturated,30,0.0,,,9e9d098c92ea51941cad58053b69455be9466b4eabc7268fcfcd0f7c22e1fd14,100000,214536145,99998,2,2e-05,0.9032053782825267,15162.826172617262,16019.0,0.99897006227922,0.9567074801872489,24992,10244,0
fab86e210f9e187e,heldout,periodic-30ms,adaptive_db_lbt,742,,,4,4,saturated,30,0.0,,,fab86e210f9e187e955786784909e093f4eefc96debf3830c91f6733a2470b83,100000,214536144,99994,6,6e-05,0.903169938581538,15163.23260256436,16019.0,0.9989674606025447,0.9566847997280277,24992,10209,0
8f43da7aaea80da4,heldout,periodic-30ms,adaptive_db_lbt,859,,,4,4,saturated,30,0.0,,,8f43da7aaea80da42b1e8f95a5df16917d5d90c4172211c7ee14ceef38edb8a1,100000,214536142,99995,5,5e-05,0.9031769528138527,15163.241261363977,16019.0,0.9989693006165947,0.9566902511434825,24992,10295,0
3e1969be2415627b,heldout,periodic-30ms,adaptive_db_lbt,967,,,4,4,saturated,30,0.0,,,3e1969be2415627b80dcfc36ead26ef8560b18b45aaf5b3212fe008e8a5bc0d0,100000,214536145,99994,6,6e-05,0.9031692724785374,15163.192576960775,16019.0,0.9989674086948086,0.9566845603911153,24992,10156,0
02e84b9e527da44f,heldout,periodic-30ms,adaptive_db_lbt,1081,,,4,4,saturated,30,0.0,,,02e84b9e527da44f076e209fd649120da1a276ad0a5f16a82493d085a2aba438,100000,214536151,99989,11,0.00011,0.903122844783395,15163.891089306968,16019.0,0.9989679824359348,0.9566567757397766,24992,10216,0
90621af741761c7b,heldout,periodic-30ms,adaptive_db_lbt,1193,,,4,4,saturated,30,0.0,,,90621af741761c7bfa6167f72334baf8af600934aa54540e46538aac6c8aa25c,100000,214536150,99991,9,9e-05,0.9031422116971894,15163.74770711021,16019.0,0.9989654234313683,0.9566673783761859,24993,10229,0
86b2d2f6b4aed38b,heldout,periodic-30ms,adaptive_db_lbt,1307,,,4,4,saturated,30,0.0,,,86b2d2f6b4aed38b048eea0054835067bd01e5039d4894a078e8c8d94ab48da2,100000,214536153,99989,11,0.00011,0.903124686868045,15163.871255538552,16019.0,0.9989707664611613,0.9566583177764021,24992,10213,0
b910fbadfd544eeb,heldout,periodic-30ms,adaptive_db_lbt,1429,,,4,4,saturated,30,0.0,,,b910fbadfd544eeba9f8d74c5ca272f10de5ecdcb8f6353ad8a6ba9761b0f343,100000,214536147,99991,9,9e-05,0.9031426018851733,15163.447486072633,16019.0,0.9989667732944206,0.956667958393198,24992,10160,0
b72ce0b9cb5e14c0,heldout,periodic-30ms,fixed_oracle,410,,,4,4,saturated,30,0.0,,,b72ce0b9cb5e14c0d896b067aef9c7ac32b67fd3aee11505a00ef502c32f5335,100000,214536144,99992,8,8e-05,0.9031506085053901,15163.495889342295,16019.0,0.9989673682163972,0.9566733255739291,24992,0,0
fd807ce0686ab903,heldout,periodic-30ms,fixed_oracle,523,,,4,4,saturated,30,0.0,,,fd807ce0686ab903eda3b2af86e051c9aefe1fc9a1632a9f6685e4d5f5df55bf,100000,214536142,99997,3,3e-05,0.9031958540580076,15163.058056386202,16019.0,0.9989680319268899,0.9567011286616325,24992,0,0
efcae9e07f7e1041,heldout,periodic-30ms,fixed_oracle,631,,,4,4,saturated,30,0.0,,,efcae9e07f7e104140a61eb075eeadc81cfca7d062bf7b37f1a236c507c9be6c,100000,214536145,99998,2,2e-05,0.9032053782825267,15162.826172617262,16019.0,0.99897006227922,0.9567074801872489,24992,0,0
23949a7574b4c2b3,heldout,periodic-30ms,fixed_oracle,742,,,4,4,saturated,30,0.0,,,23949a7574b4c2b31b61c2b91b9bab21cf545c5d8e12aaa6f209f762126c9f0e,100000,214536144,99994,6,6e-05,0.903169938581538,15163.23260256436,16019.0,0.9989674606025447,0.9566847997280277,24992,0,0
c97bc6fede41c90e,heldout,periodic-30ms,fixed_oracle,859,,,4,4,saturated,30,0.0,,,c97bc6fede41c90e6f21881a65e9d13dae78d91c51f9e2533b4a989f98b2b422,100000,214536142,99995,5,5e-05,0.9031769528138527,15163.241261363977,16019.0,0.9989693006165947,0.9566902511434825,24992,0,0
0ba64fdf7024037c,heldout,periodic-30ms,fixed_oracle,967,,,4,4,saturated,30,0.0,,,0ba64fdf7024037c1ac4567ea18a4f68ecf85e8e8353aa80c3d0cd6734b7165c,100000,214536145,99994,6,6e-05,0.9031692724785374,15163.192576960775,16019.0,0.9989674086948086,0.9566845603911153,24992,0,0
7e922abf48a8515a,heldout,periodic-30ms,fixed_oracle,1081,,,4,4,saturated,30,0.0,,,7e922abf48a8515a62d1ed182a0ca07c78061edd2a17861d71ec51afb9605b5b,100000,214536151,99989,11,0.00011,0.903122844783395,15163.891089306968,16019.0,0.9989679824359348,0.9566567757397766,24992,0,0
1766926b14cab795,heldout,periodic-30ms,fixed_oracle,1193,,,4,4,saturated,30,0.0,,,1766926b14cab795592e15b3680eed59adc64c52abc464bc60732682368a45f3,100000,214536150,99991,9,9e-05,0.9031421930523131,15163.747667103407,16019.0,0.9989654208309903,0.9566673712944344,24993,0,0
666d00646924aec1,heldout,periodic-30ms,fixed_oracle,1307,,,4,4,saturated,30,0.0,,,666d00646924aec1f34b055ca66af4d1095c1f3b865507edbdc8216b9033e28d,100000,214536153,99989,11,0.00011,0.903124686868045,15163.871255538552,16019.0,0.9989707664611613,0.9566583177764021,24992,0,0
07eb2c2490be8d5e,heldout,periodic-30ms,fixed_oracle,1429,,,4,4,saturated,30,0.0,,,07eb2c2490be8d5e71e40811fbd7c9e832ad4c5339cc4ef9fc309f5abfee3b7f,100000,214536147,99991,9,9e-05,0.9031426018851733,15163.447486072633,16019.0,0.9989667732944206,0.956667958393198,24992,0,0
ae8dc7fd76ad1ab6,heldout,periodic-30ms,primary_db_lbt,410,,,4,4,saturated,30,0.0,,,ae8dc7fd76ad1ab6042a26ec5e9c58c2ebb0f6bdd105c2fbf8f0f1c9ef3914d3,100000,214536148,99995,5,5e-05,0.9031818078508616,15163.041235360597,16019.0,0.9989683344331398,0.9566915474280004,0,0,0
597a84f1fa9a13cd,heldout,periodic-30ms,primary_db_lbt,523,,,4,4,saturated,30,0.0,,,597a84f1fa9a13cd76e4c3aaf5025c1d2ae65bb9c8994dbb166a079159dc552f,100000,214536144,99999,1,1e-05,0.9032133112264756,15162.855116960527,16019.0,0.9989666687800811,0.956711493335519,0,0,0
c4bc9eb5fda5d4b2,heldout,periodic-30ms,primary_db_lbt,631,,,4,4,saturated,30,0.0,,,c4bc9eb5fda5d4b2a83d81d73ef00db41a47d09fa66282ec65ad502875ad1a22,100000,214536150,99996,4,4e-05,0.9031891315286491,15162.569158298997,16019.0,0.9989688652006943,0.9566966655764478,0,0,0
040dfd87c465ca48,heldout,periodic-30ms,primary_db_lbt,742,,,4,4,saturated,30,0.0,,,040dfd87c465ca48ae25de78faa4bddc5d46099b913e2f89f7bfc89568887842,100000,214536165,99978,22,0.00022,0.9030261727667221,15164.478753626088,16019.0,0.998968819298495,0.9565973306884057,0,0,0
4b54a3ebccbf429d,heldout,periodic-30ms,primary_db_lbt,859,,,4,4,saturated,30,0.0,,,4b54a3ebccbf429d785185711dfdd16f2e2ac8bc295876efc4f0cfb6cb9e07a8,100000,214536151,99991,9,9e-05,0.9031373178686328,15162.78684376344,16019.0,0.9989716644732125,0.9566678274472817,0,0,0
fa8c15b85984f246,heldout,periodic-30ms,primary_db_lbt,967,,,4,4,saturated,30,0.0,,,fa8c15b85984f2462dfde9adad2082e23f5b2f243f5aba22cc2aedcf5b4b803b,100000,214536158,99990,10,0.0001,0.9031254442432963,15162.738512932328,16019.0,0.99897477072505,0.9566624049894487,0,0,0
33bc69d46669c607,heldout,periodic-30ms,primary_db_lbt,1081,,,4,4,saturated,30,0.0,,,33bc69d46669c607caedda461339abd043fea0008a4ed67535cf287c8f453d0e,100000,214536157,99985,15,0.00015,0.9030871472168676,15162.294887824199,16019.0,0.9989759209198219,0.9566375227122297,0,0,0
5d8c91cab2612ca2,heldout,periodic-30ms,primary_db_lbt,1193,,,4,4,saturated,30,0.0,,,5d8c91cab2612ca25d02f663918fa3862f40feba11bf62c60fc8358162760cc9,100000,214536151,99997,3,3e-05,0.9031953174176225,15162.657712348358,16019.0,0.9989653503959446,0.9567000559378558,0,0,0
3dcb06cb868e2259,heldout,periodic-30ms,primary_db_lbt,1307,,,4,4,saturated,30,0.0,,,3dcb06cb868e225918b99403acf8d1427e19fe896623572779bd30032afc9464,100000,214536156,99990,10,0.0001,0.9031342343991658,15162.598327698986,16019.0,0.998967465230601,0.9566628998765889,0,0,0
067ea44b8789b1e9,heldout,periodic-30ms,primary_db_lbt,1429,,,4,4,saturated,30,0.0,,,067ea44b8789b1e970d7c442d13048737a843861c5adab958c2a18e9419b3e4e,100000,214536173,99970,30,0.0003,0.9029642008203437,15161.165803005142,16019.0,0.9989439672451957,0.9565483893551797,0,0,0
8edd6fcdff14941b,heldout,periodic-30ms,random_lbt,410,,,4,4,saturated,30,0.0,,,8edd6fcdff14941bf32171e2258e8524bbd61332b251b5848c09e2e8b5bd01d6,100000,214510298,77029,22971,0.22971,0.6959829033476053,20272.286778930422,84078.0,0.9984122000272501,0.7846522011249518,0,0,0
82ddc4b7299f4471,heldout,periodic-30ms,random_lbt,523,,,4,4,saturated,30,0.0,,,82ddc4b7299f4471efd356e4bb1448623a81f6c1c78e2284a295d5ffd3c2c27d,100000,214510785,76981,23019,0.23019,0.6955619923725513,20288.879568160264,82093.0,0.9983035802786282,0.7856790242170599,0,0,0
8bde28e5d7355af5,heldout,periodic-30ms,random_lbt,631,,,4,4,saturated,30,0.0,,,8bde28e5d7355af584f86df93f565925cb93d4b8cbe5bc989e80576e195ae688,100000,214510150,77079,22921,0.22921,0.6963898165191718,20258.340841561676,82093.0,0.9986779976547926,0.7863247713913215,0,0,0
da227807037b79e5,heldout,periodic-30ms,random_lbt,742,,,4,4,saturated,30,0.0,,,da227807037b79e5af55e243e94f37f1009f04ddd2c763fce16b99dfe7805fdb,100000,214510938,77043,22957,0.22957,0.6958931250396192,20269.864892581296,84073.0,0.9987378769778847,0.784769167339168,0,0,0
1729f9eb4c5e64ec,heldout,periodic-30ms,random_lbt,859,,,4,4,saturated,30,0.0,,,1729f9eb4c5e64ec131850bc28345af9360431e7bd4e870d675cac02af05bfac,100000,214510516,77055,22945,0.22945,0.6961321607188712,20267.053694498165,84075.0,0.99875150533448,0.7848820553511171,0,0,0
681d9d2967f257aa,heldout,periodic-30ms,random_lbt,967,,,4,4,saturated,30,0.0,,,681d9d2967f257aafe5ceb21c77dfd463db285f9cf911c4ce36899dbe91cf816,100000,214510160,77167,22833,0.22833,0.6971259682991239,20235.44784147021,82104.0,0.9985612303157305,0.7867438995382847,0,0,0
243b2bfdec3ab52c,heldout,periodic-30ms,random_lbt,1081,,,4,4,saturated,30,0.0,,,243b2bfdec3ab52cea61cb2b9be78043003201736e45a53bb816a955f19c005e,100000,214510846,76890,23110,0.2311,0.6947112361861647,20314.90200567103,84072.0,0.9983229783424599,0.7838550715095414,0,0,0
eaab8d03e16cf52b,heldout,periodic-30ms,random_lbt,1193,,,4,4,saturated,30,0.0,,,eaab8d03e16cf52b0d58526cb41403aa63db9e8aac93f2a35f0cd208534cccc2,100000,214509866,76817,23183,0.23183,0.6939178219429777,20337.23301956802,84080.0,0.9987080583743648,0.7835311267724476,0,0,0
544a9307cf10a1ab,heldout,periodic-30ms,random_lbt,1307,,,4,4,saturated,30,0.0,,,544a9307cf10a1ab7b704c4f6909b993105d229c42e11c2f1edb98300fab7891,100000,214511599,76883,23117,0.23117,0.6945841422775465,20315.189632520327,84076.0,0.9983750364259244,0.7838098929011569,0,0,0
2694ad356bb0c37c,heldout,periodic-30ms,random_lbt,1429,,,4,4,saturated,30,0.0,,,2694ad356bb0c37c6026066d3f997786221c0af1287981794ec68c5fac3d7740,100000,214510414,77095,22905,0.22905,0.6964388218466634,20250.060996017488,84081.0,0.9983739362120608,0.7849544193529081,0,0,0
59d7af647a6e367e,heldout,periodic-30ms,tmc_db_lbt,410,,,4,4,saturated,30,0.0,,,59d7af647a6e367e0ab2008cbd2407c90239621d5d86761d0d321ecfdcd6380d,100000,214536144,99992,8,8e-05,0.9031506085053901,15163.495889342295,16019.0,0.9989673682163972,0.9566733255739291,0,0,0
e23e61de0cce1acb,heldout,periodic-30ms,tmc_db_lbt,523,,,4,4,saturated,30,0.0,,,e23e61de0cce1acb13aa09ab2408ccfb933c82f060de7df530087bc0168dd7f7,100000,214536142,99997,3,3e-05,0.9031958540580076,15163.058056386202,16019.0,0.9989680319268899,0.9567011286616325,0,0,0
5b92a2e1da32a4e7,heldout,periodic-30ms,tmc_db_lbt,631,,,4,4,saturated,30,0.0,,,5b92a2e1da32a4e73a6d7989544bae13f4474d72f30bf78ecb5831f4d79d6f35,100000,214536145,99998,2,2e-05,0.9032053782825267,15162.826172617262,16019.0,0.99897006227922,0.9567074801872489,0,0,0
dade1ce51f41b151,heldout,periodic-30ms,tmc_db_lbt,742,,,4,4,saturated,30,0.0,,,dade1ce51f41b1516ecc105fa57607d24bf5d1f66ced710e8297a40cec38a13e,100000,214536144,99994,6,6e-05,0.903169938581538,15163.23260256436,16019.0,0.9989674606025447,0.9566847997280277,0,0,0
779a1727b17d846b,heldout,periodic-30ms,tmc_db_lbt,859,,,4,4,saturated,30,0.0,,,779a1727b17d846bfb2098431ca241d09623fb10913df39374cdb5e738c2c934,100000,214536142,99995,5,5e-05,0.9031769528138527,15163.241261363977,16019.0,0.9989693006165947,0.9566902511434825,0,0,0
22471977352b93ed,heldout,periodic-30ms,tmc_db_lbt,967,,,4,4,saturated,30,0.0,,,22471977352b93ed49314c0719e73700b0767a88cca7398e5d03238d5050ba81,100000,214536145,99994,6,6e-05,0.9031692724785374,15163.192576960775,16019.0,0.9989674086948086,0.9566845603911153,0,0,0
67d6890bfc2a0426,heldout,periodic-30ms,tmc_db_lbt,1081,,,4,4,saturated,30,0.0,,,67d6890bfc2a0426d34603364c83158a6efe953396cb9332c93311255d0a1844,100000,214536151,99989,11,0.00011,0.903122844783395,15163.891089306968,16019.0,0.9989679824359348,0.9566567757397766,0,0,0
c570740bee809cf4,heldout,periodic-30ms,tmc_db_lbt,1193,,,4,4,saturated,30,0.0,,,c570740bee809cf4943cbdceb92cc2d513c3c623ba9deab01d837d1448cdd623,100000,214536150,99991,9,9e-05,0.9031422116971894,15163.74770711021,16019.0,0.9989654234313683,0.9566673783761859,0,0,0
f7db5e0c5b228068,heldout,periodic-30ms,tmc_db_lbt,1307,,,4,4,saturated,30,0.0,,,f7db5e0c5b2280688729732d35dbb5dd7148c636f96886111431b2abff3371f7,100000,214536153,99989,11,0.00011,0.903124686868045,15163.871255538552,16019.0,0.9989707664611613,0.9566583177764021,0,0,0
3232b0f40a639aae,heldout,periodic-30ms,tmc_db_lbt,1429,,,4,4,saturated,30,0.0,,,3232b0f40a639aae60e520560e42eef3b304a51e730855d9e31f22fb812c9dbe,100000,214536147,99991,9,9e-05,0.9031426018851733,15163.447486072633,16019.0,0.9989667732944206,0.956667958393198,0,0,0
36ee5a6c1e7996d4,heldout,perturb-0.8,adaptive_db_lbt,410,,,4,4,saturated,,0.8,,,36ee5a6c1e7996d488cb3d020f52cf5a8fb12f1a30ce2c3a92d74ef747cbf5f7,100000,200224994,99994,6,6e-05,0.967669520819164,14018.560498469786,14018.0,0.998962352264592,0.9795169576945852,24992,7964,0
9c7d25b4d966666c,heldout,perturb-0.8,adaptive_db_lbt,523,,,4,4,saturated,,0.8,,,9c7d25b4d966666cd834fb86163aa4efc5dd89473c6459ae6112d32d5e3ba91a,100000,200224995,99993,7,7e-05,0.9677797969229566,14018.72090813622,14018.0,0.9989752066495743,0.9795555011908436,24992,7925,0
4e8a4b50a34490db,heldout,perturb-0.8,adaptive_db_lbt,631,,,4,4,saturated,,0.8,,,4e8a4b50a34490db7e8cfd280c9a1bb4ea7a6f81170cc31eaa9184d093d228da,100000,200224998,99993,7,7e-05,0.9677192555147385,14018.76093414012,14018.0,0.9989697464786436,0.9795335006644607,24992,7957,0
4ff0dc7c945c36b3,heldout,perturb-0.8,adaptive_db_lbt,742,,,4,4,saturated,,0.8,,,4ff0dc7c945c36b330f89f4569ac7207c5c963c579b0476c920d2e974df53285,100000,200224986,100000,0,0.0,0.9677851993956439,14017.979428354269,14018.0,0.9989689471864324,0.9795727155273588,24992,7871,0
61de05ca24a2f945,heldout,perturb-0.8,adaptive_db_lbt,859,,,4,4,saturated,,0.8,,,61de05ca24a2f945cb40893b41b0668baca88766c11c133bfd682bf6ce864ca8,100000,200224992,99996,4,4e-05,0.9677487164039942,14018.17985158219,14018.0,0.9989704143434779,0.9795510435824908,24992,7963,0
ca9aff76fbed78a5,heldout,perturb-0.8,adaptive_db_lbt,967,,,4,4,saturated,,0.8,,,ca9aff76fbed78a5336ca18f991290895fa0a74bcb7bdb971026b1de24f8ebf1,100000,200224994,99995,5,5e-05,0.9678009979113796,14018.440317241242,14018.0,0.9989740056015023,0.9795671678376273,24992,7958,0
3c660d4ea7616b39,heldout,perturb-0.8,adaptive_db_lbt,1081,,,4,4,saturated,,0.8,,,3c660d4ea7616b39ad817076b28adf4d454f3d87057dc71ae5f1250cf5686ca3,100000,200224992,99991,9,9e-05,0.9677617867004334,14018.840992968804,14018.0,0.9989726506871447,0.9795436457958594,24992,7941,0
565b6bd4511cf5f3,heldout,perturb-0.8,adaptive_db_lbt,1193,,,4,4,saturated,,0.8,,,565b6bd4511cf5f3d34003e00275172c85c289f9d0042e9c09e775d575c1002a,100000,200224993,99990,10,0.0001,0.9676908616498241,14018.800884159149,14018.0,0.9989704080822771,0.979516756577367,24992,7912,0
bb94b492d49c9fd1,heldout,perturb-0.8,adaptive_db_lbt,1307,,,4,4,saturated,,0.8,,,bb94b492d49c9fd1e6073158e6c99a111dba4c0007051a73cc2df2a60b304c5e,100000,200224987,99999,1,1e-05,0.9677740171360331,14017.959416347472,14018.0,0.9989681867676612,0.9795662346345648,24991,7858,0
7152710239965101,heldout,perturb-0.8,adaptive_db_lbt,1429,,,4,4,saturated,,0.8,,,715271023996510178aa258d8c13fcfa9d175c006d233ab11515d22a67e8f0ab,100000,200224994,99998,2,2e-05,0.9677650683310796,14018.139823982398,14018.0,0.9989688873350142,0.9795609852220314,24992,7892,0
721b5d3b8e62b3e8,heldout,perturb-0.8,fixed_oracle,410,,,4,4,saturated,,0.8,,,721b5d3b8e62b3e8342793a9064fb19dcaf43e8f975d5426c40b7379aa0cee17,100000,200224994,99994,6,6e-05,0.967669520819164,14018.560498469786,14018.0,0.998962352264592,0.9795169576945852,24992,0,0
3e9fa9078914e214,heldout,perturb-0.8,fixed_oracle,523,,,4,4,saturated,,0.8,,,3e9fa9078914e214a79f1addbd290f8f614fd55431d94e7ad4bbabb887843c41,100000,200224995,99993,7,7e-05,0.9677797969229566,14018.72090813622,14018.0,0.9989752066495743,0.9795555011908436,24992,0,0
7a71a81626e077c9,heldout,perturb-0.8,fixed_oracle,631,,,4,4,saturated,,0.8,,,7a71a81626e077c9d64b0aa04763920207dbc4689b0c9029d886a523ed966cf9,100000,200224998,99993,7,7e-05,0.9677192555147385,14018.76093414012,14018.0,0.9989697464786436,0.9795335006644607,24992,0,0
efa969cb3e3a831b,heldout,perturb-0.8,fixed_oracle,742,,,4,4,saturated,,0.8,,,efa969cb3e3a831b55546547782f9959c5e69055a4ad050cc13013aeee3ca524,100000,200224986,100000,0,0.0,0.9677851993956439,14017.979428354269,14018.0,0.9989689471864324,0.9795727155273588,24992,0,0
f54f67b0d520d187,heldout,perturb-0.8,fixed_oracle,859,,,4,4,saturated,,0.8,,,f54f67b0d520d187631fa5e7016eb11c7ff2023893e1e3336b3d4c222789b518,100000,200224992,99996,4,4e-05,0.9677487164039942,14018.17985158219,14018.0,0.9989704143434779,0.9795510435824908,24992,0,0
d4bff02c039b1208,heldout,perturb-0.8,fixed_oracle,967,,,4,4,saturated,,0.8,,,d4bff02c039b1208dde832431ce13100b7ab362a559304806eb5a112e3251996,100000,200224994,99995,5,5e-05,0.9678009979113796,14018.440317241242,14018.0,0.9989740056015023,0.9795671678376273,24992,0,0
ef01a42223e5b24b,heldout,perturb-0.8,fixed_oracle,1081,,,4,4,saturated,,0.8,,,ef01a42223e5b24b98c5b5409204ef755d51254a4af23f37121685d363fdff1d,100000,200224992,99991,9,9e-05,0.9677617867004334,14018.840992968804,14018.0,0.9989726506871447,0.9795436457958594,24992,0,0
add545cad233c973,heldout,perturb-0.8,fixed_oracle,1193,,,4,4,saturated,,0.8,,,add545cad233c973085e2a292a3dc79592d6af1c8be2757ce9e2089f89dc3652,100000,200224993,99990,10,0.0001,0.9676908616498241,14018.800884159149,14018.0,0.9989704080822771,0.979516756577367,24992,0,0
97a296a4af17102e,heldout,perturb-0.8,fixed_oracle,1307,,,4,4,saturated,,0.8,,,97a296a4af17102e33a0a26a493ed1fbe56dee523248f81b12bafdf04fcd0637,100000,200224987,99999,1,1e-05,0.9677740171360331,14017.959416347472,14018.0,0.9989681867676612,0.9795662346345648,24991,0,0
79bc2b4db5ea91e5,heldout,perturb-0.8,fixed_oracle,1429,,,4,4,saturated,,0.8,,,79bc2b4db5ea91e5e555cc57ac33040f9bedc623e90ae85baa7e85a1d4df3138,100000,200224994,99998,2,2e-05,0.9677650683310796,14018.139823982398,14018.0,0.9989688873350142,0.9795609852220314,24992,0,0
a1207506f4ef1f15,heldout,perturb-0.8,primary_db_lbt,410,,,4,4,saturated,,0.8,,,a1207506f4ef1f152ccfd51096567e5b45e6ec167839b2379d8a4d69b0214578,100000,200224998,99994,6,6e-05,0.9677942711229294,14017.899925989639,14018.0,0.9989722222100383,0.9795618311109893,0,0,0
f9c2d4f7118b02cd,heldout,perturb-0.8,primary_db_lbt,523,,,4,4,saturated,,0.8,,,f9c2d4f7118b02cd9d6656c46392b1d670134011aab1613979e82dfcab973cc5,100000,200224998,99993,7,7e-05,0.9677872540171033,14018.120218032705,14018.0,0.9989690918950016,0.9795559486373684,0,0,0
0b4c0cb0c77fea1e,heldout,perturb-0.8,primary_db_lbt,631,,,4,4,saturated,,0.8,,,0b4c0cb0c77fea1ede1f01c61514cfbf65ed6888f755ef0e1a236273672470b5,100000,200225000,99994,6,6e-05,0.967790945186665,14017.939851579222,14018.0,0.9989746154640724,0.9795615202169126,0,0,0
97c24b6e6c5434f8,heldout,perturb-0.8,primary_db_lbt,742,,,4,4,saturated,,0.8,,,97c24b6e6c5434f8f2291659ae052b4f71a7bfcd7663031f3aa7085123de00a9,100000,200224992,100000,0,0.0,0.9677226557212198,14017.97971837747,14018.0,0.9989646745003701,0.9795504434071968,0,0,0
e882f8e2d2e6d5d4,heldout,perturb-0.8,primary_db_lbt,859,,,4,4,saturated,,0.8,,,e882f8e2d2e6d5d4bb7913e40c754ae9699965fd835baf0fea102a317bb3bf95,100000,200225005,99989,11,0.00011,0.9676176109971879,14017.759934387534,14018.0,0.998968093801691,0.979489068266293,0,0,0
de9cf7834ee849d8,heldout,perturb-0.8,primary_db_lbt,967,,,4,4,saturated,,0.8,,,de9cf7834ee849d81747030dd7b3d6bb914af4a39edd25c307a25dc822e3019e,100000,200225001,99992,8,8e-05,0.9677104259322741,14018.080182829253,14018.0,0.9989704384429967,0.9795282881250903,0,0,0
9f941fb5931e1600,heldout,perturb-0.8,primary_db_lbt,1081,,,4,4,saturated,,0.8,,,9f941fb5931e160046d510870eaf65c4f58ab920fb89cbe8588298901a33c0b8,100000,200225002,99988,12,0.00012,0.9676103586703922,14017.980166033207,14018.0,0.9989648991558907,0.9794830859420943,0,0,0
5fc3d61f2897477d,heldout,perturb-0.8,primary_db_lbt,1193,,,4,4,saturated,,0.8,,,5fc3d61f2897477dc8db50c5d30c25fe4cb14f6013d3e5614ca764e485983140,100000,200225011,99989,11,0.00011,0.9676213177983044,14017.119172642802,14018.0,0.998960371617768,0.9794877298053575,0,0,0
e598b4e8cfd35bf5,heldout,perturb-0.8,primary_db_lbt,1307,,,4,4,saturated,,0.8,,,e598b4e8cfd35bf5bd09c12018f19e086a5d63597cce0547aa95350796d474bf,100000,200224993,99997,3,3e-05,0.96781867786106,14017.979777775556,14018.0,0.9989738764311168,0.9795780180973922,0,0,0
cc11945049658968,heldout,perturb-0.8,primary_db_lbt,1429,,,4,4,saturated,,0.8,,,cc1194504965896813abaaee3295a0838ec07ea801bcb8ab30ec0e3b5f70dd99,100000,200225000,99994,6,6e-05,0.9677914995629916,14017.879963194848,14018.0,0.9989733536584453,0.9795612844071456,0,0,0
719e43f328fdc577,heldout,perturb-0.8,random_lbt,410,,,4,4,saturated,,0.8,,,719e43f328fdc57733d57498a502776d85088d7f18dbd4817fcbe43ba83c919b,100000,200208750,76919,23081,0.23081,0.7446120012237227,18820.788846848955,78076.0,0.998342118202818,0.8045648731421804,0,0,0
8ffd7e575d68bf39,heldout,perturb-0.8,random_lbt,523,,,4,4,saturated,,0.8,,,8ffd7e575d68bf393b506f965c26c325c64f20fe62f3f60c6327c9aaf0488a56,100000,200208819,77016,22984,0.22984,0.7454408739107542,18793.78952836069,78081.0,0.9982088379309814,0.8050359039472452,0,0,0
0f9a8d3d68441e78,heldout,perturb-0.8,random_lbt,631,,,4,4,saturated,,0.8,,,0f9a8d3d68441e78dd55b7b1f2d6911b63394b8bd0cc43530677552819a87aa2,100000,200208639,77031,22969,0.22969,0.7455689312187972,18788.422198564065,78085.0,0.998419260049543,0.8051835637561133,0,0,0
62bd8e945b75dd53,heldout,perturb-0.8,random_lbt,742,,,4,4,saturated,,0.8,,,62bd8e945b75dd53f1e11d93c5b2358349fb61c335e6e53ece0501b6e33428df,100000,200207443,77120,22880,0.2288,0.7461531088032526,18765.447569768647,78074.0,0.9994707798633847,0.8059586295555458,0,0,0
449f94b007b526ee,heldout,perturb-0.8,random_lbt,859,,,4,4,saturated,,0.8,,,449f94b007b526ee2110c03e598cccb031310b234693a52c75db9628b2969e3f,100000,200208984,76979,23021,0.23021,0.7451405827023226,18802.138129945044,78078.0,0.9987991786910614,0.8050420871311281,0,0,0
0fe5b5526f322984,heldout,perturb-0.8,random_lbt,967,,,4,4,saturated,,0.8,,,0fe5b5526f322984e0c6f020187ddaabd7f5902ed5d6b7d4f3d395584b97863a,100000,200207957,76994,23006,0.23006,0.745095415962913,18797.19782817655,78070.0,0.9985614588415047,0.8049906249348059,0,0,0
4a4698276b401720,heldout,perturb-0.8,random_lbt,1081,,,4,4,saturated,,0.8,,,4a4698276b4017208161f4191fd24db359700b252804cbb981e2520bdf100b69,100000,200207404,77165,22835,0.22835,0.7467595254369314,18753.332879712794,78087.0,0.999097167236733,0.8061400642245548,0,0,0
e7c5c778951d67fb,heldout,perturb-0.8,random_lbt,1193,,,4,4,saturated,,0.8,,,e7c5c778951d67fb3425764651c46bad9c83993a65752d71df699f2f24d8a61e,100000,200208030,77009,22991,0.22991,0.7449894991724358,18793.959974545785,78082.0,0.9994750740769237,0.8052893577497865,0,0,0
cad76ec374609f09,heldout,perturb-0.8,random_lbt,1307,,,4,4,saturated,,0.8,,,cad76ec374609f097fa89f578611334d5054bbd93d72f14cbf42b01309d6889f,100000,200209250,76835,23165,0.23165,0.74369247175143,18841.260286097335,76108.0,0.9982412193293133,0.8053267303602477,0,0,0
a5ac0a2415aebf76,heldout,perturb-0.8,random_lbt,1429,,,4,4,saturated,,0.8,,,a5ac0a2415aebf7679f6e123d49f5883c869d7308ebece34526d9228ad509747,100000,200208987,77040,22960,0.2296,0.7457471726781176,18788.602489874338,78080.0,0.9986891265119884,0.805358766396702,0,0,0
e64091b2d194eb0d,heldout,perturb-0.8,tmc_db_lbt,410,,,4,4,saturated,,0.8,,,e64091b2d194eb0d560fa962fded5504edccdba6f17e56ee863d8636e12bbb1c,100000,200224994,99994,6,6e-05,0.967669520819164,14018.560498469786,14018.0,0.998962352264592,0.9795169576945852,0,0,0
0c740aa50bf41596,heldout,perturb-0.8,tmc_db_lbt,523,,,4,4,saturated,,0.8,,,0c740aa50bf4159612ebb25bdd83197f91e1e246798104823c8fd95d445dae97,100000,200224995,99993,7,7e-05,0.9677797969229566,14018.72090813622,14018.0,0.9989752066495743,0.9795555011908436,0,0,0
ebcb7423d6f39c75,heldout,perturb-0.8,tmc_db_lbt,631,,,4,4,saturated,,0.8,,,ebcb7423d6f39c753fdb73388ba3716be6e33d462c09ff68801fe230423e1d9a,100000,200224998,99993,7,7e-05,0.9677192555147385,14018.76093414012,14018.0,0.9989697464786436,0.9795335006644607,0,0,0
a7beb0da5588481b,heldout,perturb-0.8,tmc_db_lbt,742,,,4,4,saturated,,0.8,,,a7beb0da5588481b2fcd58cf2d3e2358be0fbb2a58339d4a058f75aad9893abe,100000,200224986,100000,0,0.0,0.9677851993956439,14017.979428354269,14018.0,0.9989689471864324,0.9795727155273588,0,0,0
5a1a01ff73f176a2,heldout,perturb-0.8,tmc_db_lbt,859,,,4,4,saturated,,0.8,,,5a1a01ff73f176a284935d14747e973968cb3707ca93f1dc52d59b471fc1da0b,100000,200224992,99996,4,4e-05,0.9677487164039942,14018.17985158219,14018.0,0.9989704143434779,0.9795510435824908,0,0,0
9054ef8e7552ce96,heldout,perturb-0.8,tmc_db_lbt,967,,,4,4,saturated,,0.8,,,9054ef8e7552ce968227502ec5bcb5b0eb25d394e12bc300c3672c38a1c0e524,100000,200224994,99995,5,5e-05,0.9678009979113796,14018.440317241242,14018.0,0.9989740056015023,0.9795671678376273,0,0,0
596f1de063b0756b,heldout,perturb-0.8,tmc_db_lbt,1081,,,4,4,saturated,,0.8,,,596f1de063b0756b8e24c82d96fbd12da5caeda4660116f521a2db95514f4d9e,100000,200224992,99991,9,9e-05,0.9677617867004334,14018.840992968804,14018.0,0.9989726506871447,0.9795436457958594,0,0,0
13b2b1afd3025fbf,heldout,perturb-0.8,tmc_db_lbt,1193,,,4,4,saturated,,0.8,,,13b2b1afd3025fbff123eb2ef3be59c6848a38d409cef59743661fae8dc5245f,100000,200224993,99990,10,0.0001,0.9676908616498241,14018.800884159149,14018.0,0.9989704080822771,0.979516756577367,0,0,0
b05a364616be4a91,heldout,perturb-0.8,tmc_db_lbt,1307,,,4,4,saturated,,0.8,,,b05a364616be4a9137693ca8a1dde050582776a0a37ad5d6de6c63aa93419218,100000,200224987,99999,1,1e-05,0.9677740171360331,14017.959416347472,14018.0,0.9989681867676612,0.9795662346345648,0,0,0
116c977c5580240a,heldout,perturb-0.8,tmc_db_lbt,1429,,,4,4,saturated,,0.8,,,116c977c5580240a653b1d44f183b4ac6685aacc2f50c8a4d511460d96ae4477,100000,200224994,99998,2,2e-05,0.9677650683310796,14018.139823982398,14018.0,0.9989688873350142,0.9795609852220314,0,0,0
bb0ab721949402f5,heldout,poisson-0.035,adaptive_db_lbt,410,,,4,4,poisson,,0.0,,,bb0ab721949402f504d9a2fde5bac62d7840ab7dda78d2eb9c0877e4646972bf,100000,266623130,74798,25202,0.25202,0.5436950387612658,26512.57851317021,82206.0,0.9986464970121108,0.7296381785911256,24993,15756,0
11323daaaa2daee3,heldout,poisson-0.035,adaptive_db_lbt,523,,,4,4,poisson,,0.0,,,11323daaaa2daee32a02a2cc1800c00b624d7ab5ca6e908848e9bada900f7a61,100000,267303525,74935,25065,0.25065,0.543220793665179,26532.345095893335,82189.0,0.998856827021991,0.7299040402290566,24991,15827,0
5e54f669680557c5,heldout,poisson-0.035,adaptive_db_lbt,631,,,4,4,poisson,,0.0,,,5e54f669680557c505827d2211f30e2a20c00252b76f60491864f50135076afb,100000,268282036,74919,25081,0.25081,0.5411398398661326,26642.937379023107,82217.0,0.9989170872233875,0.7291718090298399,24989,15793,0
3f11c0daa9e57e41,heldout,poisson-0.035,adaptive_db_lbt,742,,,4,4,poisson,,0.0,,,3f11c0daa9e57e4157bb5fb404943a90d328fded77042c6bd09596efcb5b1774,100000,266879322,74910,25090,0.2509,0.5438078900695049,26494.662625831086,82171.0,0.9989902770736009,0.7300937223810353,24994,15769,0
7aa7ad9ab38cc1a4,heldout,poisson-0.035,adaptive_db_lbt,859,,,4,4,poisson,,0.0,,,7aa7ad9ab38cc1a437bc77a80e71aebb18f8a41c57a8d7dfdbb670a32b487ffa,100000,268823978,74993,25007,0.25007,0.5405207529515839,26674.171580982864,82249.0,0.9989247164236724,0.7291316564584187,24989,15863,0
df87ae58bb0634a1,heldout,poisson-0.035,adaptive_db_lbt,967,,,4,4,poisson,,0.0,,,df87ae58bb0634a1c3a4c29763c55b403f804344ad0f45d75c25fdb08142b926,100000,267545513,74848,25152,0.25152,0.5418970379069673,26594.970203099947,82211.0,0.9992387928339617,0.7293579435803096,24993,15718,0
ab34040bc6562432,heldout,poisson-0.035,adaptive_db_lbt,1081,,,4,4,poisson,,0.0,,,ab34040bc65624326b9710aa518811b7610622c99b729b20728318333279adfa,100000,266112089,74547,25453,0.25453,0.5428462440126123,26551.41252230376,82218.0,0.9986934159009235,0.7287353866378453,24991,15937,0
224ef514c6633dd3,heldout,poisson-0.035,adaptive_db_lbt,1193,,,4,4,poisson,,0.0,,,224ef514c6633dd3098e843e9806fa63f634c74039a2ddad64ac0eed6e506a2b,100000,268879195,74996,25004,0.25004,0.5404469393773661,26679.855430202166,82229.0,0.9990404364905677,0.7291664586226446,24992,15847,0
e540c362a7f41619,heldout,poisson-0.035,adaptive_db_lbt,1307,,,4,4,poisson,,0.0,,,e540c362a7f4161997a845e8639ef2f81a0bff5e871508a06ab414826bb79f79,100000,269472125,75044,24956,0.24956,0.5396808185633301,26724.480715923022,82247.0,0.9987330915003025,0.7289166366878774,24989,15838,0
ecfbbc56ac0f6833,heldout,poisson-0.035,adaptive_db_lbt,1429,,,4,4,poisson,,0.0,,,ecfbbc56ac0f6833f24b0c70f00b3c5712ac44b1bfcfde1f0b122be70321b1cd,100000,267390719,74917,25083,0.25083,0.5429748180601586,26551.34768852875,82181.0,0.9987560853244781,0.7297488011282123,24989,15919,0
566c749cecb09b82,heldout,poisson-0.035,fixed_oracle,410,,,4,4,poisson,,0.0,,,566c749cecb09b82a16b99b25025e33f0735af8c34d26e3e51581d05aad45663,100000,268191438,75242,24758,0.24758,0.5436451479856713,26511.154398277373,82204.0,0.9986610570703571,0.730737735018676,24993,0,0
40e640bbcd0326b1,heldout,poisson-0.035,fixed_oracle,523,,,4,4,poisson,,0.0,,,40e640bbcd0326b10eff4cfe15673bf7e25fe67cc0dd40685ed13fdac98a9743,100000,269116684,75439,24561,0.24561,0.5431942933720155,26534.532658986358,82201.0,0.9988474260359613,0.7311440731359923,24991,0,0
33de93a4df5423b3,heldout,poisson-0.035,fixed_oracle,631,,,4,4,poisson,,0.0,,,33de93a4df5423b3009fb353b260058bab90b56be9778a9bb2c18da923e2034f,100000,269517508,75290,24710,0.2471,0.5413627191892855,26633.818123854307,82248.0,0.9989764368646649,0.7301727186846501,24989,0,0
6ec886cbaec5b02f,heldout,poisson-0.035,fixed_oracle,742,,,4,4,poisson,,0.0,,,6ec886cbaec5b02fe42f5815ed00ed6bc5f85c6d65aa74b010b00ba3c13f506a,100000,268393707,75343,24657,0.24657,0.5438482765916713,26493.720461936682,82182.0,0.9990277783883825,0.731194851660018,24994,0,0
b10d8d68a5fa6937,heldout,poisson-0.035,fixed_oracle,859,,,4,4,poisson,,0.0,,,b10d8d68a5fa693731bbeba2c378c2598c2540d48f40b5156451cd0a1091e25e,100000,270223590,75368,24632,0.24632,0.5404442965175617,26681.315406050955,82226.0,0.9989286083743936,0.7300603016306518,24989,0,0
2fb2d0f6d1d165e4,heldout,poisson-0.035,fixed_oracle,967,,,4,4,poisson,,0.0,,,2fb2d0f6d1d165e436aa7bdf9e0e00e15297dce07631d62ac1d791d0e30e8943,100000,269231607,75320,24680,0.2468,0.5420642161081778,26593.077942426175,82220.0,0.9992441133942148,0.7305894431674642,24993,0,0
ac6a64c092e4eb96,heldout,poisson-0.035,fixed_oracle,1081,,,4,4,poisson,,0.0,,,ac6a64c092e4eb96f7cdda4ce8543c79ea2f430f71fa05a77f10b1247c34784e,100000,268402605,75150,24850,0.2485,0.5425578898535653,26566.73882781933,82244.0,0.998697674910617,0.7301308549213942,24991,0,0
60d20a8b335390d6,heldout,poisson-0.035,fixed_oracle,1193,,,4,4,poisson,,0.0,,,60d20a8b335390d6200ae2cdd92502fd948cc21955c8fbc6d3d868cdd0f926f6,100000,269773345,75212,24788,0.24788,0.540126356812605,26690.99823147705,84134.0,0.9990352514082688,0.7283278694069579,24992,0,0
b2f1b9cd2e9fa976,heldout,poisson-0.035,fixed_oracle,1307,,,4,4,poisson,,0.0,,,b2f1b9cd2e9fa9760190fe1853d3d467ce9110eae528d8e401f9d74293397f62,100000,270644696,75353,24647,0.24647,0.5395270003739515,26731.043134912736,82265.0,0.9987341159006169,0.7296262054248561,24990,0,0
e73334015b281533,heldout,poisson-0.035,fixed_oracle,1429,,,4,4,poisson,,0.0,,,e73334015b281533e9621261d07ec4bcbe71e03b5d8351842e77926d5a1bfcf9,100000,268950969,75370,24630,0.2463,0.5429845913661683,26545.139221358244,82180.0,0.9987557104459669,0.7308851006040451,24989,0,0
e644601a899397a1,heldout,poisson-0.035,primary_db_lbt,410,,,4,4,poisson,,0.0,,,e644601a899397a1cebbe1024ae5f8578acd5799a8fb2daeab7be6d72eab0e20,100000,233316195,65447,34553,0.34553,0.5436447564216449,26513.123473769465,86201.0,0.9986335633840415,0.7035762732685621,0,0,0
c17b1df7dcd4035f,heldout,poisson-0.035,primary_db_lbt,523,,,4,4,poisson,,0.0,,,c17b1df7dcd4035fd5ebf19b532ad2e03be8f5d06c309e3bf91ae5a644b7b657,100000,232885275,65322,34678,0.34678,0.5435545978593966,26515.458737789755,86214.0,0.9988388487401455,0.7032934821998473,0,0,0
397fadbeb619ec52,heldout,poisson-0.035,primary_db_lbt,631,,,4,4,poisson,,0.0,,,397fadbeb619ec523321f154524da5e126599fcecc35c83c8514f3bef10742e1,100000,232936607,65027,34973,0.34973,0.5409274936334931,26649.51840231317,86222.0,0.9988309040637295,0.7016722992324075,0,0,0
8667865247bce357,heldout,poisson-0.035,primary_db_lbt,742,,,4,4,poisson,,0.0,,,8667865247bce357977b860582fc0a7dac6ff27132469a53eaf2be50e424e9ef,100000,232413684,65197,34803,0.34803,0.5435732906329216,26509.010247127582,86188.0,0.9990181961429421,0.703064328925288,0,0,0
202cbe725a7b30ba,heldout,poisson-0.035,primary_db_lbt,859,,,4,4,poisson,,0.0,,,202cbe725a7b30ba77fa1d0f438c9dc2e757e3b9975cd9233b7ed00cbb9cb318,100000,234003675,65272,34728,0.34728,0.5405273100945958,26677.715034322136,86235.0,0.99894025613581,0.7021791887434685,0,0,0
4899d77f2e1aa4af,heldout,poisson-0.035,primary_db_lbt,967,,,4,4,poisson,,0.0,,,4899d77f2e1aa4af4538d1758644af5c927075b50a8b958ea761512aa7a884e3,100000,233429071,65320,34680,0.3468,0.5420350021441845,26584.50199044586,86202.0,0.9991219181107647,0.7028843067516498,0,0,0
fca0aa6dbc5e198c,heldout,poisson-0.035,primary_db_lbt,1081,,,4,4,poisson,,0.0,,,fca0aa6dbc5e198c7bdfa332a1365c2fe7670214f2bb53232cc711b91bb57b95,100000,233179808,65184,34816,0.34816,0.5417570761530089,26612.176199828158,86246.0,0.9985913007498266,0.7022454589676119,0,0,0
62206fb9aa332c73,heldout,poisson-0.035,primary_db_lbt,1193,,,4,4,poisson,,0.0,,,62206fb9aa332c73b8edaf87c3f9670a459e1bbe9650eb99ee1a48db03f9e5a0,100000,234808414,65585,34415,0.34415,0.5411399397297577,26636.872882260548,86238.0,0.9990107258157658,0.7031873885151746,0,0,0
5535963bf7acfe61,heldout,poisson-0.035,primary_db_lbt,1307,,,4,4,poisson,,0.0,,,5535963bf7acfe6170b1eba7c4a3aba8ce8e3d403c65f651c3a8db1c08097eca,100000,233323695,64903,35097,0.35097,0.5390727032674499,26756.272347638493,86252.0,0.998611255489376,0.7006508195856087,0,0,0
c8738e04a7435819,heldout,poisson-0.035,primary_db_lbt,1429,,,4,4,poisson,,0.0,,,c8738e04a7435819d28f41899ee04ba6b6735457b4f121f7983aa28e900538be,100000,233455140,65324,34676,0.34676,0.5422404535620847,26585.76056402719,86190.0,0.9987773297278928,0.7028559277633257,0,0,0
adb05db94e923de7,heldout,poisson-0.035,random_lbt,410,,,4,4,poisson,,0.0,,,adb05db94e923de75ef64d7e4df38dc1a79df40c9ed88aed9ef4e7fb2ff3b25e,100000,344688800,96563,3437,0.03437,0.5427894204859572,26552.58742685516,82182.0,0.9988803888099338,0.783842769765297,0,0,0
e14f959df5af4f31,heldout,poisson-0.035,random_lbt,523,,,4,4,poisson,,0.0,,,e14f959df5af4f31212392b25ce72b89b2d41a5ab7d5a5d1563160c16d09d13a,100000,345426983,96705,3295,0.03295,0.5424270083729967,26572.352865135425,84077.0,0.9988945060819268,0.7828183381516411,0,0,0
8ee2db87db0892f4,heldout,poisson-0.035,random_lbt,631,,,4,4,poisson,,0.0,,,8ee2db87db0892f4b657d15ea07af799325739089f91b875dca434a1a7dec029,100000,345837515,96643,3357,0.03357,0.5414776647351286,26624.962508407927,84086.0,0.9989819223198356,0.7823700290183214,0,0,0
90375ef83accfaa5,heldout,poisson-0.035,random_lbt,742,,,4,4,poisson,,0.0,,,90375ef83accfaa52e7e57a8a6a320e6cd0ad07412a6349d75725a0a098796e4,100000,345559927,96668,3332,0.03332,0.5420490727213286,26593.199658597143,82185.0,0.9990540051761397,0.7839143592991561,0,0,0
675d5968ff82b7fd,heldout,poisson-0.035,random_lbt,859,,,4,4,poisson,,0.0,,,675d5968ff82b7fd5dfe42627e516e0be3f389947e303995f185af73ac90c67a,100000,346202817,96604,3396,0.03396,0.5406673019647902,26667.189045095034,84110.0,0.9988558165084453,0.781944372824412,0,0,0
44bdb7f96130fb27,heldout,poisson-0.035,random_lbt,967,,,4,4,poisson,,0.0,,,44bdb7f96130fb2711f794b6c0fc0983db3c4662b2891b754f122a1525d5963b,100000,344971055,96638,3362,0.03362,0.5427082309847706,26556.699844768704,82172.0,0.999181788009681,0.7841103396648171,0,0,0
a1d4a4eef5e2285c,heldout,poisson-0.035,random_lbt,1081,,,4,4,poisson,,0.0,,,a1d4a4eef5e2285cea94dfb04a5cb348117002bc572639b804acb7063af9fb78,100000,344868410,96640,3360,0.0336,0.5430033269791222,26543.819883682423,84109.0,0.9988936492767138,0.7828263254186121,0,0,0
7fd8598665bf1437,heldout,poisson-0.035,random_lbt,1193,,,4,4,poisson,,0.0,,,7fd8598665bf14379e0386b9c67ff6db8468ac9f527484a8827c2914f0105550,100000,346047926,96592,3408,0.03408,0.5408507086385486,26657.257175101466,84133.0,0.9989749104531891,0.7819998730305792,0,0,0
f9dcfd808ebf5e03,heldout,poisson-0.035,random_lbt,1307,,,4,4,poisson,,0.0,,,f9dcfd808ebf5e03b8b25707143bb8358a69c3574b6687ebd44c9d4cab860348,100000,347010214,96686,3314,0.03314,0.5399070674040736,26711.07203293407,84132.0,0.9989319683601814,0.781906678588085,0,0,0
98557ee4761effb5,heldout,poisson-0.035,random_lbt,1429,,,4,4,poisson,,0.0,,,98557ee4761effb591391cc4aace11105268efcd7a9093ed7c3720cd7c2b6bb9,100000,343859789,96590,3410,0.0341,0.5442415833041764,26478.408015986417,82160.0,0.9988757505489573,0.7844074446177112,0,0,0
1c8e02cd7f1bf34c,heldout,poisson-0.035,tmc_db_lbt,410,,,4,4,poisson,,0.0,,,1c8e02cd7f1bf34c7a478484b91020bbbaa94eb37255333fa6510a266a9c4bb2,100000,248186097,69544,30456,0.30456,0.5429038597597189,26543.70721640589,82214.0,0.9986625325042559,0.7162394640879916,0,0,0
770d16d1b3cca0ae,heldout,poisson-0.035,tmc_db_lbt,523,,,4,4,poisson,,0.0,,,770d16d1b3cca0ae940a314fb7e5955ca7ccdaf08aaf9da572b248f7f7024fce,100000,247791080,69509,30491,0.30491,0.5436416920253949,26513.50842433922,82221.0,0.9988409254478418,0.7164527058244123,0,0,0
2fe42291d62eaa21,heldout,poisson-0.035,tmc_db_lbt,631,,,4,4,poisson,,0.0,,,2fe42291d62eaa215fad131e82606a40b4dc0cfc71c70ad354f6d50c8a960201,100000,248203406,69390,30610,0.3061,0.5417387584117198,26610.969675131877,82249.0,0.9988615636166174,0.715509107342779,0,0,0
946567701f4a798b,heldout,poisson-0.035,tmc_db_lbt,742,,,4,4,poisson,,0.0,,,946567701f4a798b2d4d20a15918a311e381eaa7b7943e3607147a2b08a9dab5,100000,246997539,69329,30671,0.30671,0.5439060265292764,26496.256819722737,82207.0,0.9989645988770531,0.7161413751354433,0,0,0
0f898d0169deb343,heldout,poisson-0.035,tmc_db_lbt,859,,,4,4,poisson,,0.0,,,0f898d0169deb343e32935588444b035723cc733b74c84a804b9968bec23c8b6,100000,248735534,69367,30633,0.30633,0.5402877338788273,26683.91108579997,82254.0,0.9989792498743677,0.7150038279177318,0,0,0
44e44f0320e89f8a,heldout,poisson-0.035,tmc_db_lbt,967,,,4,4,poisson,,0.0,,,44e44f0320e89f8a1938a0b17d6776d52336b5d8f67758e9699ec49f21f061f6,100000,249096384,69638,30362,0.30362,0.5417686231848311,26613.46949590694,82246.0,0.9992165732562189,0.7162593988136834,0,0,0
cbcf62f3ea498c99,heldout,poisson-0.035,tmc_db_lbt,1081,,,4,4,poisson,,0.0,,,cbcf62f3ea498c995a5c30452c104ab541f85a0a52208ce00510a32a69358da6,100000,248224019,69455,30545,0.30545,0.5422579351597719,26584.544890348036,82250.0,0.9986659427042325,0.7157787926213348,0,0,0
ba847618f69eae81,heldout,poisson-0.035,tmc_db_lbt,1193,,,4,4,poisson,,0.0,,,ba847618f69eae81d86eb15f87857b4c25148fdf61f5b8ca8422ec8659c4741e,100000,249065971,69519,30481,0.30481,0.5407121673799429,26657.690897843506,84180.0,0.9990537999985256,0.7142661557928227,0,0,0
40647bc613b8ec2a,heldout,poisson-0.035,tmc_db_lbt,1307,,,4,4,poisson,,0.0,,,40647bc613b8ec2aca695a109187bf54228a47ab34e6d9441c94a5cb87da3ddb,100000,249002036,69273,30727,0.30727,0.5391569087410996,26752.43131451671,84160.0,0.9986600237284107,0.7130148108231701,0,0,0
b9b04bee9d629075,heldout,poisson-0.035,tmc_db_lbt,1429,,,4,4,poisson,,0.0,,,b9b04bee9d6290758a695cf7ca945adf7a6c11ab1562de0a06e9006a17a20b11,100000,247800489,69404,30596,0.30596,0.5426707612348578,26561.40165139201,82216.0,0.99871938143706,0.7158293808906393,0,0,0
79fd16c9c6f33ee6,heldout,poisson-0.065,adaptive_db_lbt,410,,,4,4,poisson,,0.0,,,79fd16c9c6f33ee6be7a047e151d133cbe3a700eba2008c4b29695c15284a3dd,100000,200227177,99861,139,0.00139,0.9663813669010576,14039.648653520675,14018.0,0.9989957447232582,0.9787662038747721,24994,1819,0
60e0395bb674add7,heldout,poisson-0.065,adaptive_db_lbt,523,,,4,4,poisson,,0.0,,,60e0395bb674add7dc8e4104d3deddac6961d7b4e35c111dc684770ce55e5d7e,100000,200227243,99857,143,0.00143,0.9664186855931488,14040.396719045759,14018.0,0.9989536512964835,0.9787546122965441,24990,1453,0
1b130bb46b64d742,heldout,poisson-0.065,adaptive_db_lbt,631,,,4,4,poisson,,0.0,,,1b130bb46b64d742ae6d6a96b0bd7a5f7e9133c8ddb28e7e62630931d16438c3,100000,200235291,99851,149,0.00149,0.9662277365481992,14040.381839487996,14018.0,0.9989742693283642,0.9786828352921877,24989,1403,0
79d08179165a30ab,heldout,poisson-0.065,adaptive_db_lbt,742,,,4,4,poisson,,0.0,,,79d08179165a30ab79af1d4dc4dbfe0109d42ea118a96e8069f025700f9a7188,100000,200231373,99761,239,0.00239,0.9654465486784631,14056.08624302026,14018.0,0.9990043292788024,0.9782074593190885,24991,1767,0
63510c31e3fc8cb7,heldout,poisson-0.065,adaptive_db_lbt,859,,,4,4,poisson,,0.0,,,63510c31e3fc8cb70f0ba2bc176ecf5f284154166106a6370f73057039309034,100000,200229147,99922,78,0.00078,0.9669349737578415,14030.255459695338,14018.0,0.9989727452132718,0.9790955729903711,24990,1925,0
3ae794789f1903f8,heldout,poisson-0.065,adaptive_db_lbt,967,,,4,4,poisson,,0.0,,,3ae794789f1903f87d1b75c8052509f590db4b7a34fd976b1ac289545d8db8da,100000,200251187,99890,110,0.0011,0.9665794790020396,14035.792224825294,14018.0,0.9989532184064107,0.9788905658028167,24992,1913,0
bc24e07d7c399d40,heldout,poisson-0.065,adaptive_db_lbt,1081,,,4,4,poisson,,0.0,,,bc24e07d7c399d4012df7a2f7805812c995223ba2d4811aa803fbdb795aa7ea8,100000,200227299,99826,174,0.00174,0.9659650505498754,14044.86274018714,14018.0,0.9990126925058007,0.9785455810185587,24992,1371,0
5587cf1eeb8c5d06,heldout,poisson-0.065,adaptive_db_lbt,1193,,,4,4,poisson,,0.0,,,5587cf1eeb8c5d0683b22fcfbdeca99d195057c9df5b8ecfcddf47ace6510bda,100000,200237267,99897,103,0.00103,0.9667136138049667,14034.15449148555,14018.0,0.9989918341930134,0.9789656493326601,24989,1620,0
20553a3db7dc3e96,heldout,poisson-0.065,adaptive_db_lbt,1307,,,4,4,poisson,,0.0,,,20553a3db7dc3e96a25c1b9c3c3c5a9c2e69351db981e487d2030ab1ab103278,100000,200227220,99882,118,0.00118,0.9666435212954563,14036.360213869475,14018.0,0.998991181007098,0.9789045674341847,24992,1810,0
1d9257f9ba480fde,heldout,poisson-0.065,adaptive_db_lbt,1429,,,4,4,poisson,,0.0,,,1d9257f9ba480fdefe749b37fa4dc0c5e18519e4a8fca88bfc3b133dd879d744,100000,200237295,99873,127,0.00127,0.9664363024880055,14038.070865668653,14018.0,0.9989803502372387,0.9788093842417481,24992,1990,0
7141aa9a6320e0e5,heldout,poisson-0.065,fixed_oracle,410,,,4,4,poisson,,0.0,,,7141aa9a6320e0e5253bf027d571d0c8550329283736029f074e9be0cb261338,100000,200227183,99881,119,0.00119,0.9666415723383572,14036.437055059927,14018.0,0.9990082032624825,0.9789070918669467,24994,0,0
10cc7ffcdddca4aa,heldout,poisson-0.065,fixed_oracle,523,,,4,4,poisson,,0.0,,,10cc7ffcdddca4aa6efa0e7b467f36aed094c80e6cac30ce0427d597b7b2e1a7,100000,200227258,99874,126,0.00126,0.9665431966311,14037.667234093686,14018.0,0.9989390414635659,0.9788337460315555,24990,0,0
42d275e43b1bb847,heldout,poisson-0.065,fixed_oracle,631,,,4,4,poisson,,0.0,,,42d275e43b1bb847654b985cdb3a53a038bc42e1464045642023814f43c08672,100000,200235263,99829,171,0.00171,0.9661969780018218,14043.914817523368,14018.0,0.9989868954577914,0.9786217911532045,24989,0,0
059ea9c963ec5bf1,heldout,poisson-0.065,fixed_oracle,742,,,4,4,poisson,,0.0,,,059ea9c963ec5bf1d5b557937dec62e66a072eff5dacc7910778a8509ac4e29a,100000,200231369,99767,233,0.00233,0.9654475817922415,14055.12009943965,14018.0,0.9990033710422682,0.9782224842781698,24991,0,0
7faea4026554dc28,heldout,poisson-0.065,fixed_oracle,859,,,4,4,poisson,,0.0,,,7faea4026554dc28d6694c628a7204cace969b523d2c88cf8d2ae9ddce31b0d2,100000,200229148,99928,72,0.00072,0.9670607298393938,14029.293104483588,14018.0,0.9989745785269792,0.979153102788791,24990,0,0
fd5ac74d53dfd003,heldout,poisson-0.065,fixed_oracle,967,,,4,4,poisson,,0.0,,,fd5ac74d53dfd003b9b306b3f2008d7d9ac088fe2e21760bdbdac098c1f4fd41,100000,200251198,99928,72,0.00072,0.9669898653989576,14029.694605684548,14018.0,0.9989519562977321,0.9791219405655632,24992,0,0
34c2625dd2df609c,heldout,poisson-0.065,fixed_oracle,1081,,,4,4,poisson,,0.0,,,34c2625dd2df609c945745c5e89371d68532a375829be3102ff3397af1a80d0c,100000,200227351,99845,155,0.00155,0.9662519882211297,14041.813435900518,14018.0,0.9990137377169854,0.9786890753127051,24992,0,0
13b392c3a3786bfe,heldout,poisson-0.065,fixed_oracle,1193,,,4,4,poisson,,0.0,,,13b392c3a3786bfe5dadf1607db70b115324b4b067001b434fdc1f64d5008e99,100000,200237264,99906,94,0.00094,0.9667547744759437,14032.709623816292,14018.0,0.9989841142422143,0.978999296239386,24989,0,0
9c1f42ca05da2896,heldout,poisson-0.065,fixed_oracle,1307,,,4,4,poisson,,0.0,,,9c1f42ca05da2896a98fe7b6e7f17f3ffe7c893b9fcaf7764058dbfc51595b4a,100000,200227239,99891,109,0.00109,0.9667176202734334,14034.916622448265,14018.0,0.998989784949226,0.9789513017408864,24992,0,0
08a8755e1a9b7bb3,heldout,poisson-0.065,fixed_oracle,1429,,,4,4,poisson,,0.0,,,08a8755e1a9b7bb37395ba35f563db10c40195126d62414d5c5bdae751601142,100000,200237308,99855,145,0.00145,0.9663197279899508,14040.963073502458,14018.0,0.9989831922940596,0.9787264734280035,24992,0,0
37c9db9833a53eb9,heldout,poisson-0.065,primary_db_lbt,410,,,4,4,poisson,,0.0,,,37c9db9833a53eb99a2fbcbc2617b3f6ce74195ecbec5ff85ce322214be50905,100000,200227223,99906,94,0.00094,0.9668461166242115,14032.024795291198,14018.0,0.9990008322773141,0.9790353163005086,0,0,0
9adaaabc2802c80e,heldout,poisson-0.065,primary_db_lbt,523,,,4,4,poisson,,0.0,,,9adaaabc2802c80e003d190f880411bd952d4de39220f5bc0e1116ec450ec246,100000,200227237,99879,121,0.00121,0.9666323268497182,14035.317089044867,14018.0,0.9989426255414581,0.9788771507970588,0,0,0
14f5f5cf356e66f0,heldout,poisson-0.065,primary_db_lbt,631,,,4,4,poisson,,0.0,,,14f5f5cf356e66f0e720c4de7b278232310fea49908bc9bbe996d78e0e4a5c0f,100000,200235306,99848,152,0.00152,0.9662659091698843,14037.874298878205,14018.0,0.9989955962604938,0.9786951684767927,0,0,0
6d07b542214fd4c0,heldout,poisson-0.065,primary_db_lbt,742,,,4,4,poisson,,0.0,,,6d07b542214fd4c008d7b445a7ceb77aaee605d76071bc1ca470644520a64f18,100000,200231402,99784,216,0.00216,0.9656315945887449,14051.060635824246,14018.0,0.9990123824811318,0.9783293256899589,0,0,0
7bed92ecabd829d7,heldout,poisson-0.065,primary_db_lbt,859,,,4,4,poisson,,0.0,,,7bed92ecabd829d7ba93c1cd0aba0b45091bb4174cea2719daa234bebcf0d260,100000,200229168,99924,76,0.00076,0.9671228219856559,14028.391148564795,14018.0,0.9989882256962547,0.9791683492273036,0,0,0
a13f85801345dbd3,heldout,poisson-0.065,primary_db_lbt,967,,,4,4,poisson,,0.0,,,a13f85801345dbd334e0d4e6df2720ba270584d881178c3d027e1932dc388b3b,100000,200239163,99906,94,0.00094,0.9668319977945573,14029.833790466275,14018.0,0.9989451378621862,0.9790120452189145,0,0,0
2852c990e074b6f6,heldout,poisson-0.065,primary_db_lbt,1081,,,4,4,poisson,,0.0,,,2852c990e074b6f6ddc9770a436de1e8e086343b1fd2a82b7f5c755dcdfc5c94,100000,200227357,99838,162,0.00162,0.9661856346632993,14042.314474606832,14018.0,0.9990112571805707,0.9786486306146235,0,0,0
43c1c253232b3d7c,heldout,poisson-0.065,primary_db_lbt,1193,,,4,4,poisson,,0.0,,,43c1c253232b3d7c5a42112c82175401ade72397659f61d1de6c1df7bbcdb640,100000,200229222,99916,84,0.00084,0.9669018740930831,14029.517315930656,14018.0,0.9989876175026408,0.9790744971985745,0,0,0
83b05345fd466b38,heldout,poisson-0.065,primary_db_lbt,1307,,,4,4,poisson,,0.0,,,83b05345fd466b38671a419138fcf9e1f11bd15441bab395ad779b2ddac9b57d,100000,200227262,99893,107,0.00107,0.9667264340856841,14033.934054162286,14018.0,0.9989875867256686,0.9789585069371176,0,0,0
bf62d41fb8a51716,heldout,poisson-0.065,primary_db_lbt,1429,,,4,4,poisson,,0.0,,,bf62d41fb8a517166324eee3f3e3f8d8da9e1f92844d2c2ef33983e9d2673046,100000,200231268,99885,115,0.00115,0.9667338669602792,14034.335512680596,14018.0,0.9990092584919078,0.9789482084840623,0,0,0
84ee72dff0c1c012,heldout,poisson-0.065,random_lbt,410,,,4,4,poisson,,0.0,,,84ee72dff0c1c0129152757469cff26960f61ca6892dfb4a5bede74d207173d0,100000,200210043,76987,23013,0.23013,0.745335722244463,18802.08578963094,78085.0,0.9980615501633028,0.8048765908025887,0,0,0
84cc9a57497538f0,heldout,poisson-0.065,random_lbt,523,,,4,4,poisson,,0.0,,,84cc9a57497538f0aa3b1803a26d81dff4139e12236ab22d8c952893a71d47e5,100000,200211275,77083,22917,0.22917,0.7462633710314267,18776.954511839118,78075.0,0.998906800248485,0.8057142237599706,0,0,0
90c49b85a2a238bc,heldout,poisson-0.065,random_lbt,631,,,4,4,poisson,,0.0,,,90c49b85a2a238bc7b3a9f9997245e54758cdf1c6f82f1ec5e21e206a6694179,100000,200218047,77123,22877,0.22877,0.7463882863666131,18761.973118070415,76089.0,0.9992931098546344,0.8073086320737491,0,0,0
9857daa8baebe160,heldout,poisson-0.065,random_lbt,742,,,4,4,poisson,,0.0,,,9857daa8baebe1606e3895126bf75f241fb9c6af085fcbcac91c08ad5147eb70,100000,200215389,77156,22844,0.22844,0.7468791022851895,18756.86606263286,76098.0,0.998337882112585,0.8072303281325915,0,0,0
e560f0dff9cf14b5,heldout,poisson-0.065,random_lbt,859,,,4,4,poisson,,0.0,,,e560f0dff9cf14b546e518eb966e69167837ba4bd9107eb0796136fb73d2fe0b,100000,200213158,76861,23139,0.23139,0.7437791526169324,18837.455857285986,78073.0,0.9989765012771818,0.8043557179647046,0,0,0
3204122452c66f2e,heldout,poisson-0.065,random_lbt,967,,,4,4,poisson,,0.0,,,3204122452c66f2e8cffca354415a1f6c3377775d8792b89b953718d88bf8519,100000,200236442,77167,22833,0.22833,0.7468248262221918,18754.895034927875,78099.0,0.9985614287885731,0.805980251670255,0,0,0
37f52b7ea443a671,heldout,poisson-0.065,random_lbt,1081,,,4,4,poisson,,0.0,,,37f52b7ea443a67180ba5eb50e604470fad7f5df53111f24e10f81706066af03,100000,200211088,76983,23017,0.23017,0.7449761623591996,18803.14769730432,78076.0,0.9988422488914185,0.8050129704168726,0,0,0
76f768be49d3993f,heldout,poisson-0.065,random_lbt,1193,,,4,4,poisson,,0.0,,,76f768be49d3993f2f1b7bb9e2fd39ca6a458e503202725597d7dc077a8ddc2d,100000,200235115,76984,23016,0.23016,0.7446810915258295,18805.29576751195,78074.0,0.9989966412232218,0.8049699109163505,0,0,0
49271d267570ff65,heldout,poisson-0.065,random_lbt,1307,,,4,4,poisson,,0.0,,,49271d267570ff65fcf66f20851c073ab2721325cab171a0f960f2af323e0eba,100000,200222836,77017,22983,0.22983,0.7454662913674842,18794.35023179109,78080.0,0.9987681974320961,0.8052339962665267,0,0,0
67c2c85a9fc875fc,heldout,poisson-0.065,random_lbt,1429,,,4,4,poisson,,0.0,,,67c2c85a9fc875fcfe85bb53d78a8763f993606d0ae4ce158d8725d17a758d19,100000,200224514,77011,22989,0.22989,0.7452945197309856,18796.11802137579,76090.0,0.998748408705122,0.8064818094787026,0,0,0
cd017d776e28a1f5,heldout,poisson-0.065,tmc_db_lbt,410,,,4,4,poisson,,0.0,,,cd017d776e28a1f512aeaba218755f1bb1e110e80705924292a3eda607de907e,100000,200227198,99898,102,0.00102,0.9667597256192937,14033.709079987986,14018.0,0.9990067886007741,0.9789885047400225,0,0,0
fd6be2d72ea24a3f,heldout,poisson-0.065,tmc_db_lbt,523,,,4,4,poisson,,0.0,,,fd6be2d72ea24a3fb8a79e701108587bb8962a709b75e587683f5c6009b08071,100000,200227274,99884,116,0.00116,0.9666870808019891,14036.062847931435,14018.0,0.9989319936222947,0.9789043581414278,0,0,0
4d707d3be7c8399f,heldout,poisson-0.065,tmc_db_lbt,631,,,4,4,poisson,,0.0,,,4d707d3be7c8399f0a34b97d73c979967c176df55786317d4f602608dc188548,100000,200235319,99843,157,0.00157,0.9661556510917038,14041.669434567035,14018.0,0.9989859459038328,0.9786426989985121,0,0,0
b49722fcd8994a51,heldout,poisson-0.065,tmc_db_lbt,742,,,4,4,poisson,,0.0,,,b49722fcd8994a51d927da3a3528dbfdbc0881ddd814c3f942423ee7a11aa6bd,100000,200231439,99781,219,0.00219,0.9655905933932782,14052.873071873151,14018.0,0.9990110522938322,0.9783077152290369,0,0,0
891aef48aeb9a206,heldout,poisson-0.065,tmc_db_lbt,859,,,4,4,poisson,,0.0,,,891aef48aeb9a206fb8995c070fdc5f4776946a1706185e182d63855e1697296,100000,200229185,99932,68,0.00068,0.9671011596036811,14028.654387334374,14018.0,0.998976082180725,0.979177080594802,0,0,0
313cd3d4ea2388af,heldout,poisson-0.065,tmc_db_lbt,967,,,4,4,poisson,,0.0,,,313cd3d4ea2388af221e3fa629f4325080b76e741ce36e6faa9727518ac2ffe6,100000,200251195,99928,72,0.00072,0.9669739249246427,14029.69429543635,14018.0,0.9989495874388344,0.9791158374544925,0,0,0
88ab1ac6b021d42c,heldout,poisson-0.065,tmc_db_lbt,1081,,,4,4,poisson,,0.0,,,88ab1ac6b021d42cf21211097702cce833a840aa5a682b5cfb7ab6a834241a00,100000,200227317,99837,163,0.00163,0.9662069836355046,14043.096274629617,14018.0,0.9990184289900657,0.9786556375418567,0,0,0
dc5adc6c20c68f8b,heldout,poisson-0.065,tmc_db_lbt,1193,,,4,4,poisson,,0.0,,,dc5adc6c20c68f8b7b660cb1529dd6e299eef7d68c7c8c0acbd87ae52322b53f,100000,200237283,99911,89,0.00089,0.9669435436756301,14031.908731469526,14018.0,0.998995707095884,0.9790785835905047,0,0,0
8fe3ca1eb36d8c66,heldout,poisson-0.065,tmc_db_lbt,1307,,,4,4,poisson,,0.0,,,8fe3ca1eb36d8c660cb28d09dab73db3f8d2d61497c92817708587a5323adb19,100000,200227230,99901,99,0.00099,0.9667627475044228,14033.31067241949,14018.0,0.998988761664247,0.9789910030562233,0,0,0
de08f35adffb5cee,heldout,poisson-0.065,tmc_db_lbt,1429,,,4,4,poisson,,0.0,,,de08f35adffb5ceeac601179519422c891da2f5aecb5646ce41c0bc88e2717ab,100000,200237308,99880,120,0.0012,0.9666088249648263,14036.947763136815,14018.0,0.9989855575855799,0.9788861275168023,0,0,0
2e46de98fca2fcb7,heldout,symmetric-12x12,adaptive_db_lbt,410,,,12,12,saturated,,0.0,,,2e46de98fca2fcb7bcb5c4eb309b7c7b5f4350504e66509591bf7d5ee76d975b,100000,200141649,99832,168,0.00168,0.9665376795211675,46098.9310977076,46034.0,0.9989538766854809,0.9573878520688829,74941,74592,0
71be4b7dbe02101e,heldout,symmetric-12x12,adaptive_db_lbt,523,,,12,12,saturated,,0.0,,,71be4b7dbe02101e2ed928589012cb0e7f13c6f70c36af5bf327851e37fb60e6,100000,200141646,99854,146,0.00146,0.9667707939206216,46085.76371832115,46034.0,0.9989606083322258,0.9575228007509492,74951,74595,0
03b78b0225bd6b0a,heldout,symmetric-12x12,adaptive_db_lbt,631,,,12,12,saturated,,0.0,,,03b78b0225bd6b0ae96edc1370ced12a31198ac2d57ec980f6c69700d1006871,100000,200141636,99899,101,0.00101,0.9672258549940104,46065.49972465582,46034.0,0.9989678776495534,0.957789410881188,74946,74584,0
de1b21d6e407a853,heldout,symmetric-12x12,adaptive_db_lbt,742,,,12,12,saturated,,0.0,,,de1b21d6e407a85396a834e7a2d9f48e51c5f6b9b0d17527eab1f63c984bffc6,100000,200141647,99892,108,0.00108,0.9671361303427267,46071.87536548244,46034.0,0.9989695798257086,0.957742570056145,74936,74629,0
dfa454ea69fbe6b3,heldout,symmetric-12x12,adaptive_db_lbt,859,,,12,12,saturated,,0.0,,,dfa454ea69fbe6b3f2d9065868f677d5d67c47ff0e0aec39ceed1643ef58b618,100000,200141654,99880,120,0.0012,0.9669979593553274,46077.31280043262,46034.0,0.9989668319787083,0.9576655971113454,74948,74585,0
dbbd9a3b22ef82ae,heldout,symmetric-12x12,adaptive_db_lbt,967,,,12,12,saturated,,0.0,,,dbbd9a3b22ef82ae0ac68fed2ce985de5363b0cfecd4ca7e451070740c2fc25e,100000,200141645,99878,122,0.00122,0.9669973033348457,46077.31333747271,46034.0,0.998972039761404,0.9576621143654166,74941,74606,0
93c629662ab9b1d2,heldout,symmetric-12x12,adaptive_db_lbt,1081,,,12,12,saturated,,0.0,,,93c629662ab9b1d23db27e8e9a61050763fe467e1245720c01e94f2d8fb08daa,100000,200141655,99823,177,0.00177,0.9664605351644564,46104.89362618864,46034.0,0.9989722770337094,0.9573457707327219,74944,74613,0
040814fc4680a9d0,heldout,symmetric-12x12,adaptive_db_lbt,1193,,,12,12,saturated,,0.0,,,040814fc4680a9d024d89c7202e3c7d4bb0764c67b2ef387f551a13a21e360f3,100000,200141649,99878,122,0.00122,0.967043975939261,46077.43417389388,46034.0,0.9989631112630499,0.9576746957341037,74951,74589,0
2ea67142d5a44e8f,heldout,symmetric-12x12,adaptive_db_lbt,1307,,,12,12,saturated,,0.0,,,2ea67142d5a44e8f83bc9ccd69651fe1fc11ca5aca35959cb7983e90d3e14949,100000,200141646,99871,129,0.00129,0.9669233009105961,46082.16683525794,46034.0,0.9989774868873346,0.9576217625993102,74943,74567,0
83d38eaa4892c94f,heldout,symmetric-12x12,adaptive_db_lbt,1429,,,12,12,saturated,,0.0,,,83d38eaa4892c94fa8b561d90dce021bab6000b06891f14d9d6a75c41496523a,100000,200141651,99856,144,0.00144,0.9668093024774738,46086.46571239683,46034.0,0.9989672797653788,0.9575428607476175,74943,74618,0
b268f3baf379359d,heldout,symmetric-12x12,fixed_oracle,410,,,12,12,saturated,,0.0,,,b268f3baf379359d0b3ca4bce68e43c6116cb80bf321105bdbef6481706f047d,100000,200141633,99838,162,0.00162,0.9666288272965176,46096.75769932073,46034.0,0.9989694988652273,0.9574384420539149,74938,0,0
180c504170e625f0,heldout,symmetric-12x12,fixed_oracle,523,,,12,12,saturated,,0.0,,,180c504170e625f01fe6384337d8a968bfc58587f93623bd66a7cbec171265b6,100000,200141644,99799,201,0.00201,0.9662106452967879,46113.91513906289,46034.0,0.9989761258615636,0.9572037570527839,74947,0,0
5e0b491b47c436b3,heldout,symmetric-12x12,fixed_oracle,631,,,12,12,saturated,,0.0,,,5e0b491b47c436b3028e430d28827446674ed46a04491902d1a91adf625e563b,100000,200141636,99847,153,0.00153,0.9666587566017498,46089.795858669844,46034.0,0.9989714314978899,0.9574715626998799,74943,0,0
0525d642b208b0c0,heldout,symmetric-12x12,fixed_oracle,742,,,12,12,saturated,,0.0,,,0525d642b208b0c0aeced4f414ae464218d8aa778641517686540d8fa8fabdcc,100000,200141645,99846,154,0.00154,0.9667141938400676,46095.47133898339,46034.0,0.9989551893747333,0.957482127738267,74936,0,0
d943ffa487fa7e17,heldout,symmetric-12x12,fixed_oracle,859,,,12,12,saturated,,0.0,,,d943ffa487fa7e1760a0a2fa662996c4c5b3ffae0e1a0461e9a7ba59013b61dd,100000,200141649,99807,193,0.00193,0.9663122291952336,46113.00612328753,46034.0,0.9989621678042307,0.957252965666488,74947,0,0
7473670cd8603a9c,heldout,symmetric-12x12,fixed_oracle,967,,,12,12,saturated,,0.0,,,7473670cd8603a9c2c3bf40ea6759223d41a3acfa6d16517191283ee94995504,100000,200141650,99484,516,0.00516,0.9631940827908634,46268.45184998994,46034.0,0.9989778851986016,0.955411322663155,74940,0,0
74785cdf71b5c72d,heldout,symmetric-12x12,fixed_oracle,1081,,,12,12,saturated,,0.0,,,74785cdf71b5c72d0bf8b7a2833fbb633046f54494c9d3fc5aae5f6f8c704963,100000,200141645,99595,405,0.00405,0.9643166068710988,46215.06346225306,46034.0,0.9989764015578211,0.9560625028096399,74943,0,0
02a9803a98506003,heldout,symmetric-12x12,fixed_oracle,1193,,,12,12,saturated,,0.0,,,02a9803a98506003c28ebd3f77bd1bf916191e92e803c40c4e511b2280403ab4,100000,200141647,99657,343,0.00343,0.9648441635937971,46184.67871086889,46034.0,0.9989515814675118,0.956385081687103,74954,0,0
c5996502e63c7aed,heldout,symmetric-12x12,fixed_oracle,1307,,,12,12,saturated,,0.0,,,c5996502e63c7aeda09a7af228db0ae75cdf9881b3fd8410efc37e96534ee567,100000,200141645,99794,206,0.00206,0.9662073478011035,46120.11784103438,46034.0,0.9989669761347172,0.9571871079786068,74945,0,0
c305e69eb31fdbef,heldout,symmetric-12x12,fixed_oracle,1429,,,12,12,saturated,,0.0,,,c305e69eb31fdbefb82119c505382043ce5a355b54b3af7c959670f135106995,100000,200141653,99619,381,0.00381,0.9644810768101331,46201.87976304031,46034.0,0.998968734268563,0.9561747703595653,74941,0,0
b9cd51deb882fef9,heldout,symmetric-12x12,primary_db_lbt,410,,,12,12,saturated,,0.0,,,b9cd51deb882fef963ea3f8ee20d70c17d31298c16a34b0601d27cc95012685c,100000,200141671,99930,70,0.0007,0.9674878701297542,46036.80563729906,46034.0,0.9989614072266076,0.9579520924521207,0,0,0
eb66179282e3aca5,heldout,symmetric-12x12,primary_db_lbt,523,,,12,12,saturated,,0.0,,,eb66179282e3aca5dba34c6b980d785ad64deeb501811cc273d6cf2e5a59a60d,100000,200141677,99927,73,0.00073,0.9675031053127431,46041.354253626014,46034.0,0.9989638742253089,0.9579504931793507,0,0,0
4556b4315ad3f1fb,heldout,symmetric-12x12,primary_db_lbt,631,,,12,12,saturated,,0.0,,,4556b4315ad3f1fb6aa335bd44b2b710ab6fe49760e98a09090416747eebd489,100000,200141671,99928,72,0.00072,0.9674648464387009,46039.55037836323,46034.0,0.9989718134638557,0.9579428866341855,0,0,0
168acc570ec21dce,heldout,symmetric-12x12,primary_db_lbt,742,,,12,12,saturated,,0.0,,,168acc570ec21dce24ee2076b9ffa58213e838c46cc723a64c2a0305169055b3,100000,200141674,99927,73,0.00073,0.9675130178035785,46037.70736614516,46034.0,0.9989817538574125,0.9579597572203303,0,0,0
6df6f17812a4cc24,heldout,symmetric-12x12,primary_db_lbt,859,,,12,12,saturated,,0.0,,,6df6f17812a4cc24c4058ca87e84a69b771a6baafb5ad8d68842671d6127b47e,100000,200141672,99936,64,0.00064,0.9675418470572186,46035.1025302266,46034.0,0.9989732439879782,0.9579890303483989,0,0,0
808307dd9e0e65b0,heldout,symmetric-12x12,primary_db_lbt,967,,,12,12,saturated,,0.0,,,808307dd9e0e65b0e0f105aba9d0b0f33184d892e89f92bf0cece2a7f84486d9,100000,200141670,99925,75,0.00075,0.9674403036609018,46036.42520094894,46034.0,0.99896734608751,0.957925716582804,0,0,0
3dec6f7fc820df28,heldout,symmetric-12x12,primary_db_lbt,1081,,,12,12,saturated,,0.0,,,3dec6f7fc820df28c98c09cbf0d417b87797eba4588b19d2fa3439880ea53ac9,100000,200141669,99933,67,0.00067,0.9675328229625186,46039.850073566944,46034.0,0.9989779800779603,0.957980101013493,0,0,0
b55cd8b45126dfe7,heldout,symmetric-12x12,primary_db_lbt,1193,,,12,12,saturated,,0.0,,,b55cd8b45126dfe72162b7398de7bff4916ded12c142e3557a85358f1b0fc795,100000,200141671,99941,59,0.00059,0.9676101734955536,46034.741925798415,46034.0,0.9989726444608665,0.9580241059854734,0,0,0
910de902f04b0775,heldout,symmetric-12x12,primary_db_lbt,1307,,,12,12,saturated,,0.0,,,910de902f04b07757b0ef7b97e55f8ee4e32f311cfbb6b11a0d426fb0a637b22,100000,200141677,99936,64,0.00064,0.9675539442991676,46039.1900872768,46034.0,0.9989802831104517,0.9579954091365397,0,0,0
0505ae5dd66c8e37,heldout,symmetric-12x12,primary_db_lbt,1429,,,12,12,saturated,,0.0,,,0505ae5dd66c8e37da7fc9b308a6fa70671925e1b999945c442682e6787ea25b,100000,200141664,99947,53,0.00053,0.967667276914416,46034.26046055463,46034.0,0.9989714045848503,0.9580577271664221,0,0,0
7203659cdeb646c0,heldout,symmetric-12x12,random_lbt,410,,,12,12,saturated,,0.0,,,7203659cdeb646c0d15200f95a62df8c7ec9d5a872a8aa614e453b8f8c947762,100000,200135472,55742,44258,0.44258,0.5397326916639745,84092.67161420008,324226.0,0.9977810267678915,0.5190422394772887,0,0,0
e6fb08db0e70d465,heldout,symmetric-12x12,random_lbt,523,,,12,12,saturated,,0.0,,,e6fb08db0e70d4653587467761a7af2c81a4b330aa60ac4e9fbd5b231129e843,100000,200134943,55776,44224,0.44224,0.5399866579021135,84021.26739847897,320244.0,0.9983197426336022,0.5220461335119052,0,0,0
aafccc2b6654e710,heldout,symmetric-12x12,random_lbt,631,,,12,12,saturated,,0.0,,,aafccc2b6654e71076f5fcf0c1262981e0ac241f9e956f384b7ba9878003c9ea,100000,200135546,55558,44442,0.44442,0.537974123797079,84388.75668959557,320227.0,0.9977804407096899,0.5206618548355896,0,0,0
68945335abfab3c8,heldout,symmetric-12x12,random_lbt,742,,,12,12,saturated,,0.0,,,68945335abfab3c803fcfebebff43b972a25440e8d8ef3d8b96ff19eeee06d3b,100000,200135060,55799,44201,0.44201,0.5401942418284932,84023.59420887494,322207.0,0.9981289405390592,0.5208005607891841,0,0,0
3011586b77159359,heldout,symmetric-12x12,random_lbt,859,,,12,12,saturated,,0.0,,,3011586b77159359d7955fd57510ae5a780ca4b33eafadc74f375ab7ebbb5da8,100000,200135083,55957,44043,0.44043,0.5419442727090482,83788.04310514366,316230.0,0.997619739689127,0.5255938374660584,0,0,0
d52dde1a136a439d,heldout,symmetric-12x12,random_lbt,967,,,12,12,saturated,,0.0,,,d52dde1a136a439d6c3124d3e50b3cee6731d09a3873b1862b173c2cbf39621a,100000,200135419,55680,44320,0.4432,0.5389971127499426,84173.7998778209,324188.0,0.9985162473043723,0.5189124533514383,0,0,0
4593e3cbdceb6d95,heldout,symmetric-12x12,random_lbt,1081,,,12,12,saturated,,0.0,,,4593e3cbdceb6d95e7be4d3eb665451acb29418268faf4dda9aa853ad6fa5f5e,100000,200135569,55668,44332,0.44332,0.5389702067402122,84228.70595212422,320225.0,0.9981508423493701,0.5213936830298608,0,0,0
9bc4b9882dbf6275,heldout,symmetric-12x12,random_lbt,1193,,,12,12,saturated,,0.0,,,9bc4b9882dbf627507fb5127ff3f3268ee45af28ecea34220f86f6c1cf285b4c,100000,200135160,55775,44225,0.44225,0.5400220730830105,84037.8016896558,322207.0,0.9978210007153981,0.5205805245994695,0,0,0
5f95948996fd3146,heldout,symmetric-12x12,random_lbt,1307,,,12,12,saturated,,0.0,,,5f95948996fd314621bc5fbe2b16fa44532caa2b3db6c3a0cf234bb7489fba8c,100000,200135407,55734,44266,0.44266,0.5395034173038656,84091.67714952432,322206.0,0.9985710422607892,0.5205558198548849,0,0,0
0f9792147a3fe161,heldout,symmetric-12x12,random_lbt,1429,,,12,12,saturated,,0.0,,,0f9792147a3fe161d1036b28a9c7cb0576d91e250ca1c2538f0a6d957da247b0,100000,200135654,55623,44377,0.44377,0.5385436220174942,84274.98976600298,320238.0,0.9977372432631124,0.5209924550935354,0,0,0
975e35dedc518ce4,heldout,symmetric-12x12,tmc_db_lbt,410,,,12,12,saturated,,0.0,,,975e35dedc518ce44eeb533c0b35cf1539f575bc19e720fb54a710995540a736,100000,200141643,99857,143,0.00143,0.9667760896716532,46088.56926066531,46034.0,0.9989608417541253,0.9575321438085929,0,0,0
76953808bb53c1d8,heldout,symmetric-12x12,tmc_db_lbt,523,,,12,12,saturated,,0.0,,,76953808bb53c1d8723f2cbfcf51c1ede6c37b236289e416fc76fda02afd9da4,100000,200141647,99878,122,0.00122,0.967041202573895,46076.331213571815,46034.0,0.9989712502390407,0.9576764842709785,0,0,0
805145e486a3cbf2,heldout,symmetric-12x12,tmc_db_lbt,631,,,12,12,saturated,,0.0,,,805145e486a3cbf2f0826dc33770522f60e299a13d703a71401431cf184ce770,100000,200141646,99874,126,0.00126,0.9669569270955232,46076.93428142213,46034.0,0.9989746365218012,0.9576395212057749,0,0,0
7e2b2291a25cfc3c,heldout,symmetric-12x12,tmc_db_lbt,742,,,12,12,saturated,,0.0,,,7e2b2291a25cfc3c314c88877f839c3d90f473ff0bf592974cf099184c53fece,100000,200141647,99902,98,0.00098,0.9672722589316955,46068.504895973085,46034.0,0.9989656707935979,0.9578116432417644,0,0,0
0ceb1955948ecc9d,heldout,symmetric-12x12,tmc_db_lbt,859,,,12,12,saturated,,0.0,,,0ceb1955948ecc9d6abe77babc197c345e2688ae18e88b0e97cbac6684de0bf3,100000,200141655,99879,121,0.00121,0.9669730421685581,46078.336227529915,46034.0,0.9989597815932851,0.9576524412539477,0,0,0
4564d4c48db245c9,heldout,symmetric-12x12,tmc_db_lbt,967,,,12,12,saturated,,0.0,,,4564d4c48db245c991f17c6d8a87fa5902a07a224832c7e52e14fcb71b859be9,100000,200141651,99865,135,0.00135,0.9668983743918451,46084.336935727806,46034.0,0.9989625041491482,0.9575934595136644,0,0,0
0ec11f185e60fc42,heldout,symmetric-12x12,tmc_db_lbt,1081,,,12,12,saturated,,0.0,,,0ec11f185e60fc42a088acedd4a1a5b7ae3f1fdea820ece53aaa81afe3e53151,100000,200141649,99864,136,0.00136,0.9669098959007778,46085.3581630609,46034.0,0.9989739067465493,0.9575986008824423,0,0,0
0377730aa2a73c1c,heldout,symmetric-12x12,tmc_db_lbt,1193,,,12,12,saturated,,0.0,,,0377730aa2a73c1c6cf2e2ab984735d09800e6f61aeb5faf3d3753c5b60632c9,100000,200141642,99895,105,0.00105,0.9671707050349871,46069.869932212554,46034.0,0.9989600378436977,0.9577584142928949,0,0,0
f99cb7f00f7d13b3,heldout,symmetric-12x12,tmc_db_lbt,1307,,,12,12,saturated,,0.0,,,f99cb7f00f7d13b3e1d01b2be2fed65490da675848727458ec5c6332c18cc280,100000,200141656,99791,209,0.00209,0.9662010341315453,46121.06539236421,46034.0,0.9989529690364217,0.9571728343893223,0,0,0
c9d742100387be67,heldout,symmetric-12x12,tmc_db_lbt,1429,,,12,12,saturated,,0.0,,,c9d742100387be6747c34cdc26da802619a50cc1055a38dbd6350cb25f4fb5ad,100000,200141651,99846,154,0.00154,0.96670248812927,46092.84711786981,46034.0,0.9989797258611294,0.9574864046634664,0,0,0
beb8ee80177c5f7f,heldout,symmetric-6x6,adaptive_db_lbt,410,,,6,6,saturated,,0.0,,,beb8ee80177c5f7ffb04d78cf5fb4abc12072062d1871d7cdd9bbea98f90a3e2,100000,200183330,99981,19,0.00019,0.9678010002131546,22024.883183786973,22022.0,0.998962857999719,0.9741924527376246,37481,32907,0
fbb02d7d2d652a80,heldout,symmetric-6x6,adaptive_db_lbt,523,,,6,6,saturated,,0.0,,,fbb02d7d2d652a803aec7265f7f0d7b50eb65d5592cec4ff276debad4d0e7217,100000,200183324,99980,20,0.0002,0.9677446059393039,22026.04471430858,22022.0,0.9989656386456555,0.9741720815283198,37478,32964,0
0f7c61ae900433f4,heldout,symmetric-6x6,adaptive_db_lbt,631,,,6,6,saturated,,0.0,,,0f7c61ae900433f4b2c359a1ef1a686142a981f3c9803d40cefc6e461046974f,100000,200183324,99979,21,0.00021,0.9677789644456098,22025.28364360239,22022.0,0.9989679730549638,0.9741818125001912,37483,32901,0
0b6f7fba0f9f648c,heldout,symmetric-6x6,adaptive_db_lbt,742,,,6,6,saturated,,0.0,,,0b6f7fba0f9f648c9085a753d4c658a05846825e396989a53f526427b5dd4afa,100000,200183322,99979,21,0.00021,0.9677739986750744,22025.484089749618,22022.0,0.998968919327664,0.9741804726675795,37480,32929,0
c60db3219fc5ae40,heldout,symmetric-6x6,adaptive_db_lbt,859,,,6,6,saturated,,0.0,,,c60db3219fc5ae406b947f88a2413ad46b98306ebde4d529acfc90641d2efddd,100000,200183328,99965,35,0.00035,0.9676371101193801,22027.588006362992,22022.0,0.9989754661819849,0.9741020254337883,37484,32911,0
8cea43ce062f2c05,heldout,symmetric-6x6,adaptive_db_lbt,967,,,6,6,saturated,,0.0,,,8cea43ce062f2c05a9a6c3137700a1dd5e6d6be046f3c57f6e6aae6d8b3fbc4d,100000,200183324,99984,16,0.00016,0.9678258664542907,22024.722892409874,22022.0,0.9989698262947447,0.9742105642496784,37477,32871,0
b267592944437c84,heldout,symmetric-6x6,adaptive_db_lbt,1081,,,6,6,saturated,,0.0,,,b267592944437c84286bb2ccc275d7433a33da48d3e130297d70cab5efb66f17,100000,200183329,99978,22,0.00022,0.9678092724694373,22025.905047716224,22022.0,0.9989753329866465,0.9741918684853612,37480,32948,0
9125ae14ad671bcd,heldout,symmetric-6x6,adaptive_db_lbt,1193,,,6,6,saturated,,0.0,,,9125ae14ad671bcd492df2d94a38a44c37b7ea9e844ea8e66f1e96ae6127eb2b,100000,200183320,99982,18,0.00018,0.9678473211454381,22024.00210063019,22022.0,0.9989726215916687,0.9742136475790356,37481,32918,0
6b4c0a9e32866332,heldout,symmetric-6x6,adaptive_db_lbt,1307,,,6,6,saturated,,0.0,,,6b4c0a9e328663329d6861f63d69ddeef5edd75ff09b95fff0c7784122c84063,100000,200183320,99985,15,0.00015,0.967834053306739,22023.621217728785,22022.0,0.9989690816527568,0.9742155449864985,37478,32874,0
8d4cce96936747a7,heldout,symmetric-6x6,adaptive_db_lbt,1429,,,6,6,saturated,,0.0,,,8d4cce96936747a79895c1a5a0a0affd6f5bb8d664379d859982f6e4d5f13626,100000,200183322,99974,26,0.00026,0.9676866087775284,22026.145185170364,22022.0,0.9989669354911084,0.974138181422879,37480,32905,0
10a514fae159c09c,heldout,symmetric-6x6,fixed_oracle,410,,,6,6,saturated,,0.0,,,10a514fae159c09c97c361ebadd58705b00f847076488e528791e1b0fea23865,100000,200183330,99981,19,0.00019,0.9678010002131546,22024.883183786973,22022.0,0.998962857999719,0.9741924527376246,37481,0,0
b6a881bacdb05994,heldout,symmetric-6x6,fixed_oracle,523,,,6,6,saturated,,0.0,,,b6a881bacdb059942bd6088ea05d3769517100fcac244921d784c4d9e096c436,100000,200183324,99980,20,0.0002,0.9677446059393039,22026.04471430858,22022.0,0.9989656386456555,0.9741720815283198,37478,0,0
b2300f5ab62a57cf,heldout,symmetric-6x6,fixed_oracle,631,,,6,6,saturated,,0.0,,,b2300f5ab62a57cf47a274c30b4e554c2c3c715cecf4e8667adcc4bd35eee873,100000,200183324,99979,21,0.00021,0.9677789644456098,22025.28364360239,22022.0,0.9989679730549638,0.9741818125001912,37483,0,0
5f012555b0f73fd4,heldout,symmetric-6x6,fixed_oracle,742,,,6,6,saturated,,0.0,,,5f012555b0f73fd4235b55a81d7d2e8441068283be8b3acad1e3a077b1ddfa79,100000,200183322,99982,18,0.00018,0.967803271842996,22024.763048914676,22022.0,0.9989696074155889,0.9741979597528618,37480,0,0
0880416fba5f44d4,heldout,symmetric-6x6,fixed_oracle,859,,,6,6,saturated,,0.0,,,0880416fba5f44d47a56956820b2c8365768c1a04cfbb707a54299687d43ec8e,100000,200183321,99968,32,0.00032,0.9676667518169508,22026.866411220937,22022.0,0.9989748503109321,0.9741192007092945,37484,0,0
cc545f4025047d83,heldout,symmetric-6x6,fixed_oracle,967,,,6,6,saturated,,0.0,,,cc545f4025047d83bef2bfe0d970e1d25b9062d998d92963999300becbf09f0c,100000,200183327,99977,23,0.00023,0.9676738263022274,22026.40547191517,22022.0,0.9989647380101832,0.9741406881041369,37477,0,0
c0672c9466fbdcda,heldout,symmetric-6x6,fixed_oracle,1081,,,6,6,saturated,,0.0,,,c0672c9466fbdcdacdf4c398f3f96096e66f388110ab8e99cac8cb7994b8b5ad,100000,200183329,99977,23,0.00023,0.967715388527683,22026.145290851797,22022.0,0.9989702629376247,0.9741563838217693,37480,0,0
0aa4c4d7b85441db,heldout,symmetric-6x6,fixed_oracle,1193,,,6,6,saturated,,0.0,,,0aa4c4d7b85441dbf8045687f8e624931093ef732fc625859283d034dc91432b,100000,200183320,99982,18,0.00018,0.9678473211454381,22024.00210063019,22022.0,0.9989726215916687,0.9742136475790356,37481,0,0
ded07956208b1eed,heldout,symmetric-6x6,fixed_oracle,1307,,,6,6,saturated,,0.0,,,ded07956208b1eed4efa30c9362f3a8131372c9886942438cf8acd847898fcc7,100000,200183320,99985,15,0.00015,0.967834053306739,22023.621217728785,22022.0,0.9989690816527568,0.9742155449864985,37478,0,0
0c478b907aed3995,heldout,symmetric-6x6,fixed_oracle,1429,,,6,6,saturated,,0.0,,,0c478b907aed3995e9d90992e0aa104b22da95b4b76002659b1765686de6488d,100000,200183325,99971,29,0.00029,0.9677419085730542,22026.866335197432,22022.0,0.9989720689252135,0.974150825832756,37480,0,0
dedcae0ca8acf1bc,heldout,symmetric-6x6,primary_db_lbt,410,,,6,6,saturated,,0.0,,,dedcae0ca8acf1bc2dd65272b2fe59a5e0583d4536b9b214fa5bb3ac7f7a72b4,100000,200183339,99987,13,0.00013,0.967814419360844,22021.29953488372,22022.0,0.9989650962186942,0.9742126718598462,0,0,0
731971763aa98548,heldout,symmetric-6x6,primary_db_lbt,523,,,6,6,saturated,,0.0,,,731971763aa9854873ab88c827f417c316b1d230e14f3c8c7e76d09818ab4d0d,100000,200183328,99992,8,8e-05,0.967899919218048,22022.360282056412,22022.0,0.9989749101143591,0.9742569431108024,0,0,0
e33f47277dc69776,heldout,symmetric-6x6,primary_db_lbt,631,,,6,6,saturated,,0.0,,,e33f47277dc69776e9e353e6fce8000883038c53eea95d61c660041f8ac3fcff,100000,200183332,99985,15,0.00015,0.9678374671074014,22022.300361097496,22022.0,0.9989679961622966,0.9742163210898993,0,0,0
5a20ccf4ecd7e081,heldout,symmetric-6x6,primary_db_lbt,742,,,6,6,saturated,,0.0,,,5a20ccf4ecd7e081864ab2b59e02add07565038c89a66d7297405a7c52edcabd,100000,200183337,99981,19,0.00019,0.9678403802410387,22021.779751723036,22022.0,0.9989721940398092,0.9742086914269493,0,0,0
fa2ecb6c3b4819d6,heldout,symmetric-6x6,primary_db_lbt,859,,,6,6,saturated,,0.0,,,fa2ecb6c3b4819d61c22b35760e645f54be425d6e3c987f1514ef72e8f0e617b,100000,200183328,99991,9,9e-05,0.9678503296738078,22022.7006871443,22022.0,0.9989648589956848,0.9742345628898308,0,0,0
339025ddc9bd09e8,heldout,symmetric-6x6,primary_db_lbt,967,,,6,6,saturated,,0.0,,,339025ddc9bd09e84dbd993910045e329b29aa29b953bf64e22914c16317ea04,100000,200183330,99987,13,0.00013,0.9678131240997939,22022.860845211304,22022.0,0.9989663353307419,0.9742126531435119,0,0,0
47d92b2e92684706,heldout,symmetric-6x6,primary_db_lbt,1081,,,6,6,saturated,,0.0,,,47d92b2e926847061f2021c4b6f872330e1a5ac91767dc57f9de7739183635c2,100000,200183341,99975,25,0.00025,0.9677372853917949,22022.261036583535,22022.0,0.9989703719451926,0.9741587191123292,0,0,0
8d6b07fac9556e57,heldout,symmetric-6x6,primary_db_lbt,1193,,,6,6,saturated,,0.0,,,8d6b07fac9556e578c189d3dfad9800a125ca9f7f0544f0a663ac476662fd0cf,100000,200183350,99950,50,0.0005,0.967585026427023,22021.880505913665,22022.0,0.9989731855205677,0.9740464039825302,0,0,0
faa0e39afc9fb763,heldout,symmetric-6x6,primary_db_lbt,1307,,,6,6,saturated,,0.0,,,faa0e39afc9fb763191a0a1430fbb2536f466c362a240651cbb33210693de299,100000,200183334,99982,18,0.00018,0.9677635152185047,22022.240432129638,22022.0,0.998969505535625,0.97418467358471,0,0,0
63e415e93f3637dd,heldout,symmetric-6x6,primary_db_lbt,1429,,,6,6,saturated,,0.0,,,63e415e93f3637dd38fd5afbe7f6669bb33605931b84dc7bbed5d54984e698cf,100000,200183330,99987,13,0.00013,0.9678104215770614,22022.300235058763,22022.0,0.9989687977052094,0.9742125730940903,0,0,0
d68828ed0b22a821,heldout,symmetric-6x6,random_lbt,410,,,6,6,saturated,,0.0,,,d68828ed0b22a82190ffaa1afbd4bd9d553d8b866bef457960778f31394d5fb3,100000,200175128,70175,29825,0.29825,0.6795796528727585,32220.438151162292,132103.0,0.9981542826781756,0.7299468118503114,0,0,0
1964c1b039d7f5c2,heldout,symmetric-6x6,random_lbt,523,,,6,6,saturated,,0.0,,,1964c1b039d7f5c25f0135928fdbb47fdb605b12dd3ee5ff645e740a680d26b9,100000,200174775,70167,29833,0.29833,0.6790731749292587,32224.539348585276,132112.0,0.9988647474052422,0.7299888074448336,0,0,0
0d3043fac48e5dde,heldout,symmetric-6x6,random_lbt,631,,,6,6,saturated,,0.0,,,0d3043fac48e5dde28c84af58b87d564d7fd95e2a90778c27065d8303056801b,100000,200174671,70141,29859,0.29859,0.6792438240100817,32237.38004249312,132101.0,0.9979183856195433,0.7296725698765416,0,0,0
54d1cb0dbce21383,heldout,symmetric-6x6,random_lbt,742,,,6,6,saturated,,0.0,,,54d1cb0dbce213832d6e597ac38c9ee26fc714660c81e8fb69212a2b8e4785d2,100000,200175573,70005,29995,0.29995,0.67760758202001,32302.142599974282,130125.0,0.9988018294460992,0.7303989704887031,0,0,0
b87f127c93a33041,heldout,symmetric-6x6,random_lbt,859,,,6,6,saturated,,0.0,,,b87f127c93a330416aa51b3a0cbadef483de03e45b33b176ebae78cbbfd0adde,100000,200174825,70215,29785,0.29785,0.6796218455542549,32200.262211016623,130139.0,0.9988638502795392,0.731606731944598,0,0,0
25031fbe0d501cf2,heldout,symmetric-6x6,random_lbt,967,,,6,6,saturated,,0.0,,,25031fbe0d501cf2237348b5296667f1eccdaadb5ab99082435699a17bb4bf5a,100000,200175432,70049,29951,0.29951,0.6780946125296735,32283.912132158715,132106.0,0.9985084624703919,0.7292528583333551,0,0,0
76fbf80a165ddc67,heldout,symmetric-6x6,random_lbt,1081,,,6,6,saturated,,0.0,,,76fbf80a165ddc672db72b5bde03580867546addb9a74907ecc29114874db428,100000,200174642,70332,29668,0.29668,0.6808618795981162,32142.188467007963,132115.0,0.9984718521168834,0.7308645772383333,0,0,0
5c5d8bbc486d2d0b,heldout,symmetric-6x6,random_lbt,1193,,,6,6,saturated,,0.0,,,5c5d8bbc486d2d0bd285ba05dfe50efb16b27b4e83a3598b74fce0836a1636b1,100000,200174813,70105,29895,0.29895,0.6787074855416501,32256.70179618507,132124.0,0.9981997991692778,0.7294822615703093,0,0,0
61e58ce6ea51a196,heldout,symmetric-6x6,random_lbt,1307,,,6,6,saturated,,0.0,,,61e58ce6ea51a1968741b188f32040e3fdbd7dc509c8cee9d9eb49cc3251e9a3,100000,200175167,70173,29827,0.29827,0.6790210545946491,32222.70584797822,132114.0,0.9991690414217965,0.7300865320054819,0,0,0
eeec1aa22ceb943f,heldout,symmetric-6x6,random_lbt,1429,,,6,6,saturated,,0.0,,,eeec1aa22ceb943f04865318780c3680d14b2a53b649a02c33730ccbcfceabe2,100000,200175055,70145,29855,0.29855,0.6790775503970762,32234.26629404132,132109.0,0.9984103854965305,0.7297858119645355,0,0,0
0105f11be3977e76,heldout,symmetric-6x6,tmc_db_lbt,410,,,6,6,saturated,,0.0,,,0105f11be3977e76ffb2b186e1282c142082688374ab5723d9fe6c2286570d54,100000,200183330,99981,19,0.00019,0.9678010002131546,22024.883183786973,22022.0,0.998962857999719,0.9741924527376246,0,0,0
56d919c000f99736,heldout,symmetric-6x6,tmc_db_lbt,523,,,6,6,saturated,,0.0,,,56d919c000f997367fb16f2ced56311bfc9384c05b3862327f9f4d6b559fa8c2,100000,200183324,99980,20,0.0002,0.9677446059393039,22026.04471430858,22022.0,0.9989656386456555,0.9741720815283198,0,0,0
1a3168869cce6d56,heldout,symmetric-6x6,tmc_db_lbt,631,,,6,6,saturated,,0.0,,,1a3168869cce6d564e3f6894e319951de9da726cfec28123117779e650d20a79,100000,200183324,99979,21,0.00021,0.9677789644456098,22025.28364360239,22022.0,0.9989679730549638,0.9741818125001912,0,0,0
0076e5c2de8b9115,heldout,symmetric-6x6,tmc_db_lbt,742,,,6,6,saturated,,0.0,,,0076e5c2de8b9115c89d83ce85e1d4c5d10de327909acb0e82f75cda56b94569,100000,200183322,99984,16,0.00016,0.9678237580651199,22024.282209018525,22022.0,0.9989683893453856,0.9742093824701684,0,0,0
63b7e02fc38dcb2f,heldout,symmetric-6x6,tmc_db_lbt,859,,,6,6,saturated,,0.0,,,63b7e02fc38dcb2f78026ea25f74a0dde5e12d8bce60d3b4a244b287af7b9e91,100000,200183328,99965,35,0.00035,0.9676371101193801,22027.588006362992,22022.0,0.9989754661819849,0.9741020254337883,0,0,0
53a38acca5b431db,heldout,symmetric-6x6,tmc_db_lbt,967,,,6,6,saturated,,0.0,,,53a38acca5b431dbbe76da4b36d0fe2ac240406f14e769398d258ef74b519f5e,100000,200183329,99978,22,0.00022,0.9678036076620546,22026.165186163296,22022.0,0.9989815357996042,0.9741920478205529,0,0,0
d6404da33191e243,heldout,symmetric-6x6,tmc_db_lbt,1081,,,6,6,saturated,,0.0,,,d6404da33191e243c2539ee1b8431acf1859501630b6e5c37e4caafa609b0e0c,100000,200183329,99978,22,0.00022,0.9678092724694373,22025.905047716224,22022.0,0.9989753329866465,0.9741918684853612,0,0,0
0c744345daba256c,heldout,symmetric-6x6,tmc_db_lbt,1193,,,6,6,saturated,,0.0,,,0c744345daba256c24118ee1a688ee49327ac75b36ec941bdc7ebf3108872215,100000,200183320,99982,18,0.00018,0.9678473211454381,22024.00210063019,22022.0,0.9989726215916687,0.9742136475790356,0,0,0
1d8cb14720e10fec,heldout,symmetric-6x6,tmc_db_lbt,1307,,,6,6,saturated,,0.0,,,1d8cb14720e10fec2e6359b7cb03294e5f1559fca3d20accc1ca534f878b90a8,100000,200183320,99985,15,0.00015,0.967834053306739,22023.621217728785,22022.0,0.9989690816527568,0.9742155449864985,0,0,0
da958f81e589d8d1,heldout,symmetric-6x6,tmc_db_lbt,1429,,,6,6,saturated,,0.0,,,da958f81e589d8d14dc4e53777fcaf4ecf5a1e74e403a371edd9bc2bb15dcf0b,100000,200183322,99974,26,0.00026,0.9676866087775284,22026.145185170364,22022.0,0.9989669354911084,0.974138181422879,0,0,0
26e53d8e372a4369,reproduction,dynamic-4x4,adaptive_db_lbt,410,,,4,4,saturated,,0.0,10,200,26e53d8e372a4369ed49dd75116408f38ca0d806fb6d3de5e507633690f428c5,100000,200355746,98229,1771,0.01771,0.9501122168964398,14312.195874609299,14018.0,0.9747659821567327,0.9611865663510575,18510,13938,0
fa74b2a3e92295a1,reproduction,dynamic-4x4,adaptive_db_lbt,523,,,4,4,saturated,,0.0,10,200,fa74b2a3e92295a13b5ed08b35e7725ba0670dd828431345633d16a27b090708,100000,200355746,98257,1743,0.01743,0.950364897445966,14307.486101639712,14018.0,0.9747015802745421,0.961319325906836,18510,13878,0
a109d0d54529a195,reproduction,dynamic-4x4,adaptive_db_lbt,631,,,4,4,saturated,,0.0,10,200,a109d0d54529a19500b8b8d4a9a6202bc27e1dc9f5016d1f7ee6c93005c12bcc,100000,200355667,98392,1608,0.01608,0.9516699270602613,14284.960898113515,14018.0,0.9748995439466948,0.9621578236689854,18511,13921,0
9766e4e137925f04,reproduction,dynamic-4x4,adaptive_db_lbt,742,,,4,4,saturated,,0.0,10,200,9766e4e137925f044d0eee7a9d0d699f99d5c742d603b584f16869619a906214,100000,200355676,98332,1668,0.01668,0.9511253277396543,14294.939801065864,14018.0,0.9747186666567016,0.9617659981321186,18512,13924,0
ab14a25d0a47f61d,reproduction,dynamic-4x4,adaptive_db_lbt,859,,,4,4,saturated,,0.0,10,200,ab14a25d0a47f61d0f367e77c0f6dd51eff5f8f9c6d117b8af8b5c4685d80ede,100000,200355670,98396,1604,0.01604,0.9517197342106665,14284.318656746758,14018.0,0.9747932451461314,0.9621489931189326,18510,13890,0
df2330e47f2ec5bd,reproduction,dynamic-4x4,adaptive_db_lbt,967,,,4,4,saturated,,0.0,10,200,df2330e47f2ec5bdbcf961eda993093dc8bd88072fff928acf464d947e2eee02,100000,200355574,98418,1582,0.01582,0.9519239030504837,14280.609765267758,14018.0,0.9750365504562204,0.9623531511689014,18510,13965,0
490db79cc8f5a33a,reproduction,dynamic-4x4,adaptive_db_lbt,1081,,,4,4,saturated,,0.0,10,200,490db79cc8f5a33ace57f818861ea4daf097070842395117260dd182c0f2cb71,100000,200355885,98330,1670,0.0167,0.9511134349759679,14295.369398506946,14018.0,0.9746983535401967,0.9617502628387214,18510,14000,0
e6cf6b200868bd1e,reproduction,dynamic-4x4,adaptive_db_lbt,1193,,,4,4,saturated,,0.0,10,200,e6cf6b200868bd1e769b92cfb854c0aaa11e74b33724a557d8af66001a86458b,100000,200355894,98283,1717,0.01717,0.9506228451657129,14302.980493513101,14018.0,0.9744482253633143,0.961385856843009,18511,13959,0
c99e29e029a4b0fc,reproduction,dynamic-4x4,adaptive_db_lbt,1307,,,4,4,saturated,,0.0,10,200,c99e29e029a4b0fc3ff4952ce456af0dca79aa473b6133d3970cc0446cb5bb95,100000,200355654,98358,1642,0.01642,0.9513464940699902,14290.221809862735,14018.0,0.9749785331629792,0.9619913424109897,18511,14021,0
381e333e698d1d51,reproduction,dynamic-4x4,adaptive_db_lbt,1429,,,4,4,saturated,,0.0,10,200,381e333e698d1d5134a7dd5f9773eedc097ca3973ce077743cc03a25a31eac4f,100000,200355630,98341,1659,0.01659,0.9511829939592913,14293.118119044471,14018.0,0.9746809600979991,0.9617951513524302,18511,13976,0
1372bc9883ed23cb,reproduction,dynamic-4x4,primary_db_lbt,410,,,4,4,saturated,,0.0,10,200,1372bc9883ed23cbfe7e38422c52ad620064e4712464522998e66a00078a8e81,100000,200356275,98072,1928,0.01928,0.948638514067004,14338.089461984011,14018.0,0.9738684969441117,0.9600036703370386,0,0,0
e34f21129118b393,reproduction,dynamic-4x4,primary_db_lbt,523,,,4,4,saturated,,0.0,10,200,e34f21129118b393e741db2501aed8eabab590a89509373704cf09066482ec60,100000,200355920,98089,1911,0.01911,0.9487469898568508,14335.290045982403,14018.0,0.9742938962642598,0.960224128707037,0,0,0
a9ca8607992ca3b1,reproduction,dynamic-4x4,primary_db_lbt,631,,,4,4,saturated,,0.0,10,200,a9ca8607992ca3b180a6716eef2c3b5cfb6b819800aef57973b2794aba62d47e,100000,200356107,98098,1902,0.01902,0.9488859753099514,14333.868121113263,14018.0,0.9741393520847266,0.9602414424648928,0,0,0
64e2bde3dd7750f7,reproduction,dynamic-4x4,primary_db_lbt,742,,,4,4,saturated,,0.0,10,200,64e2bde3dd7750f738e4a0a527d1829552fd535449adae09bfb4babe2096e972,100000,200356027,98057,1943,0.01943,0.9484689522217368,14340.446593030016,14018.0,0.9737433426911266,0.9598679316376213,0,0,0
5aec19bc79de7eb7,reproduction,dynamic-4x4,primary_db_lbt,859,,,4,4,saturated,,0.0,10,200,5aec19bc79de7eb75b5ac71162f8ab3423ddf82c5a2758895fb8340b1e7ffea6,100000,200356312,98008,1992,0.01992,0.9480102079339532,14348.741295918368,14018.0,0.9737143646528916,0.9595828575289482,0,0,0
1d744fa9419a99c7,reproduction,dynamic-4x4,primary_db_lbt,967,,,4,4,saturated,,0.0,10,200,1d744fa9419a99c79050faabe22a7e6a799da1a039a4baeb15cccdd0dc1dfefa,100000,200356380,98021,1979,0.01979,0.9481363458453382,14346.578688541316,14018.0,0.9736330263860554,0.9596302907437979,0,0,0
ca263862a27d7ac2,reproduction,dynamic-4x4,primary_db_lbt,1081,,,4,4,saturated,,0.0,10,200,ca263862a27d7ac247a2298696e977c8490b2253bdd7c287174ad9c05fd2c058,100000,200356113,98111,1889,0.01889,0.9489511258386212,14331.51979042435,14018.0,0.9739972371910257,0.960248287676549,0,0,0
8aadb19badb9cfd3,reproduction,dynamic-4x4,primary_db_lbt,1193,,,4,4,saturated,,0.0,10,200,8aadb19badb9cfd36e1caca1a1912cd5c1b22c8c81b42111fcd10198fad145d4,100000,200356299,97946,2054,0.02054,0.9473645248358276,14359.213318630154,14018.0,0.9738449821308616,0.9592561689888963,0,0,0
37fff18604529b12,reproduction,dynamic-4x4,primary_db_lbt,1307,,,4,4,saturated,,0.0,10,200,37fff18604529b121dfd782b823f6463486cc1118422cf911df7b953d013ff8a,100000,200356236,97996,2004,0.02004,0.9478813676655415,14350.430369024778,14018.0,0.9738263940717754,0.9595472539124391,0,0,0
da4628eff95a54c8,reproduction,dynamic-4x4,primary_db_lbt,1429,,,4,4,saturated,,0.0,10,200,da4628eff95a54c874af862e5684c42ed142e237cc6e5a1b7a9bd7774d9881c5,100000,200356181,97965,2035,0.02035,0.9475417731185444,14356.070755535593,14018.0,0.973895296371096,0.9593795231632134,0,0,0
85d0fbd5f52ed666,reproduction,dynamic-4x4,random_lbt,410,,,4,4,saturated,,0.0,10,200,85d0fbd5f52ed666e465dd27607465f24f6ed4d8f9aca363c65ffdb03552cf4a,100000,200292902,82519,17481,0.17481,0.7980604075525353,17408.898946807094,94107.0,0.960975923720923,0.8132382770911527,0,0,0
4909bb64762428e5,reproduction,dynamic-4x4,random_lbt,523,,,4,4,saturated,,0.0,10,200,4909bb64762428e5e71259b2c7f5135cb08ff9851251d30981165043ff6214df,100000,200292664,82565,17435,0.17435,0.7986745735230723,17399.224983950484,94093.0,0.9615720881399209,0.8137660538876644,0,0,0
81f8a6133776a4ba,reproduction,dynamic-4x4,random_lbt,631,,,4,4,saturated,,0.0,10,200,81f8a6133776a4ba3ee55272746c0aa659e0bc3cdf9eeb9fa9ea365056dfd058,100000,200293521,82534,17466,0.17466,0.7982004670036231,17405.57927198701,94135.0,0.9590237055424035,0.8126530575153422,0,0,0
46ce646495761af8,reproduction,dynamic-4x4,random_lbt,742,,,4,4,saturated,,0.0,10,200,46ce646495761af83cce2bd7272f54d98c590fd61ac59094020362928fe4652e,100000,200294095,82673,17327,0.17327,0.7995142442916253,17372.153075666847,92104.0,0.9627803061140018,0.8160446834685424,0,0,0
9922b056535cbeba,reproduction,dynamic-4x4,random_lbt,859,,,4,4,saturated,,0.0,10,200,9922b056535cbeba6b48751fc215bc25d4304af357595650ae7f6b44198197c4,100000,200293526,82694,17306,0.17306,0.7998478043668771,17368.560941392738,94106.0,0.9627482076764201,0.8148630040144325,0,0,0
7e6ab7615a99a05a,reproduction,dynamic-4x4,random_lbt,967,,,4,4,saturated,,0.0,10,200,7e6ab7615a99a05a046ba5322a4b6ebd9b035a3931685b2c3da68d22bb52158f,100000,200293068,82646,17354,0.17354,0.7993543041639364,17379.15946658922,92122.0,0.9641097914465468,0.8163550318701611,0,0,0
a3061e74da0bf2f5,reproduction,dynamic-4x4,random_lbt,1081,,,4,4,saturated,,0.0,10,200,a3061e74da0bf2f5bc6d75817b595c40fc44d02f4204f7aa6ff90874751b3ebf,100000,200293191,82553,17447,0.17447,0.7985092613557692,17400.83579865528,94102.0,0.9637022151506284,0.8143849921687991,0,0,0
019ac8e23675daac,reproduction,dynamic-4x4,random_lbt,1193,,,4,4,saturated,,0.0,10,200,019ac8e23675daacb7621b91d86e4f34a1b6c9401dab0531852123f7071e4276,100000,200293273,82663,17337,0.17337,0.79956638883224,17373.277769039985,92092.0,0.9582967061531207,0.8145505316617869,0,0,0
977ea0fa321ec07a,reproduction,dynamic-4x4,random_lbt,1307,,,4,4,saturated,,0.0,10,200,977ea0fa321ec07a327c79f5aaffb4da13e0b44bf1439b37470b43e92722822a,100000,200293736,82657,17343,0.17343,0.7998147430831287,17375.868116976613,92128.0,0.9616762221645448,0.8157208217492244,0,0,0
afa368e88e3c9c19,reproduction,dynamic-4x4,random_lbt,1429,,,4,4,saturated,,0.0,10,200,afa368e88e3c9c1976eb08af1e617b01090056df117fd90a47f166597b12857f,100000,200294912,82490,17510,0.1751,0.7978243950600203,17417.344875245508,92107.0,0.9588843616737415,0.8137232522445872,0,0,0
1f6a76a92b48d94e,reproduction,dynamic-4x4,tmc_db_lbt,410,,,4,4,saturated,,0.0,10,200,1f6a76a92b48d94e63cfbaa2c2c107505486f34a89134e737164db1fe3c59fb7,100000,200355857,98254,1746,0.01746,0.9503969729220344,14308.054180322863,14018.0,0.974590164934957,0.9612853792856638,0,0,0
329b637ae58b2a85,reproduction,dynamic-4x4,tmc_db_lbt,523,,,4,4,saturated,,0.0,10,200,329b637ae58b2a852be94f1aa1eb9d938f06a0e93ad2c9f4a8e522a71a3968b9,100000,200355571,98316,1684,0.01684,0.9509111628345986,14297.684979859217,14018.0,0.9746959426499565,0.9616470351615183,0,0,0
a27fe36fb0b2c575,reproduction,dynamic-4x4,tmc_db_lbt,631,,,4,4,saturated,,0.0,10,200,a27fe36fb0b2c5750924efb084262b90da868fd6711af3c5227956afae5c264d,100000,200355931,98256,1744,0.01744,0.9503727543758114,14307.524855467796,14018.0,0.9747022136954111,0.9613196560237408,0,0,0
7318639be20fdd59,reproduction,dynamic-4x4,tmc_db_lbt,742,,,4,4,saturated,,0.0,10,200,7318639be20fdd59c30933e9f244706447cf078b3aa113eaa561cc91214faeb3,100000,200356004,98185,1815,0.01815,0.9496592225906043,14319.36485123807,14018.0,0.9746212296746581,0.9608773174217543,0,0,0
de3bb4c698ce9aca,reproduction,dynamic-4x4,tmc_db_lbt,859,,,4,4,saturated,,0.0,10,200,de3bb4c698ce9acac78176987a8a37bc478e041e8725d914109d422e435a9cc4,100000,200355955,98217,1783,0.01783,0.9500085884644657,14314.022258652465,14018.0,0.9744440938602048,0.9610147274415569,0,0,0
dd9a1c94670fa36d,reproduction,dynamic-4x4,tmc_db_lbt,967,,,4,4,saturated,,0.0,10,200,dd9a1c94670fa36d1c3b772238333f1f28f06b664ce84a28eb97325ab9a8c16a,100000,200355850,98232,1768,0.01768,0.950156753596164,14311.50269791497,14018.0,0.9741600493869815,0.9610069343277152,0,0,0
e87af2b2b5bcf068,reproduction,dynamic-4x4,tmc_db_lbt,1081,,,4,4,saturated,,0.0,10,200,e87af2b2b5bcf0684a5da5cbf0de0d65fbd086109d87f45d7b87c6b088332630,100000,200355760,98244,1756,0.01756,0.9502613151725711,14309.625035628487,14018.0,0.9745334846690311,0.9611962666138675,0,0,0
a97b8dd73ef2e2b7,reproduction,dynamic-4x4,tmc_db_lbt,1193,,,4,4,saturated,,0.0,10,200,a97b8dd73ef2e2b70ae9612a978bfa68a5fd744fdf314b3847ac40935f2849a6,100000,200356017,98192,1808,0.01808,0.9497756086856128,14318.100556098754,14018.0,0.97450775360566,0.9608957874304243,0,0,0
79374711ba253ff7,reproduction,dynamic-4x4,tmc_db_lbt,1307,,,4,4,saturated,,0.0,10,200,79374711ba253ff7a16e9be97ca88b7cdb09663db900dbffc22c1058e419210b,100000,200355991,98161,1839,0.01839,0.9494464680120297,14322.863295059753,14018.0,0.9744423351972931,0.9606867677364409,0,0,0
098760e0e3878e68,reproduction,dynamic-4x4,tmc_db_lbt,1429,,,4,4,saturated,,0.0,10,200,098760e0e3878e687614a62cfe8f97608c15a17ace4914b0ca7985ca13e7c516,100000,200355994,98209,1791,0.01791,0.949972946654144,14315.069062433173,14018.0,0.9743054873774458,0.9609366446771965,0,0,0
66a5dc606a080cd5,reproduction,legacy-ap-4x4,adaptive_db_lbt,410,,,4,4,saturated,,0.0,,,66a5dc606a080cd5e3c73bc3f914719e778421a14eb5ade155df10ada494f931,100000,200186899,79697,20303,0.20303,0.7797824072393469,28135.835075610215,72068.0,0.998860485092403,0.8274114641105833,24987,17835,0
a7e1a66cc1f5ba8c,reproduction,legacy-ap-4x4,adaptive_db_lbt,523,,,4,4,saturated,,0.0,,,a7e1a66cc1f5ba8cbacc62f1d6656cba976db5db61e0f2c241f02be9193eb865,100000,200186537,79774,20226,0.20226,0.7805930975268331,28108.01973370778,72067.0,0.9987659841577391,0.8278433605615241,24989,17807,0
e04e6aa920f01840,reproduction,legacy-ap-4x4,adaptive_db_lbt,631,,,4,4,saturated,,0.0,,,e04e6aa920f0184026505e68331f96e055b1ba5fa7433af9188b6d72e11b2bf0,100000,200186988,79618,20382,0.20382,0.7788953895444992,28166.03301258699,72065.0,0.9991435976189651,0.8270146623878214,24986,17712,0
6ec57a562714c002,reproduction,legacy-ap-4x4,adaptive_db_lbt,742,,,4,4,saturated,,0.0,,,6ec57a562714c00209186736e4d386b883064776bd465dfbe45f97c39872ad4d,100000,200186891,79688,20312,0.20312,0.7796095000046731,28139.187245845675,72066.0,0.9989602814791699,0.827365927161281,24987,17586,0
a5054fcf881f34ba,reproduction,legacy-ap-4x4,adaptive_db_lbt,859,,,4,4,saturated,,0.0,,,a5054fcf881f34ba4e0e2ec56c298e2211bda369b26dab932d59175ce0a28489,100000,200186651,79635,20365,0.20365,0.7791738870740187,28162.03015460357,72066.0,0.9988050885386989,0.8270364918709058,24986,17858,0
86c983faecf1ac4c,reproduction,legacy-ap-4x4,adaptive_db_lbt,967,,,4,4,saturated,,0.0,,,86c983faecf1ac4c9563d0942cf1eece1fe0ea6bfe025e0337762099be0d6c35,100000,200187050,79571,20429,0.20429,0.7785231562181469,28184.49057931849,72064.0,0.9990582602331581,0.8267453054837683,24985,17784,0
ecd02badeb2a4b08,reproduction,legacy-ap-4x4,adaptive_db_lbt,1081,,,4,4,saturated,,0.0,,,ecd02badeb2a4b08ce670ffd211a45a7d3ea23a78c08b5903295fb97c75265dd,100000,200186570,79721,20279,0.20279,0.7800005914482675,28130.15219109511,72067.0,0.9988054151076259,0.8275265021852978,24986,17739,0
2aa482269d8fb1cd,reproduction,legacy-ap-4x4,adaptive_db_lbt,1193,,,4,4,saturated,,0.0,,,2aa482269d8fb1cd49a00ce1b08eb0767cbb745c51e95618e4cc48dcdd8dc323,100000,200186658,79655,20345,0.20345,0.779361219967017,28154.130118152254,72064.0,0.9987800747666317,0.8271419315778828,24986,17544,0
fdc56d209a79c1c3,reproduction,legacy-ap-4x4,adaptive_db_lbt,1307,,,4,4,saturated,,0.0,,,fdc56d209a79c1c3d7149ab8f56145e243aba8e539182757490576b4cb9d1d98,100000,200186909,79583,20417,0.20417,0.778597290794874,28182.760478063617,72067.0,0.9990454100742513,0.8267937336230418,24988,17707,0
27b5b5a520139977,reproduction,legacy-ap-4x4,adaptive_db_lbt,1429,,,4,4,saturated,,0.0,,,27b5b5a52013997770c23e726d2c72957f2689b403e42fc20f5222ec024820b3,100000,200186464,79722,20278,0.20278,0.7799743992680744,28128.05181282148,72065.0,0.998770836023432,0.8275100784305021,24986,17704,0
52b309b3b3c2a65e,reproduction,legacy-ap-4x4,primary_db_lbt,410,,,4,4,saturated,,0.0,,,52b309b3b3c2a65ebf0a731348856fb70123246bc4c4b429592327c89526f400,100000,200187656,80185,19815,0.19815,0.7845311351265335,27953.639679193744,72078.0,0.9987881210697596,0.8301835853987645,0,0,0
97859e1c885d7a79,reproduction,legacy-ap-4x4,primary_db_lbt,523,,,4,4,saturated,,0.0,,,97859e1c885d7a7908f33c58fbfb9c116592e1fc426daa86c6c6f68cd59a9f94,100000,200187827,80069,19931,0.19931,0.7833381996798436,27999.343242939405,72074.0,0.9988488395878756,0.8295188464225731,0,0,0
a682ef652182e37d,reproduction,legacy-ap-4x4,primary_db_lbt,631,,,4,4,saturated,,0.0,,,a682ef652182e37d334b139cc8e11bd07a487f4d104ce2a92235e5e772f57401,100000,200188394,80076,19924,0.19924,0.783319041962043,27989.079161670663,74062.0,0.999062738170427,0.8282759267108233,0,0,0
a9a31c07a12945ab,reproduction,legacy-ap-4x4,primary_db_lbt,742,,,4,4,saturated,,0.0,,,a9a31c07a12945abe05bbc4f266fe070d8a19ccf240353f78f0b026632d88728,100000,200187580,80343,19657,0.19657,0.7860123789897455,27893.14293361218,72075.0,0.998873031693575,0.8311026368944402,0,0,0
644fa34b6bde7a38,reproduction,legacy-ap-4x4,primary_db_lbt,859,,,4,4,saturated,,0.0,,,644fa34b6bde7a3896142934d317595431b5bb9ef16c3d71bc08b7b2c9d7d4b7,100000,200187936,80163,19837,0.19837,0.7843012877659121,27960.554802809696,72073.0,0.9989758648037015,0.8301178841898712,0,0,0
26df232e59bec995,reproduction,legacy-ap-4x4,primary_db_lbt,967,,,4,4,saturated,,0.0,,,26df232e59bec99556fc02e6154c55569e1488e29d8c8c38cad41167ed3bdce1,100000,200187932,80203,19797,0.19797,0.7846119964913769,27946.982167574915,72074.0,0.9990384012351617,0.8303416325755129,0,0,0
c1768ed6d24766fc,reproduction,legacy-ap-4x4,primary_db_lbt,1081,,,4,4,saturated,,0.0,,,c1768ed6d24766fc8a25df0fb1967df735c08d1d224835b92edf20b35e898f60,100000,200187659,80389,19611,0.19611,0.7865243880992684,27879.160804707815,72075.0,0.9990205781157021,0.8314374887383236,0,0,0
b0e2389019e06c13,reproduction,legacy-ap-4x4,primary_db_lbt,1193,,,4,4,saturated,,0.0,,,b0e2389019e06c1395cbfa8f41512dd44248a903c6cb5ea4e3d45b179c17f12d,100000,200187740,80116,19884,0.19884,0.7839580835469745,27978.004369319886,74066.0,0.9986923050589869,0.8284627962019872,0,0,0
7c1028e216a8f93c,reproduction,legacy-ap-4x4,primary_db_lbt,1307,,,4,4,saturated,,0.0,,,7c1028e216a8f93c613becd05abbd11cef7e41209ca36d24b155d9517aca945f,100000,200187989,80313,19687,0.19687,0.7857136224091846,27906.790774710153,72069.0,0.9990469594294293,0.8309900272795381,0,0,0
51d0d0630cda02dc,reproduction,legacy-ap-4x4,primary_db_lbt,1429,,,4,4,saturated,,0.0,,,51d0d0630cda02dc92878a47915c357c9317c62d94e6b753281f9b7be7f2a262,100000,200187596,80162,19838,0.19838,0.7843381864678569,27959.853699313786,72076.0,0.9987124914994194,0.8300378926557588,0,0,0
3ee709257be956f3,reproduction,legacy-ap-4x4,random_lbt,410,,,4,4,saturated,,0.0,,,3ee709257be956f3955263d0df57a9f28c8fb3cea6350fec6a5b8edb47cecb6c,100000,200174973,70072,29928,0.29928,0.6857653179251334,32270.12058235798,132122.0,0.9983670781399998,0.7318094653550443,0,0,0
44ab24d8ac335bbb,reproduction,legacy-ap-4x4,random_lbt,523,,,4,4,saturated,,0.0,,,44ab24d8ac335bbbfff176f41266fe9cf8c9a97e3d6588cfcbea302a6f4bb1b1,100000,200174701,70116,29884,0.29884,0.6861040446864461,32241.485835330368,132117.0,0.9985703122842772,0.7321034523235745,0,0,0
596293ad90c15423,reproduction,legacy-ap-4x4,random_lbt,631,,,4,4,saturated,,0.0,,,596293ad90c1542362191fa8e32c3b4e4958dd71c79a823b14ffea8ef45494ea,100000,200174918,70189,29811,0.29811,0.6867060587480796,32210.752354760105,132114.0,0.9991715761183178,0.7326890449554657,0,0,0
5f0119796b9d861e,reproduction,legacy-ap-4x4,random_lbt,742,,,4,4,saturated,,0.0,,,5f0119796b9d861ea328e332bb6a686f84f01f5bc456034145f3e061b28d9c85,100000,200174552,70239,29761,0.29761,0.6871998744375859,32189.724080481865,132104.0,0.9987197963917686,0.7328347236097847,0,0,0
55d71b41c4ddf4d5,reproduction,legacy-ap-4x4,random_lbt,859,,,4,4,saturated,,0.0,,,55d71b41c4ddf4d5f735a4f69d8ca07ede22c91c56f6d8f21a8d5d89adae056e,100000,200174905,70143,29857,0.29857,0.6863647168959566,32230.077654674824,132090.0,0.9984460322370146,0.7322344163776568,0,0,0
c0b1cad4d27e5430,reproduction,legacy-ap-4x4,random_lbt,967,,,4,4,saturated,,0.0,,,c0b1cad4d27e5430337db2d5a30c28bfecb92e14f8da621fcac0b067cf0c9b86,100000,200174174,70186,29814,0.29814,0.6865597007534049,32210.488044004902,132132.0,0.9990815728937117,0.732590757882372,0,0,0
b0dd36038257f476,reproduction,legacy-ap-4x4,random_lbt,1081,,,4,4,saturated,,0.0,,,b0dd36038257f476c3da88929c798a8e7baa2d56c499b029482362baf4c3a378,100000,200174805,70101,29899,0.29899,0.6859353803292078,32255.283739245817,132099.0,0.998554295019866,0.7320163917830248,0,0,0
bde9014aa0972a8e,reproduction,legacy-ap-4x4,random_lbt,1193,,,4,4,saturated,,0.0,,,bde9014aa0972a8e56ef9a7d54159e6e1236aec24f52c4a07697d4ee74143d02,100000,200174808,70011,29989,0.29989,0.6848298113516862,32294.18120258861,132110.0,0.9992121325252427,0.731634814625643,0,0,0
3c78920dba17600f,reproduction,legacy-ap-4x4,random_lbt,1307,,,4,4,saturated,,0.0,,,3c78920dba17600f6bcda3142bcc7b7056a1985efce1773f39bad0b33514527a,100000,200175151,70148,29852,0.29852,0.6862725633712647,32236.84237766625,134106.0,0.9988523636965102,0.731007642355925,0,0,0
5f9f35387e2b1b90,reproduction,legacy-ap-4x4,random_lbt,1429,,,4,4,saturated,,0.0,,,5f9f35387e2b1b900c9b159331e432abff48b36d1a1cc500b482d8b5f50a8829,100000,200175024,70054,29946,0.29946,0.6855659325411146,32278.195111504527,130149.0,0.9983588550619767,0.7330105958676971,0,0,0
beaac97f4ec4c576,reproduction,legacy-ap-4x4,tmc_db_lbt,410,,,4,4,saturated,,0.0,,,beaac97f4ec4c57636b6f468cf6716fa7d7545da9714e961e0bcb6589c07878c,100000,200187302,80118,19882,0.19882,0.7838673853549413,27980.51475544903,72078.0,0.9989041928561042,0.8298335260703487,0,0,0
3eebcafdcf7c2bcd,reproduction,legacy-ap-4x4,tmc_db_lbt,523,,,4,4,saturated,,0.0,,,3eebcafdcf7c2bcd2541d1c9e872f33ddb9e1356554646e20011b04599ce73d6,100000,200187025,80168,19832,0.19832,0.7843899123831827,27960.098907131094,72073.0,0.9987008022334466,0.8300682382055432,0,0,0
f76d6d7830bae7cd,reproduction,legacy-ap-4x4,tmc_db_lbt,631,,,4,4,saturated,,0.0,,,f76d6d7830bae7cd90a1bfc7407fdd423b95e8e31eb3d46eef09ea43263d3849,100000,200187470,80239,19761,0.19761,0.7849802337778683,27933.751343064057,72070.0,0.9990401779452147,0.8305576372410276,0,0,0
419617fa8507faac,reproduction,legacy-ap-4x4,tmc_db_lbt,742,,,4,4,saturated,,0.0,,,419617fa8507faace9020b078c14a9680194026dfa6b729e22572ed8ef43f942,100000,200187316,80372,19628,0.19628,0.7864143650339964,27882.69050522648,72070.0,0.9985665982458666,0.8312103210932875,0,0,0
cbbf7c1045d35898,reproduction,legacy-ap-4x4,tmc_db_lbt,859,,,4,4,saturated,,0.0,,,cbbf7c1045d358989975a9e0554f94ddc39000e1d691d3921bf65317409ea5ec,100000,200187185,80378,19622,0.19622,0.7864431931544469,27880.764353084636,72071.0,0.9986468664024902,0.8312610198523124,0,0,0
379ef24228d278ec,reproduction,legacy-ap-4x4,tmc_db_lbt,967,,,4,4,saturated,,0.0,,,379ef24228d278ec2f3ba6ff3b0be97c2cebba059380017d8fbb4245abc0300f,100000,200186991,80372,19628,0.19628,0.7863301317117055,27882.467832254853,72072.0,0.9987808156806668,0.8312523157974574,0,0,0
14587b702c0dffdd,reproduction,legacy-ap-4x4,tmc_db_lbt,1081,,,4,4,saturated,,0.0,,,14587b702c0dffdd3ac938790e85ef82a095fbc76b71e4bd8c26d32283f8450f,100000,200187597,80088,19912,0.19912,0.7835543327891588,27994.015672611018,72072.0,0.9990374616728755,0.8297025981540114,0,0,0
9d6623ce5a330b90,reproduction,legacy-ap-4x4,tmc_db_lbt,1193,,,4,4,saturated,,0.0,,,9d6623ce5a330b90a9b3fd74764956068b66885bdcf172f3c4cbd09db57d574d,100000,200187713,80319,19681,0.19681,0.7857519806922416,27903.54331502858,72071.0,0.9990922656070709,0.8310315820997708,0,0,0
61a271e0103b019b,reproduction,legacy-ap-4x4,tmc_db_lbt,1307,,,4,4,saturated,,0.0,,,61a271e0103b019ba6d929a30a980328997c75e644bcd0148cb90b4cb71952ea,100000,200187846,80176,19824,0.19824,0.7843469328302778,27957.70641435058,72068.0,0.9991331369457376,0.830221356592005,0,0,0
8fae96a47bb3dc3f,reproduction,legacy-ap-4x4,tmc_db_lbt,1429,,,4,4,saturated,,0.0,,,8fae96a47bb3dc3fc9de449d4cd9cb637940197b7c308312113eecea738b1318,100000,200187068,80242,19758,0.19758,0.7852264612817048,27932.19688395862,72077.0,0.9985766895520287,0.8304880502779112,0,0,0
187f3af1408ec24a,reproduction,legacy-sta-4x4,adaptive_db_lbt,410,,,4,4,saturated,,0.0,,,187f3af1408ec24a70bb3099a2c42725cf404a82e49e6f20b1a2469eb485b3d5,100000,200201089,86961,13039,0.13039,0.8472516850295455,25618.882390826806,50043.0,0.932536436587392,0.8606365405389793,24988,14857,0
06ec2cc608ab6e1a,reproduction,legacy-sta-4x4,adaptive_db_lbt,523,,,4,4,saturated,,0.0,,,06ec2cc608ab6e1a71fd2c1936c03bf245dea277829086ace706cfd4223f2db5,100000,200200872,87066,12934,0.12934,0.8482737627636308,25558.677935534266,48056.0,0.9363535478114007,0.863836770191677,24987,15025,0
44f0c7aa0aef63cc,reproduction,legacy-sta-4x4,adaptive_db_lbt,631,,,4,4,saturated,,0.0,,,44f0c7aa0aef63cc888bc57b3915e574a1ff69138c4c925f919de0671475c49d,100000,200202130,87190,12810,0.1281,0.849161894531292,25537.28985523871,48043.0,0.9243747835305554,0.8604585593539492,24986,14957,0
7a35b92822269608,reproduction,legacy-sta-4x4,adaptive_db_lbt,742,,,4,4,saturated,,0.0,,,7a35b9282226960838b20449bb5a70342edadd1af7e09532b71d3ffbdc1eec03,100000,200201599,87127,12873,0.12873,0.8487206837943387,25554.81015898525,48055.0,0.9292805773304155,0.8617812537082513,24986,15037,0
7ef616ccea5fc064,reproduction,legacy-sta-4x4,adaptive_db_lbt,859,,,4,4,saturated,,0.0,,,7ef616ccea5fc064f83dbc56f7e28c640aa2dc1c5bb4228d25068f386eab5397,100000,200200979,87194,12806,0.12806,0.8494271049493719,25542.52724186185,48055.0,0.9351551799308727,0.8641424282934149,24984,14905,0
e77fd6709e94d821,reproduction,legacy-sta-4x4,adaptive_db_lbt,967,,,4,4,saturated,,0.0,,,e77fd6709e94d821900b007222035f1e58853e9a3c7d523da2255749c752a289,100000,200201157,87135,12865,0.12865,0.8489499538706462,25560.904686477737,48057.0,0.9325781437701508,0.8629755325469324,24988,14803,0
bfa05d219a55e5e6,reproduction,legacy-sta-4x4,adaptive_db_lbt,1081,,,4,4,saturated,,0.0,,,bfa05d219a55e5e69c2cc41c5405583a81be2f80447ea4b3bca20a85dcf811de,100000,200200839,86957,13043,0.13043,0.8471900060318928,25591.379849330035,50044.0,0.9358336949134898,0.8617044003151274,24989,14924,0
5bce32173390a767,reproduction,legacy-sta-4x4,adaptive_db_lbt,1193,,,4,4,saturated,,0.0,,,5bce32173390a7676d42c3596e6af635ed0ac50be5830eaa979cd83d0e59c292,100000,200201389,86997,13003,0.13003,0.8475251038343196,25606.689015347474,48057.0,0.9321878866642043,0.8620254968328411,24987,14905,0
11ae985a648d604a,reproduction,legacy-sta-4x4,adaptive_db_lbt,1307,,,4,4,saturated,,0.0,,,11ae985a648d604a51505f3da64af8f91c55519b8f8178010ea9291176b44a2e,100000,200201159,87028,12972,0.12972,0.8478243575003479,25587.226785878458,48062.0,0.9337873866963908,0.8627325813989131,24987,14972,0
6b73436d3c20a4a6,reproduction,legacy-sta-4x4,adaptive_db_lbt,1429,,,4,4,saturated,,0.0,,,6b73436d3c20a4a67c0faf8fee5d3e3a7b83ec8194444513e9d6787d038d5be8,100000,200200132,86597,13403,0.13403,0.8438738991440825,25719.80583241901,50047.0,0.9425882871695825,0.861948562104555,24989,15104,0
6800820f1db29375,reproduction,legacy-sta-4x4,primary_db_lbt,410,,,4,4,saturated,,0.0,,,6800820f1db29375fe9783c4dbde347a6b18236ece6416a563dc6067d191aafc,100000,200202434,87515,12485,0.12485,0.8523813551637439,25428.66934847948,48045.0,0.9241954999050088,0.8622831183562509,0,0,0
987024b07191ff76,reproduction,legacy-sta-4x4,primary_db_lbt,523,,,4,4,saturated,,0.0,,,987024b07191ff76e629203d49f40d76ccf6cc5caf70ba7e4063465e1242423c,100000,200201183,87179,12821,0.12821,0.8493443467814074,25536.7756146248,50045.0,0.9363693887801097,0.863155411853839,0,0,0
da2fcd38a3df30bf,reproduction,legacy-sta-4x4,primary_db_lbt,631,,,4,4,saturated,,0.0,,,da2fcd38a3df30bfa5a3ed5d4280aa6a631ee80d20495da0a5d146af1b5454d9,100000,200201795,87320,12680,0.1268,0.8506245161288389,25502.20261602602,48058.0,0.9310632398275996,0.863490585318813,0,0,0
aa914d09703d2d3d,reproduction,legacy-sta-4x4,primary_db_lbt,742,,,4,4,saturated,,0.0,,,aa914d09703d2d3d137b60e38cffb8c0447195be9e7ceae8318aed0574f3864c,100000,200201274,87138,12862,0.12862,0.84898663032484,25531.615533824577,50056.0,0.935590013715256,0.8626665480133653,0,0,0
ad9290be1e4bc18d,reproduction,legacy-sta-4x4,primary_db_lbt,859,,,4,4,saturated,,0.0,,,ad9290be1e4bc18d60f7bf43268ae2207f931924b5b1a159872a3e79023f026d,100000,200200607,86795,13205,0.13205,0.8458308620412924,25673.260004839656,50059.0,0.9414162460816514,0.8626972027076478,0,0,0
51ab1c6b5e0e7da0,reproduction,legacy-sta-4x4,primary_db_lbt,967,,,4,4,saturated,,0.0,,,51ab1c6b5e0e7da0790826db25537158de6b65e1b717a92ff9abff46cd5845bd,100000,200201884,87453,12547,0.12547,0.8518605299438641,25456.193010143983,48052.0,0.9297602392079035,0.8638047563839226,0,0,0
4c1e95a5011197fd,reproduction,legacy-sta-4x4,primary_db_lbt,1081,,,4,4,saturated,,0.0,,,4c1e95a5011197fd57d86c3e2a1384415e2bbb595d614b76d8c1131f0cb50929,100000,200201333,87267,12733,0.12733,0.8502585344923752,25512.5792218211,48060.0,0.9351186020508373,0.8645865455144042,0,0,0
c2e1f381f41bcc15,reproduction,legacy-sta-4x4,primary_db_lbt,1193,,,4,4,saturated,,0.0,,,c2e1f381f41bcc15a904da59846ea808e4f1de69f5c90c64cff82c499cdd953b,100000,200202178,87501,12499,0.12499,0.8522892543157048,25433.481477671477,48049.0,0.9274379287688264,0.8632955610281772,0,0,0
4249f09c62e20e4a,reproduction,legacy-sta-4x4,primary_db_lbt,1307,,,4,4,saturated,,0.0,,,4249f09c62e20e4a3df6976fa3dfd3987927a9fdd9407145c1847456235cca20,100000,200201348,87409,12591,0.12591,0.8516128023273849,25473.51668821584,48055.0,0.9343071653848594,0.865125822570748,0,0,0
73a5ce8c84c031ee,reproduction,legacy-sta-4x4,primary_db_lbt,1429,,,4,4,saturated,,0.0,,,73a5ce8c84c031ee4b8344f347d7d3d77113ede3ca0581a45722a7cd79ffe298,100000,200201535,87198,12802,0.12802,0.8495903840097929,25537.62045511894,50046.0,0.932756970795284,0.8620801182683591,0,0,0
b146d990c659215e,reproduction,legacy-sta-4x4,random_lbt,410,,,4,4,saturated,,0.0,,,b146d990c659215e2213dfeb88e2bd20310770e8699e7ed2655028304fb18a61,100000,200188078,73262,26738,0.26738,0.7136267875052978,30776.979126279864,112099.0,0.9289505715003574,0.7392814530018851,0,0,0
ce06f744246f8758,reproduction,legacy-sta-4x4,random_lbt,523,,,4,4,saturated,,0.0,,,ce06f744246f87584ce5b6bea58450644b96daabfec1e7afed4e42c612a1fbdf,100000,200188731,73108,26892,0.26892,0.7119420872896187,30839.156191857284,110115.0,0.9257521598390297,0.7385914157095494,0,0,0
c9257b6236c8a5a1,reproduction,legacy-sta-4x4,random_lbt,631,,,4,4,saturated,,0.0,,,c9257b6236c8a5a1f39751a452b95e531b99460ce57af32c09f519592e10ec2d,100000,200188390,73245,26755,0.26755,0.7134669747831031,30761.922780713612,112093.0,0.9284980908869538,0.7390388552233523,0,0,0
53ab57e50305e1a4,reproduction,legacy-sta-4x4,random_lbt,742,,,4,4,saturated,,0.0,,,53ab57e50305e1a490c329458d32546f5c32410be9de088326c020a2461b1431,100000,200188940,73069,26931,0.26931,0.7117636219063851,30857.16262644237,110131.0,0.9308787632625654,0.7401326283896502,0,0,0
b6757a63b1197c28,reproduction,legacy-sta-4x4,random_lbt,859,,,4,4,saturated,,0.0,,,b6757a63b1197c283e0b8dc869652ede269aaf9b866636d2f27b2f0ae7e57c89,100000,200189155,73110,26890,0.2689,0.7120763160222141,30842.959027606776,110153.0,0.926022056073209,0.7387057906984743,0,0,0
c9e45b93d3a87a6c,reproduction,legacy-sta-4x4,random_lbt,967,,,4,4,saturated,,0.0,,,c9e45b93d3a87a6c6824c3dfe729bf9933d75c03531d759fa5d75c4701f9693e,100000,200187729,73139,26861,0.26861,0.7125507078408387,30824.827286775064,112117.0,0.9324349507430263,0.7397647195279549,0,0,0
307541308fa20917,reproduction,legacy-sta-4x4,random_lbt,1081,,,4,4,saturated,,0.0,,,307541308fa2091769cf9326b2fe599d38550058ca241fae24919caf2daaa294,100000,200188558,73143,26857,0.26857,0.7129078875726753,30827.16173715661,112109.0,0.9354826692513719,0.7409150189413491,0,0,0
9c953f1da2907339,reproduction,legacy-sta-4x4,random_lbt,1193,,,4,4,saturated,,0.0,,,9c953f1da2907339f9ba4ca865a3af587128ae51934ba1894ddc6cfe44517808,100000,200187465,72923,27077,0.27077,0.7107060574447056,30918.622951269357,112124.0,0.9414034013508851,0.7415946529318636,0,0,0
7419ccd5f2c7428d,reproduction,legacy-sta-4x4,random_lbt,1307,,,4,4,saturated,,0.0,,,7419ccd5f2c7428db6e5fe4689acb0cf109ff5264fbf60d6f8d623b81c9cd922,100000,200187608,72943,27057,0.27057,0.7109666248672095,30887.71617007857,112126.0,0.9369728009497871,0.7402533086056657,0,0,0
c8a7e038b8e14608,reproduction,legacy-sta-4x4,random_lbt,1429,,,4,4,saturated,,0.0,,,c8a7e038b8e146080e0183cb90087758ff7bd39212299f5e28be3c0a23c94b0f,100000,200186691,73109,26891,0.26891,0.7124408085650409,30827.801742889584,114096.0,0.9423238435203855,0.7416300506951421,0,0,0
12c3a47dd4f8aac1,reproduction,legacy-sta-4x4,tmc_db_lbt,410,,,4,4,saturated,,0.0,,,12c3a47dd4f8aac18dcad23f0ef0e12f1a98e6988f1b5ac72844615159dbeede,100000,200201334,87289,12711,0.12711,0.8503973055444276,25517.43705672743,48058.0,0.9336018207145179,0.8641835420863152,0,0,0
9bff9752ec2bc3b7,reproduction,legacy-sta-4x4,tmc_db_lbt,523,,,4,4,saturated,,0.0,,,9bff9752ec2bc3b78dfdce137a4ca913465666530aa84067ef20efeedb0a88b7,100000,200201595,87378,12622,0.12622,0.8511953064110204,25486.049138108647,50043.0,0.9316143474976398,0.8626862179695535,0,0,0
1cd9c3a9b4be3101,reproduction,legacy-sta-4x4,tmc_db_lbt,631,,,4,4,saturated,,0.0,,,1cd9c3a9b4be3101df0a7ed543c43c4c2a14420c101975dbdc559f9f069f05c6,100000,200200492,87001,12999,0.12999,0.8478121022799484,25572.06012254423,50053.0,0.9409396464135498,0.8637177495644995,0,0,0
5e32dc50d5c17774,reproduction,legacy-sta-4x4,tmc_db_lbt,742,,,4,4,saturated,,0.0,,,5e32dc50d5c17774b80aae0e02a03a29c5c00c8d6836d4376612d8262a20195d,100000,200201743,87555,12445,0.12445,0.8529153964458741,25428.049175833592,48045.0,0.9297431300820032,0.864410342175959,0,0,0
b55cb45b0e7044eb,reproduction,legacy-sta-4x4,tmc_db_lbt,859,,,4,4,saturated,,0.0,,,b55cb45b0e7044ebbcd7e9ff421224deefe824848cecf96b0eb9d2dfa385c0be,100000,200201671,87393,12607,0.12607,0.8513424945389192,25482.830581018756,48056.0,0.9309407613299578,0.863872918622959,0,0,0
967abc4d2bb8533e,reproduction,legacy-sta-4x4,tmc_db_lbt,967,,,4,4,saturated,,0.0,,,967abc4d2bb8533e44ce344478619896a002dbc9a057326dc470d0f174ef74a1,100000,200201532,87374,12626,0.12626,0.8511965582760875,25486.083674824295,50044.0,0.9312015827192013,0.8625383803317629,0,0,0
58e2e3ca7df7c643,reproduction,legacy-sta-4x4,tmc_db_lbt,1081,,,4,4,saturated,,0.0,,,58e2e3ca7df7c643cae9fea2ee67e58ec304a5a076c2d7b8998b1506bb4081ca,100000,200201527,87223,12777,0.12777,0.8497441830201425,25523.82501060646,48057.0,0.9332339081382074,0.8636788637194499,0,0,0
f4809244faf44c83,reproduction,legacy-sta-4x4,tmc_db_lbt,1193,,,4,4,saturated,,0.0,,,f4809244faf44c83f40ffc3165a6a5007d2e6a605c4f87c766a1709cca5f4a0b,100000,200201225,87053,12947,0.12947,0.848145954151879,25586.880585011662,50050.0,0.9350013671631233,0.8619816071050008,0,0,0
578ecd7ce15956ac,reproduction,legacy-sta-4x4,tmc_db_lbt,1307,,,4,4,saturated,,0.0,,,578ecd7ce15956ac3e4f11bf80ccff50d770bf61a21f8342b91fcaad63e7966c,100000,200200786,87167,12833,0.12833,0.8492999822688009,25547.611313177673,50052.0,0.938272252837974,0.8637402450355917,0,0,0
3ebc7a6bdffb5ab4,reproduction,legacy-sta-4x4,tmc_db_lbt,1429,,,4,4,saturated,,0.0,,,3ebc7a6bdffb5ab465829c25cd6fec5abba93ba9857000e5a8ba1386ad36a203,100000,200200997,87045,12955,0.12955,0.8480717556066916,25584.736559695746,50054.0,0.9359805329343603,0.8622605961803506,0,0,0
7035a76546280a69,reproduction,static-symmetric-16x16,adaptive_db_lbt,410,,,16,16,saturated,,0.0,,,7035a76546280a692beca7fb3e9e00ad50f25906d92fd2e1c985618e86e286e1,100000,200131224,99642,358,0.00358,0.9647302761711986,62225.93976508383,62042.0,0.9989804887046022,0.9456472549586004,99932,34888,0
46106464c4520ae4,reproduction,static-symmetric-16x16,adaptive_db_lbt,523,,,16,16,saturated,,0.0,,,46106464c4520ae42e064881b39fa3cb36bf7b7ca98f090c2ec4b6c807137ef4,100000,200131221,99682,318,0.00318,0.9651823490348864,62211.64519819368,62042.0,0.9989789721814794,0.9458974404054553,99921,34881,0
45b3b99dae61404b,reproduction,static-symmetric-16x16,adaptive_db_lbt,631,,,16,16,saturated,,0.0,,,45b3b99dae61404b811eac1e8ff283d952c2a516cb2529fa16da5e9dc13dbacf,100000,200131229,99662,338,0.00338,0.965007505150533,62230.96475961056,62042.0,0.9989903851864305,0.9457929634456544,99919,34615,0
89dc5f0ffe98e032,reproduction,static-symmetric-16x16,adaptive_db_lbt,742,,,16,16,saturated,,0.0,,,89dc5f0ffe98e0325195c2cd4164281458e7165b99892588a32dd4415ec92523,100000,200131221,99636,364,0.00364,0.9646881282955846,62229.16466206176,62042.0,0.9989711641601219,0.9456150974852356,99938,34661,0
b1024bdc63c43269,reproduction,static-symmetric-16x16,adaptive_db_lbt,859,,,16,16,saturated,,0.0,,,b1024bdc63c43269217825d76a48aed40faebebf1edee2060f20ba792de0e00f,100000,200131210,99614,386,0.00386,0.9645157344524125,62229.60634452009,62042.0,0.9989720206935918,0.9455029183820014,99946,34904,0
1a5f4f83f5abb3db,reproduction,static-symmetric-16x16,adaptive_db_lbt,967,,,16,16,saturated,,0.0,,,1a5f4f83f5abb3dbb510f2b8f725015e9791157b7032b8d25f17632f2ad92f0c,100000,200131218,99715,285,0.00285,0.9655632436114989,62183.37936257938,62042.0,0.9989612479639783,0.9461009971918257,99926,34561,0
55d42ce781589a00,reproduction,static-symmetric-16x16,adaptive_db_lbt,1081,,,16,16,saturated,,0.0,,,55d42ce781589a0081e048431c1e99e0d9a34338003601cad5da3a3bf02f3fcd,100000,200131233,99605,395,0.00395,0.9644039718677994,62260.981832424455,62042.0,0.9989789623385551,0.9454454780687848,99920,34444,0
9cffd37e42bcddbe,reproduction,static-symmetric-16x16,adaptive_db_lbt,1193,,,16,16,saturated,,0.0,,,9cffd37e42bcddbedcd3567ad33836a40b383407f00d96b2d3e2ff48b0dad30c,100000,200131218,99691,309,0.00309,0.965246811219627,62195.344123461,62042.0,0.9989722060949471,0.9459391724381914,99927,34755,0
f04c35ddfc229f0e,reproduction,static-symmetric-16x16,adaptive_db_lbt,1307,,,16,16,saturated,,0.0,,,f04c35ddfc229f0eb6325e00a6466ddfb11d14bb77d1eb42382d30ea0e1f7156,100000,200131223,99712,288,0.00288,0.9654315958484899,62179.63264446228,62042.0,0.9989759566621726,0.9460545175035542,99936,35143,0
5dcc30febcbca55f,reproduction,static-symmetric-16x16,adaptive_db_lbt,1429,,,16,16,saturated,,0.0,,,5dcc30febcbca55fb4c0fbe09952c46fab196bc6966d356a671f7e38b68cf8f4,100000,200131236,99595,405,0.00405,0.9642884132290074,62252.36313690829,62042.0,0.998973191774395,0.9453800350011341,99932,34901,0
71e40e50aeb47154,reproduction,static-symmetric-16x16,primary_db_lbt,410,,,16,16,saturated,,0.0,,,71e40e50aeb471542e9efc4faf1cb69b0e50290a346407f09dc124c07bf85c75,100000,200131259,99871,129,0.00129,0.966994076622483,62063.01004617434,62042.0,0.998973876972752,0.9469721511984116,0,0,0
9efa21f00677bcef,reproduction,static-symmetric-16x16,primary_db_lbt,523,,,16,16,saturated,,0.0,,,9efa21f00677bcefaf7d9664a4398f439f2299dcec9a6de70d9906f256d166a9,100000,200131247,99907,93,0.00093,0.9673685489003124,62061.016540675846,62042.0,0.9989604522320698,0.9471825003774608,0,0,0
a769a16a06b08fcb,reproduction,static-symmetric-16x16,primary_db_lbt,631,,,16,16,saturated,,0.0,,,a769a16a06b08fcb2089e7ec709d23e9f05512b40547d549168b2afdf354417b,100000,200131262,99866,134,0.00134,0.9669365298860705,62064.4550353587,62042.0,0.9989486947733448,0.9469320748864718,0,0,0
a41023ad2853a195,reproduction,static-symmetric-16x16,primary_db_lbt,742,,,16,16,saturated,,0.0,,,a41023ad2853a195a46f6983a3a732d4e8380c8f84165aab865cf8295dcb465b,100000,200131256,99876,124,0.00124,0.9670425043452483,62061.60524418092,62042.0,0.9989722017030199,0.9470002353494228,0,0,0
1e0ff251971e3477,reproduction,static-symmetric-16x16,primary_db_lbt,859,,,16,16,saturated,,0.0,,,1e0ff251971e3477db76b4973ea3b64ddf8986d4193a6ada0170642692d86288,100000,200131243,99931,69,0.00069,0.9675640899307261,62052.296529494786,62042.0,0.9989608744153263,0.9473078214486841,0,0,0
9254004080a1d8e4,reproduction,static-symmetric-16x16,primary_db_lbt,967,,,16,16,saturated,,0.0,,,9254004080a1d8e4be9f1755b72b39a6a6946ce3343d272f268b2843e738851e,100000,200131249,99927,73,0.00073,0.9675491856846404,62044.8447169528,62042.0,0.9989766138027237,0.9472980998291215,0,0,0
a3a377798b5c1b26,reproduction,static-symmetric-16x16,primary_db_lbt,1081,,,16,16,saturated,,0.0,,,a3a377798b5c1b26f7042517f0d2cac01ea45d799191f936a9e0b9e713a5cdfb,100000,200131250,99904,96,0.00096,0.9672901558352331,62061.819508971486,62042.0,0.9989560476753424,0.9471474011701918,0,0,0
605ee40eabea5444,reproduction,static-symmetric-16x16,primary_db_lbt,1193,,,16,16,saturated,,0.0,,,605ee40eabea544425a28cb321db315c4fd9c109ac9e281275f3498adbfcd373,100000,200131263,99883,117,0.00117,0.9670681586614481,62058.13675376311,62042.0,0.9989872253644339,0.947031294675294,0,0,0
2828d44249e48b87,reproduction,static-symmetric-16x16,primary_db_lbt,1307,,,16,16,saturated,,0.0,,,2828d44249e48b872cc2117ccfda3231c4f1db01a5a238d20546c807bc15dfd7,100000,200131251,99911,89,0.00089,0.9673937280290124,62051.49889366133,62042.0,0.9989457125064756,0.9471959801784959,0,0,0
e65cb499b849a545,reproduction,static-symmetric-16x16,primary_db_lbt,1429,,,16,16,saturated,,0.0,,,e65cb499b849a545fd8600c10fafb85936b7dd03a9f8945cbb07a38a9188f8d0,100000,200131267,99860,140,0.0014,0.9668720430376329,62073.25793364587,62042.0,0.9989987994277985,0.9469122808218106,0,0,0
a5a6761f56ecc81b,reproduction,static-symmetric-16x16,random_lbt,410,,,16,16,saturated,,0.0,,,a5a6761f56ecc81bcf0c57842be37a1d6acfbdf4f1fb23b5225e35c927fd3012,100000,200123857,48636,51364,0.51364,0.4708693826543629,129545.41132417085,472295.0,0.9971985853985661,0.3794159893509763,0,0,0
b0ebfe9a4f716185,reproduction,static-symmetric-16x16,random_lbt,523,,,16,16,saturated,,0.0,,,b0ebfe9a4f716185ce888fdaaa5207a969549653a3e571de62fd63bd95c233ed,100000,200123963,48647,51353,0.51353,0.4711594882817706,129476.28489149439,474304.0,0.9983069958448118,0.3785703280421941,0,0,0
a42860ab1d9fd9f9,reproduction,static-symmetric-16x16,random_lbt,631,,,16,16,saturated,,0.0,,,a42860ab1d9fd9f92078c58bf828168023b35b9f75667cd474b5d16bfa3967a2,100000,200123731,48719,51281,0.51281,0.4717033433681086,129329.58888409637,480284.0,0.9982975688138345,0.3749418040606477,0,0,0
c70524692503efe0,reproduction,static-symmetric-16x16,random_lbt,742,,,16,16,saturated,,0.0,,,c70524692503efe005779e46db7e2e80d345e299446ce2c34d851ad70ab930de,100000,200123652,48615,51385,0.51385,0.4706651815448581,129558.22995698084,476282.0,0.99746867161165,0.3767274510521694,0,0,0
b53f1852a438d604,reproduction,static-symmetric-16x16,random_lbt,859,,,16,16,saturated,,0.0,,,b53f1852a438d604cd30894a58ad311056d6f589bacf262779b72499e401764a,100000,200123765,48636,51364,0.51364,0.4709023038818003,129505.364908238,472276.0,0.9982714834251261,0.37979726243564205,0,0,0
4a1db91fee6e1659,reproduction,static-symmetric-16x16,random_lbt,967,,,16,16,saturated,,0.0,,,4a1db91fee6e16597733846f2255747850805ccdf8e1062eb04efb5ae79f5e2c,100000,200123833,48615,51385,0.51385,0.47080664800178995,129600.72926743922,476302.0,0.9977284166387895,0.3768478548801931,0,0,0
dd74ab54afaad4ee,reproduction,static-symmetric-16x16,random_lbt,1081,,,16,16,saturated,,0.0,,,dd74ab54afaad4ee12b9da7fdbf7e504243eab2e568bc9fe5433a7904d94b8c5,100000,200123530,48664,51336,0.51336,0.47132470129824316,129447.27759499918,478300.0,0.9972161601671147,0.3756402871551192,0,0,0
77237081db0a1639,reproduction,static-symmetric-16x16,random_lbt,1193,,,16,16,saturated,,0.0,,,77237081db0a16392686d1965d13ae7c8fce25b4b6dcdb902cd7f54b70dba3e4,100000,200123994,48584,51416,0.51416,0.4705398943816802,129666.51532377656,482283.0,0.9983009424834941,0.3728849456217247,0,0,0
1d5330931e22fba5,reproduction,static-symmetric-16x16,random_lbt,1307,,,16,16,saturated,,0.0,,,1d5330931e22fba52ba236c6c3bf72b480dd471455e323f35ed4c421e0b48859,100000,200123813,48555,51445,0.51445,0.47010037730992066,129723.36046823156,480318.0,0.9982246342320165,0.37395050384731243,0,0,0
0587d3070a7a2aae,reproduction,static-symmetric-16x16,random_lbt,1429,,,16,16,saturated,,0.0,,,0587d3070a7a2aae60f42c85ee35a6e604746b0e3bf0a22c079a5110ef79c95f,100000,200123591,48605,51395,0.51395,0.4708220231766679,129575.95499557367,476296.0,0.9974561986790726,0.37674124061858016,0,0,0
7ff0494e399722e6,reproduction,static-symmetric-16x16,tmc_db_lbt,410,,,16,16,saturated,,0.0,,,7ff0494e399722e61d392d9e8e49c614f49cb50013fc04b633dc5ef3ce3339ce,100000,200131221,99685,315,0.00315,0.9652336453790985,62196.277954502126,62042.0,0.9989679120799057,0.9459183524863346,0,0,0
b00d4e53b4129715,reproduction,static-symmetric-16x16,tmc_db_lbt,523,,,16,16,saturated,,0.0,,,b00d4e53b4129715e6ee783148c66f28e5173d4563b898844c298fb38062f84e,100000,200131221,99702,298,0.00298,0.9653115792462986,62196.01017357279,62042.0,0.9989519496956347,0.9459815096473111,0,0,0
37f8be2a7a07642e,reproduction,static-symmetric-16x16,tmc_db_lbt,631,,,16,16,saturated,,0.0,,,37f8be2a7a07642ea0e0f064eb8e0f9a8d3a6508ec68f1209d03ca39864c8360,100000,200131214,99768,232,0.00232,0.9660049881074524,62160.648301516005,62042.0,0.998961595214657,0.9463808611073697,0,0,0
bb87aabfdc294139,reproduction,static-symmetric-16x16,tmc_db_lbt,742,,,16,16,saturated,,0.0,,,bb87aabfdc294139ff8e8929ac56129ee0b18abd9e0e3d450a6e9c498bc446b6,100000,200131216,99710,290,0.0029,0.9654486734343332,62184.55199743173,62042.0,0.9989724563833763,0.9460540432725698,0,0,0
9a1fdac18c2322aa,reproduction,static-symmetric-16x16,tmc_db_lbt,859,,,16,16,saturated,,0.0,,,9a1fdac18c2322aa5d0cd13c3e4d794a9105037655c3775c1e0024a1517af236,100000,200131211,99663,337,0.00337,0.9649038400112414,62199.26371310135,62042.0,0.998978895953113,0.9457570786547849,0,0,0
a0b2c5928aace174,reproduction,static-symmetric-16x16,tmc_db_lbt,967,,,16,16,saturated,,0.0,,,a0b2c5928aace17448c76025040799f19906a87b95f479fdea655c6038bb2d51,100000,200131225,99710,290,0.0029,0.9653909478643325,62186.62188246153,62042.0,0.9989669261708467,0.9460329580117264,0,0,0
b6f077c597dce9f6,reproduction,static-symmetric-16x16,tmc_db_lbt,1081,,,16,16,saturated,,0.0,,,b6f077c597dce9f6fc925a3f52af4eff538acf60a67f9f949088e11da75cfefa,100000,200131222,99743,257,0.00257,0.9657290954831625,62172.82413174073,62042.0,0.998970097218117,0.9462292309004265,0,0,0
ecdd22180f6ca311,reproduction,static-symmetric-16x16,tmc_db_lbt,1193,,,16,16,saturated,,0.0,,,ecdd22180f6ca311134e2d1099f5a6bbf7daabb4b19b3112f7bef75b18b7a9ef,100000,200131212,99741,259,0.00259,0.965694321583382,62170.47682756822,62042.0,0.9989667464104971,0.9462115226646264,0,0,0
232d42f151b0697c,reproduction,static-symmetric-16x16,tmc_db_lbt,1307,,,16,16,saturated,,0.0,,,232d42f151b0697cfe67415bded5951fd3cca313ba1bb20d196d4a987af95641,100000,200131223,99681,319,0.00319,0.9651460781809144,62197.81184959207,62042.0,0.998943066515176,0.9458708815653635,0,0,0
a35ff6c2d3c00c51,reproduction,static-symmetric-16x16,tmc_db_lbt,1429,,,16,16,saturated,,0.0,,,a35ff6c2d3c00c51eea1ed43ed0ecff8a3d2feb343ab91346f55bebc66d686ae,100000,200131220,99676,324,0.00324,0.9650657953316829,62200.2884970495,62042.0,0.9989792631019228,0.9458436861445353,0,0,0
ce166e36ab0eeb85,reproduction,static-symmetric-1x1,adaptive_db_lbt,410,,,1,1,saturated,,0.0,,,ce166e36ab0eeb8500fd9bd8a46ba06fd2a550c49cfc22554042c6dc22226b04,100000,200600000,100000,0,0.0,0.9661016999002991,2011.9999799996,2012.0,0.9989775750749429,0.9870184249917474,6250,1,0
19921a378b433ccb,reproduction,static-symmetric-1x1,adaptive_db_lbt,523,,,1,1,saturated,,0.0,,,19921a378b433ccb65e947e2a1f5fcf3693a62068bbcaa1d92335ea45c3e6b79,100000,200599998,100000,0,0.0,0.9661017095324198,2011.9999799996,2012.0,0.9989775750749429,0.9870184282024542,6250,1,0
a3d835c9d3a7407d,reproduction,static-symmetric-1x1,adaptive_db_lbt,631,,,1,1,saturated,,0.0,,,a3d835c9d3a7407d9824a8b0e22bdea873e2d38b6df3a27fb5a8ea00bba061d7,100000,200599996,100000,0,0.0,0.9658524669163004,2011.9999799996,2012.0,0.9989604993035125,0.9869296554066044,6250,1,0
0d36da0b255c4e7e,reproduction,static-symmetric-1x1,adaptive_db_lbt,742,,,1,1,saturated,,0.0,,,0d36da0b255c4e7e363c94160316da1d9232cc365e99042b83f88541bc6161df,100000,200600002,99999,1,1e-05,0.9660916653430541,2012.020090602718,2012.0,0.9989782091168632,0.9870127914866391,6250,2,0
aadf0d9dbb76f9e2,reproduction,static-symmetric-1x1,adaptive_db_lbt,859,,,1,1,saturated,,0.0,,,aadf0d9dbb76f9e2e1e2c5d8bf278891e78ea0312fe50ead3b0b14f12db27a68,100000,200600001,100000,0,0.0,0.9658524428422112,2011.9999799996,2012.0,0.9989604993035125,0.9869296473819079,6250,1,0
e94312bcde10252d,reproduction,static-symmetric-1x1,adaptive_db_lbt,967,,,1,1,saturated,,0.0,,,e94312bcde10252dad8f2133d986b313f4cceb59cc12f806f6c2004d1a65b8ca,100000,200599995,100000,0,0.0,0.9658524717311184,2011.9999799996,2012.0,0.9989604993035125,0.9869296570115437,6250,1,0
fb8de1dc20a38f4c,reproduction,static-symmetric-1x1,adaptive_db_lbt,1081,,,1,1,saturated,,0.0,,,fb8de1dc20a38f4c86a09b6e5631d0334a84cd23c796082cb8592c95f12bd04e,100000,200600001,100000,0,0.0,0.9658524428422112,2011.9999799996,2012.0,0.9989604993035125,0.9869296473819079,6250,1,0
c258b4c65a8f7a3b,reproduction,static-symmetric-1x1,adaptive_db_lbt,1193,,,1,1,saturated,,0.0,,,c258b4c65a8f7a3bbd8bad254f3fa002f28b42ece6525d1e23c2dc72674a540a,100000,200599997,100000,0,0.0,0.9658524621014825,2011.9999799996,2012.0,0.9989604993035125,0.9869296538016651,6250,1,0
7fc60427a4699b3f,reproduction,static-symmetric-1x1,adaptive_db_lbt,1307,,,1,1,saturated,,0.0,,,7fc60427a4699b3f218e2aa08338ebd4052d9db0b5122c86ce46866ce9ec74a4,100000,200600001,100000,0,0.0,0.9658512115361355,2011.979969599392,2012.0,0.9989617433874144,0.9869296516411833,6250,1,0
cd2dbcf0b6a4028f,reproduction,static-symmetric-1x1,adaptive_db_lbt,1429,,,1,1,saturated,,0.0,,,cd2dbcf0b6a4028f3862c30b2251b43a5e1673e5539ee4756572b3e0dcfe9c09,100000,200599994,100000,0,0.0,0.9661017287966619,2011.9999799996,2012.0,0.9989775750749429,0.9870184346238683,6250,1,0
2c2f6ec19aec05e2,reproduction,static-symmetric-1x1,primary_db_lbt,410,,,1,1,saturated,,0.0,,,2c2f6ec19aec05e21d5ee11b0d5e6aaf54ed635077e0756ec0c8b6535a4d1544,100000,200600001,100000,0,0.0,0.9658524378571663,2011.9999899998,2012.0,0.998960498960499,0.9869296456058884,0,0,0
4c67b74aa8a12855,reproduction,static-symmetric-1x1,primary_db_lbt,523,,,1,1,saturated,,0.0,,,4c67b74aa8a12855b0870072271483413c612e477fb0720c1fa2443b4192cbef,100000,200599999,100000,0,0.0,0.9658524474868019,2011.9999899998,2012.0,0.998960498960499,0.986929648815767,0,0,0
18a24d3121cc5bfa,reproduction,static-symmetric-1x1,primary_db_lbt,631,,,1,1,saturated,,0.0,,,18a24d3121cc5bfac7b9c060f752505758f4d6de74a907dfe8c48ba3a35a5f40,100000,200599997,100000,0,0.0,0.9658524621014825,2011.9999899998,2012.0,0.9989604993035125,0.9869296538016651,0,0,0
539fed626e3daa85,reproduction,static-symmetric-1x1,primary_db_lbt,742,,,1,1,saturated,,0.0,,,539fed626e3daa85db6533e8c6f555cd99df25f12deb634b65f2a2b7b8e7b1a2,100000,200600003,99999,1,1e-05,0.965842418257591,2012.0000900027,2012.0,0.998961139275445,0.9869240191776786,0,0,0
2881715c2d301110,reproduction,static-symmetric-1x1,primary_db_lbt,859,,,1,1,saturated,,0.0,,,2881715c2d3011103d3b08b5d9192bae8719bd39d021d07afe4f59b352d93630,100000,200600002,100000,0,0.0,0.9658524380273934,2011.9999899998,2012.0,0.9989604993035125,0.9869296457769686,0,0,0
91bcb0aa11df75e1,reproduction,static-symmetric-1x1,primary_db_lbt,967,,,1,1,saturated,,0.0,,,91bcb0aa11df75e19fc064c185b03a4af954d06bc6240f4ddd7b253f71816aef,100000,200599996,100000,0,0.0,0.9661017141794958,2011.9999899998,2012.0,0.9989775747349249,0.9870184296381402,0,0,0
9c51007c6d224914,reproduction,static-symmetric-1x1,primary_db_lbt,1081,,,1,1,saturated,,0.0,,,9c51007c6d224914b7b7c2bd588fe68db540a22d3fbd132ef229f206371b1374,100000,200600002,100000,0,0.0,0.9658524380273934,2011.9999899998,2012.0,0.9989604993035125,0.9869296457769686,0,0,0
2ac910b7936563b1,reproduction,static-symmetric-1x1,primary_db_lbt,1193,,,1,1,saturated,,0.0,,,2ac910b7936563b1721adb0fd35a8652dd530df54be60bfa2712d12603aacd47,100000,200599998,100000,0,0.0,0.9658524572866646,2011.9999899998,2012.0,0.9989604993035125,0.9869296521967258,0,0,0
653bde1121a563ee,reproduction,static-symmetric-1x1,primary_db_lbt,1307,,,1,1,saturated,,0.0,,,653bde1121a563ee332633ed30623551ec34af6fc30dc6a1b6d3cc95119d257f,100000,200600001,100000,0,0.0,0.9658512115361355,2011.979989599792,2012.0,0.9989617433874144,0.9869296516411833,0,0,0
1574b4bb3e40098f,reproduction,static-symmetric-1x1,primary_db_lbt,1429,,,1,1,saturated,,0.0,,,1574b4bb3e40098fbd2cf436cbbfb11b618944deb44ef9c3db65d4cd793c3132,100000,200599995,100000,0,0.0,0.9658524667460735,2011.9999899998,2012.0,0.998960498960499,0.9869296552355241,0,0,0
ea8e4618ae5d5126,reproduction,static-symmetric-1x1,random_lbt,410,,,1,1,saturated,,0.0,,,ea8e4618ae5d51265a237821e8cbfdd9f2df19908fb93bb8372984b819877d83,100000,200450642,94144,5856,0.05856,0.9100499264053242,2258.3252852074525,6038.0,0.9989479716494277,0.9510006326849174,0,0,0
7db6719c3b3b5f34,reproduction,static-symmetric-1x1,random_lbt,523,,,1,1,saturated,,0.0,,,7db6719c3b3b5f341065674a54e7e857d0eb13dde19d9a7ea47d9b7f0e43aff4,100000,200453423,94062,5938,0.05938,0.9092256858093164,2262.0968318094833,6038.0,0.9989251163983317,0.9505132674025495,0,0,0
91a6cdc46c6d966f,reproduction,static-symmetric-1x1,random_lbt,631,,,1,1,saturated,,0.0,,,91a6cdc46c6d966f2abdea65a1fce972b1500c498aae97de2433358af4fdbc5e,100000,200450327,94153,5847,0.05847,0.9102598221254087,2257.975305626069,6038.0,0.9987192231520872,0.9510168484258319,0,0,0
d7edd5fcd90be604,reproduction,static-symmetric-1x1,random_lbt,742,,,1,1,saturated,,0.0,,,d7edd5fcd90be6044dd90e4c8b5b29052409b07bb787944a19b420db7093cd25,100000,200451442,94212,5788,0.05788,0.9108236447608095,2255.2898312281072,6036.0,0.9990506591848185,0.9514641013152094,0,0,0
5674aebfaa3f9e22,reproduction,static-symmetric-1x1,random_lbt,859,,,1,1,saturated,,0.0,,,5674aebfaa3f9e22c04825a429bc62794fcfee63702ebe3ba8f7963083596f47,100000,200451587,94140,5860,0.0586,0.9100574643991219,2258.568792623595,6035.0,0.9991136127437601,0.9510503590476272,0,0,0
3af4dbe633afc9d7,reproduction,static-symmetric-1x1,random_lbt,967,,,1,1,saturated,,0.0,,,3af4dbe633afc9d7802401ff2bf64e677a4ad0a19dece8c727d08f48757ff139,100000,200450942,94167,5833,0.05833,0.9104134766301073,2257.355439919291,6037.0,0.9989004305847333,0.9511641357382803,0,0,0
9f0a6fde2e31afd1,reproduction,static-symmetric-1x1,random_lbt,1081,,,1,1,saturated,,0.0,,,9f0a6fde2e31afd1cd0c23c9573ddb407c1a1c7794037604cbf187c7290532fb,100000,200450671,94231,5769,0.05769,0.9108363872725574,2254.415455963663,6036.0,0.9990090657393256,0.9515019843372944,0,0,0
41f6172c6ee6855b,reproduction,static-symmetric-1x1,random_lbt,1193,,,1,1,saturated,,0.0,,,41f6172c6ee6855b7e764aeed9f80792da2719a20ade90a96ea96957f0134674,100000,200451239,94169,5831,0.05831,0.9102403353066827,2257.2286469782407,6037.0,0.9989550475495074,0.95112962761873,0,0,0
2ec695498ba05a67,reproduction,static-symmetric-1x1,random_lbt,1307,,,1,1,saturated,,0.0,,,2ec695498ba05a67a9a1b5934e0365c0d2bd2e9a0ee5396472148ad2b47f99f1,100000,200452372,94118,5882,0.05882,0.9097835270315484,2259.517212801224,6036.0,0.9990282427637125,0.9508749232650869,0,0,0
9c43a5daa12d3c95,reproduction,static-symmetric-1x1,random_lbt,1429,,,1,1,saturated,,0.0,,,9c43a5daa12d3c958bc910e4c64abb687dbe04c001325460aebe2d85f1731ad6,100000,200451326,94167,5833,0.05833,0.9102323423891943,2257.320989752031,6036.0,0.9990753561303111,0.951162732839835,0,0,0
15a385e2b2b95380,reproduction,static-symmetric-1x1,tmc_db_lbt,410,,,1,1,saturated,,0.0,,,15a385e2b2b953805fa0cccd9b253241048d7e213ee6ed85c9b10751a83fa7cd,100000,200600000,100000,0,0.0,0.9661016999002991,2011.9999799996,2012.0,0.9989775750749429,0.9870184249917474,0,0,0
7e263702102bd469,reproduction,static-symmetric-1x1,tmc_db_lbt,523,,,1,1,saturated,,0.0,,,7e263702102bd469db2d9f5ead5858182fcae5e4b1f78d213a2478f0726ab048,100000,200599998,100000,0,0.0,0.9661017095324198,2011.9999799996,2012.0,0.9989775750749429,0.9870184282024542,0,0,0
51fac091df3f1d62,reproduction,static-symmetric-1x1,tmc_db_lbt,631,,,1,1,saturated,,0.0,,,51fac091df3f1d62e34985767fa4a7d19857be2b843422f5bdb0705c58d528eb,100000,200599996,100000,0,0.0,0.9658524669163004,2011.9999799996,2012.0,0.9989604993035125,0.9869296554066044,0,0,0
b735f2b0b3ee1a9e,reproduction,static-symmetric-1x1,tmc_db_lbt,742,,,1,1,saturated,,0.0,,,b735f2b0b3ee1a9e3cc5840fbe1f8afb416cc70502389d572458e452ebea8f24,100000,200600002,99999,1,1e-05,0.9660916653430541,2012.020090602718,2012.0,0.9989782091168632,0.9870127914866391,0,0,0
1d110ec9f7ad8cb8,reproduction,static-symmetric-1x1,tmc_db_lbt,859,,,1,1,saturated,,0.0,,,1d110ec9f7ad8cb818910600d68c652b7baa82eedea33b1941c2531775e41477,100000,200600001,100000,0,0.0,0.9658524428422112,2011.9999799996,2012.0,0.9989604993035125,0.9869296473819079,0,0,0
e8cb32d965668fb5,reproduction,static-symmetric-1x1,tmc_db_lbt,967,,,1,1,saturated,,0.0,,,e8cb32d965668fb5ea3fe6b0779ff7795b55b53e16dd5ba9ff3c1744b7515ac3,100000,200599995,100000,0,0.0,0.9658524717311184,2011.9999799996,2012.0,0.9989604993035125,0.9869296570115437,0,0,0
43c050531707f75a,reproduction,static-symmetric-1x1,tmc_db_lbt,1081,,,1,1,saturated,,0.0,,,43c050531707f75a03a57a1df606df14f3f8985a22d59866494ced8c38dadba0,100000,200600001,100000,0,0.0,0.9658524428422112,2011.9999799996,2012.0,0.9989604993035125,0.9869296473819079,0,0,0
d93c410d5a9cc543,reproduction,static-symmetric-1x1,tmc_db_lbt,1193,,,1,1,saturated,,0.0,,,d93c410d5a9cc543fe627e94f85fbdf28f34b3a3e1528d0026ae09a33125d5e6,100000,200599997,100000,0,0.0,0.9658524621014825,2011.9999799996,2012.0,0.9989604993035125,0.9869296538016651,0,0,0
ebd176bf6487e139,reproduction,static-symmetric-1x1,tmc_db_lbt,1307,,,1,1,saturated,,0.0,,,ebd176bf6487e139d75a7fcff882364b42cf3414305131c9216a72a17438ce62,100000,200600001,100000,0,0.0,0.9658512115361355,2011.979969599392,2012.0,0.9989617433874144,0.9869296516411833,0,0,0
3309186df3d84b6a,reproduction,static-symmetric-1x1,tmc_db_lbt,1429,,,1,1,saturated,,0.0,,,3309186df3d84b6aac33fed43bb256d6ede75adbc6f8af036671f16c6c05ab07,100000,200599994,100000,0,0.0,0.9661017287966619,2011.9999799996,2012.0,0.9989775750749429,0.9870184346238683,0,0,0
4a566efa0fb0915e,reproduction,static-symmetric-2x2,adaptive_db_lbt,410,,,2,2,saturated,,0.0,,,4a566efa0fb0915efae5c6f61115ba9dcf7f392f274d47ce654571ff2309dc7e,100000,200349995,100000,0,0.0,0.9670577031958498,6013.9998799952,6014.0,0.9989605010185804,0.98466340140481,12500,3042,0
56feab411dc47523,reproduction,static-symmetric-2x2,adaptive_db_lbt,523,,,2,2,saturated,,0.0,,,56feab411dc4752343312b2b98d4c94f280a891c15b384076ee87c14db98756b,100000,200349989,100000,0,0.0,0.9671812659795055,6013.9998799952,6014.0,0.9989689396794257,0.9847074018863103,12500,2993,0
ae3b8030eadeed83,reproduction,static-symmetric-2x2,adaptive_db_lbt,631,,,2,2,saturated,,0.0,,,ae3b8030eadeed830e8339bb4d5274f2d1f4d615ff20b7b32cf72ff5b84a8d01,100000,200349994,99999,1,1e-05,0.9671725071277018,6013.9998799939995,6014.0,0.9989696646044256,0.984702223910709,12500,3005,0
0b09482dea1be17c,reproduction,static-symmetric-2x2,adaptive_db_lbt,742,,,2,2,saturated,,0.0,,,0b09482dea1be17c4cfaa6b47146fda63e8e3de25f6ba43cfdc518e463b92794,100000,200349997,99999,1,1e-05,0.9670486094392106,6014.0401020051,6014.0,0.9989598764739679,0.9846576619710594,12500,3039,0
369a255459fd25a4,reproduction,static-symmetric-2x2,adaptive_db_lbt,859,,,2,2,saturated,,0.0,,,369a255459fd25a415dc9a66da9f7988026e7247b0c470e2f83a477de91d3493,100000,200349999,99999,1,1e-05,0.9671724929731594,6014.0400020001,6014.0,0.998969665281929,0.9847022194183628,12500,2995,0
e87e2369f1077208,reproduction,static-symmetric-2x2,adaptive_db_lbt,967,,,2,2,saturated,,0.0,,,e87e2369f1077208716119d903dc828c0e882b4f81b03d9da9610d22b7a9361c,100000,200349994,100000,0,0.0,0.9673072712944528,6013.9998799952,6014.0,0.9989775767750315,0.984752282689828,12500,2962,0
5b221f8db7c6239e,reproduction,static-symmetric-2x2,adaptive_db_lbt,1081,,,2,2,saturated,,0.0,,,5b221f8db7c6239e6abae6cca0908beb6cc3e42e65a9857537da715400d9bb6f,100000,200349997,100000,0,0.0,0.9671812323511041,6013.979869194768,6014.0,0.9989689400288488,0.9847073907933176,12500,2999,0
f245e2777f4a98a0,reproduction,static-symmetric-2x2,adaptive_db_lbt,1193,,,2,2,saturated,,0.0,,,f245e2777f4a98a0ca87c8acb315c4955c2bce824dc64afc580a6c462484cb38,100000,200349997,100000,0,0.0,0.9671812323511041,6013.979869194768,6014.0,0.9989689400288488,0.9847073907933176,12500,2999,0
5845791c8948ef37,reproduction,static-symmetric-2x2,adaptive_db_lbt,1307,,,2,2,saturated,,0.0,,,5845791c8948ef376d9e329fae363c796559f86d7cf0498ebd2c0e9e67e24bf1,100000,200349998,99998,2,2e-05,0.9671613023924263,6014.060213612816,6014.0,0.9989715401552725,0.9846966141825663,12500,3009,0
e1a30e6712fed272,reproduction,static-symmetric-2x2,adaptive_db_lbt,1429,,,2,2,saturated,,0.0,,,e1a30e6712fed2726a67e646db98d48af6e8f40a33436741bbc062eb5e810d47,100000,200349996,99999,1,1e-05,0.96729841212475,6014.06011300565,6014.0,0.9989782914987941,0.9847470678745147,12500,2961,0
2ac7fce1bba8e828,reproduction,static-symmetric-2x2,primary_db_lbt,410,,,2,2,saturated,,0.0,,,2ac7fce1bba8e828d80a805d6dc4814fad7b75756297aaf3ed2e4eb2ad6a6171,100000,200349998,100000,0,0.0,0.9673072320170425,6013.9999399975995,6014.0,0.9989775754149604,0.984752269144001,0,0,0
eebd0a62ac57650e,reproduction,static-symmetric-2x2,primary_db_lbt,523,,,2,2,saturated,,0.0,,,eebd0a62ac57650e6ee85cfc2768d5484f8498998bc42afc27ccd83082db69c5,100000,200349992,100000,0,0.0,0.9670564648687383,6013.9999399975995,6014.0,0.9989604149169855,0.9846629599285746,0,0,0
c2eea8108120c24f,reproduction,static-symmetric-2x2,primary_db_lbt,631,,,2,2,saturated,,0.0,,,c2eea8108120c24fd6e4925af4da7c7a65d5cc67df094b42218f40ff546a35b5,100000,200350026,99983,17,0.00017,0.9670163257178713,6014.221046419748,6014.0,0.998973559859944,0.9846114618592717,0,0,0
583cf84cee4b082d,reproduction,static-symmetric-2x2,primary_db_lbt,742,,,2,2,saturated,,0.0,,,583cf84cee4b082dae23ffa04ec5faa8fa18d81c68831735f1004290c81147f3,100000,200349999,99999,1,1e-05,0.9672984126144168,6013.98002900145,6014.0,0.9989769733730706,0.9847466286624957,0,0,0
18b46958cd1d2473,reproduction,static-symmetric-2x2,primary_db_lbt,859,,,2,2,saturated,,0.0,,,18b46958cd1d24732535aa6c7355fb5d088e5872970ec0037f4c8a202ca1f16f,100000,200350000,99999,1,1e-05,0.9671724831544797,6014.000040002,6014.0,0.9989696649484928,0.9847022160343242,0,0,0
4116e1b921fce389,reproduction,static-symmetric-2x2,primary_db_lbt,967,,,2,2,saturated,,0.0,,,4116e1b921fce3895d845e404b1d13587e0a5f17f689e92dbba451390b720443,100000,200349997,100000,0,0.0,0.9671824602023827,6013.9999399975995,6014.0,0.9989690233664885,0.9847078278562904,0,0,0
cf1b167b9c6f5747,reproduction,static-symmetric-2x2,primary_db_lbt,1081,,,2,2,saturated,,0.0,,,cf1b167b9c6f5747d14be0015c7fc5a369d225fea7e9b27b7d07c990abad329f,100000,200349999,100000,0,0.0,0.9671824405649236,6013.979939197568,6014.0,0.9989690313582931,0.9847078239744055,0,0,0
ed7b8b1f30e81144,reproduction,static-symmetric-2x2,primary_db_lbt,1193,,,2,2,saturated,,0.0,,,ed7b8b1f30e8114430532465fdfed9524292bf597547c59c05818d31aad30cb8,100000,200349999,100000,0,0.0,0.9671824405649236,6013.979939197568,6014.0,0.9989690313582931,0.9847078239744055,0,0,0
894bb6bc794f6726,reproduction,static-symmetric-2x2,primary_db_lbt,1307,,,2,2,saturated,,0.0,,,894bb6bc794f6726f68d110fa658b0bea055ce89d340551485877043a43e170e,100000,200349999,99999,1,1e-05,0.9672960217983331,6014.000040002,6014.0,0.9989781296996375,0.9847462171659902,0,0,0
9858a1d591d66ed6,reproduction,static-symmetric-2x2,primary_db_lbt,1429,,,2,2,saturated,,0.0,,,9858a1d591d66ed62e406698f05fc6ae5a7b239edfd7b6cbf315d779987cca52,100000,200349996,100000,0,0.0,0.9673072466644821,6013.979939197568,6014.0,0.9989788928155509,0.984752713160011,0,0,0
f018af853cdee947,reproduction,static-symmetric-2x2,random_lbt,410,,,2,2,saturated,,0.0,,,f018af853cdee94760ec1c8700c14bfdce61781078dac393929dcf5a9518adcd,100000,200295526,86781,13219,0.13219,0.8395452827039183,7231.870438019291,24072.0,0.9990546315759117,0.8971044714266101,0,0,0
358973a34159900d,reproduction,static-symmetric-2x2,random_lbt,523,,,2,2,saturated,,0.0,,,358973a34159900de123cf0a907472ab438793dd2f84877c629939ee0d7373af,100000,200294859,86664,13336,0.13336,0.8382204657584347,7244.627486729749,24071.0,0.9992093747895059,0.8964226135159801,0,0,0
8c788bbe666ca864,reproduction,static-symmetric-2x2,random_lbt,631,,,2,2,saturated,,0.0,,,8c788bbe666ca864c46daf690ea435dd7177f9fdf937593a96c0d9f8b4bc9035,100000,200294135,86824,13176,0.13176,0.8397760323835742,7227.164708592491,24054.0,0.9992094443669761,0.8973524922501834,0,0,0
711924baaa1545fc,reproduction,static-symmetric-2x2,random_lbt,742,,,2,2,saturated,,0.0,,,711924baaa1545fc82879f77c9dbfd5f996a544b24c4becba9ae18eb70f91c9c,100000,200296970,86530,13470,0.1347,0.8372219459934915,7258.5322099715695,26033.0,0.9985503832618166,0.8942271097517693,0,0,0
b275450ced658246,reproduction,static-symmetric-2x2,random_lbt,859,,,2,2,saturated,,0.0,,,b275450ced6582468836265237d2b95e3594984276de4374d77d38d8811a3abd,100000,200298547,86588,13412,0.13412,0.837590179822922,7252.448951307401,26020.0,0.9989849042479728,0.8946483613569651,0,0,0
a89107b8e7861d0a,reproduction,static-symmetric-2x2,random_lbt,967,,,2,2,saturated,,0.0,,,a89107b8e7861d0aa12ebf11a6d85d62b3ab56a2b5dcdf08bfc93c4e7774139f,100000,200295535,86663,13337,0.13337,0.8383705058627493,7244.487254641756,24052.0,0.9990879462514956,0.8964423173714151,0,0,0
f431533499abb2b7,reproduction,static-symmetric-2x2,random_lbt,1081,,,2,2,saturated,,0.0,,,f431533499abb2b79a2fe9d5e19ca61f24d1a3e1d32f8f69d1fdaf175ce69d12,100000,200297401,86654,13346,0.13346,0.8385993086350632,7245.695776110791,26028.0,0.9983784392778666,0.89494224930431,0,0,0
c46df9e55945cdd9,reproduction,static-symmetric-2x2,random_lbt,1193,,,2,2,saturated,,0.0,,,c46df9e55945cdd903c6ed6525456250e3ce42943206e85e0286a90ae6c379fb,100000,200296423,86615,13385,0.13385,0.8378372688163283,7248.958076918636,26031.0,0.9990599345760985,0.8948159011308089,0,0,0
1ad5753919b58c80,reproduction,static-symmetric-2x2,random_lbt,1307,,,2,2,saturated,,0.0,,,1ad5753919b58c8049da6420cd7ab7da969a55f8b9245c4434429c3849564dd3,100000,200295513,86637,13363,0.13363,0.8379018156038274,7247.492018053167,26033.0,0.9993693019201554,0.8949942058413276,0,0,0
190795f1dec14b71,reproduction,static-symmetric-2x2,random_lbt,1429,,,2,2,saturated,,0.0,,,190795f1dec14b712774b7b83690ee6ae1a5115741304b428069e89b95b6b28c,100000,200295874,86634,13366,0.13366,0.8378607239807646,7247.6214359921505,24071.0,0.9994111206773972,0.8962949482193874,0,0,0
780bf1157057eab3,reproduction,static-symmetric-2x2,tmc_db_lbt,410,,,2,2,saturated,,0.0,,,780bf1157057eab376cf8a19791fa11feaa9dc3df73274b9585e013c2e47a9ac,100000,200349995,100000,0,0.0,0.9670577031958498,6013.9998799952,6014.0,0.9989605010185804,0.98466340140481,0,0,0
fce436f3cc092f2b,reproduction,static-symmetric-2x2,tmc_db_lbt,523,,,2,2,saturated,,0.0,,,fce436f3cc092f2b55ad6c16432956446d72516dce266b5b271a792bcf7d3bd7,100000,200349989,100000,0,0.0,0.9671812659795055,6013.9998799952,6014.0,0.9989689396794257,0.9847074018863103,0,0,0
a4b07f5cf7b7587d,reproduction,static-symmetric-2x2,tmc_db_lbt,631,,,2,2,saturated,,0.0,,,a4b07f5cf7b7587db8b0bdf9ddad10cd58ba54982e13c078b9f6bc62c266bdbc,100000,200349994,99999,1,1e-05,0.9671725071277018,6013.9998799939995,6014.0,0.9989696646044256,0.984702223910709,0,0,0
2a9516543fcdaaf2,reproduction,static-symmetric-2x2,tmc_db_lbt,742,,,2,2,saturated,,0.0,,,2a9516543fcdaaf254fbd2856623798083126c02b7ea4dc936b65d1b3280c744,100000,200349997,99999,1,1e-05,0.9670486094392106,6014.0401020051,6014.0,0.9989598764739679,0.9846576619710594,0,0,0
978d424e94593e7f,reproduction,static-symmetric-2x2,tmc_db_lbt,859,,,2,2,saturated,,0.0,,,978d424e94593e7f38f5684795fac965feb9851f6d144644fb78eb8e5e490a79,100000,200349999,99999,1,1e-05,0.9671724929731594,6014.0400020001,6014.0,0.998969665281929,0.9847022194183628,0,0,0
53fb35896f2edd66,reproduction,static-symmetric-2x2,tmc_db_lbt,967,,,2,2,saturated,,0.0,,,53fb35896f2edd66d3b96d8ae5b78544a1d0507cc8145f639684e238d1f4ee84,100000,200349994,100000,0,0.0,0.9673072712944528,6013.9998799952,6014.0,0.9989775767750315,0.984752282689828,0,0,0
bbf566b855d1e620,reproduction,static-symmetric-2x2,tmc_db_lbt,1081,,,2,2,saturated,,0.0,,,bbf566b855d1e6209854719e7ce903bbd706899584d3558b5f53aacf10b51f6c,100000,200349997,100000,0,0.0,0.9671812323511041,6013.979869194768,6014.0,0.9989689400288488,0.9847073907933176,0,0,0
9fe648418925e5d9,reproduction,static-symmetric-2x2,tmc_db_lbt,1193,,,2,2,saturated,,0.0,,,9fe648418925e5d9f38fd7bd79f3f4f10a84a5d3bfbe833ffdc96791778be115,100000,200349997,100000,0,0.0,0.9671812323511041,6013.979869194768,6014.0,0.9989689400288488,0.9847073907933176,0,0,0
ac39c921a1b0f334,reproduction,static-symmetric-2x2,tmc_db_lbt,1307,,,2,2,saturated,,0.0,,,ac39c921a1b0f334356e9466631494ae0f15d0d1fb0bfd18fc80b21ef8472c04,100000,200349998,99998,2,2e-05,0.9671613023924263,6014.060213612816,6014.0,0.9989715401552725,0.9846966141825663,0,0,0
52d5cd15dec9bdc4,reproduction,static-symmetric-2x2,tmc_db_lbt,1429,,,2,2,saturated,,0.0,,,52d5cd15dec9bdc491c855825315837243a8b92b42e1278cc59bdd68d3496a62,100000,200349996,99999,1,1e-05,0.96729841212475,6014.06011300565,6014.0,0.9989782914987941,0.9847470678745147,0,0,0
0555caccd0276d9d,reproduction,static-symmetric-4x4,adaptive_db_lbt,410,,,4,4,saturated,,0.0,,,0555caccd0276d9df3359e9e4b1e9421d2e450d3e5caa9807c668fa0282491ff,100000,200224997,99981,19,0.00019,0.9676041048960535,14019.081281946126,14018.0,0.9989698041409215,0.9794651363456585,24993,7884,0
54affc38eadf32cd,reproduction,static-symmetric-4x4,adaptive_db_lbt,523,,,4,4,saturated,,0.0,,,54affc38eadf32cd29cc20328f88b705bcbc704ab12df81fae6529bc3f29b33a,100000,200225002,99987,13,0.00013,0.9677851969755505,14019.301973414416,14018.0,0.9989821688080558,0.9795446219278687,24992,7907,0
bc69c25c742621c4,reproduction,static-symmetric-4x4,adaptive_db_lbt,631,,,4,4,saturated,,0.0,,,bc69c25c742621c4b5b2bc5e5d4db2d6563a129c6719f5106e10f95f1f2006ca,100000,200224997,99990,10,0.0001,0.9676941436038579,14019.181662699286,14018.0,0.9989640551547123,0.9795157329195233,24992,7880,0
ee4b3504ad9a1625,reproduction,static-symmetric-4x4,adaptive_db_lbt,742,,,4,4,saturated,,0.0,,,ee4b3504ad9a1625fab731188396e1d2dd3a9ae201f17ae35ec1fedfaf2d44a0,100000,200224998,99978,22,0.00022,0.9676366034974314,14020.844443333,14018.0,0.9989759993322768,0.9794705342765694,24993,7890,0
9da7f419259d48fd,reproduction,static-symmetric-4x4,adaptive_db_lbt,859,,,4,4,saturated,,0.0,,,9da7f419259d48fd8dcee43aa8113edd0a1d31fe8f4c80f81e883982b063edcd,100000,200224994,99989,11,0.00011,0.9675578564382427,14019.361878756963,14018.0,0.9989600281320241,0.9794664615234223,24992,7869,0
9d18d011e98b5101,reproduction,static-symmetric-4x4,adaptive_db_lbt,967,,,4,4,saturated,,0.0,,,9d18d011e98b5101668723a3f72e2c4018cf3620432a7e37b0f45727c0b481d4,100000,200224989,99991,9,9e-05,0.9677619710095227,14018.820689517217,14018.0,0.9989726565941056,0.9795437092012094,24992,7871,0
3f46c5af1bdb69c1,reproduction,static-symmetric-4x4,adaptive_db_lbt,1081,,,4,4,saturated,,0.0,,,3f46c5af1bdb69c1734edaf377aa173edf1ce8fa912697269baa3583bbba2ad7,100000,200224993,99985,15,0.00015,0.9675818293073932,14019.622213109014,14018.0,0.9989643058845736,0.9794658783973222,24992,7886,0
de699896d0cf02d0,reproduction,static-symmetric-4x4,adaptive_db_lbt,1193,,,4,4,saturated,,0.0,,,de699896d0cf02d09c2641582e5000cfe9eda4d0dd972df0f28544e61ebb66d7,100000,200224992,99989,11,0.00011,0.9676805680681461,14019.281633510367,14018.0,0.9989697109600822,0.9795105930094095,24992,7886,0
cafba8e58e60c666,reproduction,static-symmetric-4x4,adaptive_db_lbt,1307,,,4,4,saturated,,0.0,,,cafba8e58e60c666313ca0daeded2237e01da7f347eb0981fa6f3c1a8b30ec05,100000,200224999,99987,13,0.00013,0.9676035858039884,14018.761189849869,14018.0,0.9989617886322951,0.9794772914787613,24992,7880,0
5f2c1faae403a193,reproduction,static-symmetric-4x4,adaptive_db_lbt,1429,,,4,4,saturated,,0.0,,,5f2c1faae403a19339b25961bdb3e48b1b4fd03e0d730a233b32da3c074589c4,100000,200224998,99984,16,0.00016,0.9677590207792136,14019.121679203008,14018.0,0.9989790727689873,0.979527364516067,24992,7890,0
3a0f32fc7c38f515,reproduction,static-symmetric-4x4,primary_db_lbt,410,,,4,4,saturated,,0.0,,,3a0f32fc7c38f515804336e77e2b599afc29bd2bc747d5d95a3cb82e425cc916,100000,200224997,99994,6,6e-05,0.967727441144624,14017.939771568019,14018.0,0.9989702882051411,0.9795389097832551,0,0,0
461a3fc837b08d1c,reproduction,static-symmetric-4x4,primary_db_lbt,523,,,4,4,saturated,,0.0,,,461a3fc837b08d1cbb82612939d8d9839fec2d4d2ec1a4f1f33bdc0c0476b0b7,100000,200225002,99990,10,0.0001,0.9676947886857806,14018.06022083975,14018.0,0.9989667042511734,0.9795168309789848,0,0,0
6dc09baa57bf8ef0,reproduction,static-symmetric-4x4,primary_db_lbt,631,,,4,4,saturated,,0.0,,,6dc09baa57bf8ef0fa9ca8b65c889b1db2ecd3e17ed42476c3037e99e0a31cd4,100000,200225006,99985,15,0.00015,0.9677088385253938,14018.921661982256,14018.0,0.9989690183785281,0.9795097856346406,0,0,0
d85c901c35e167dd,reproduction,static-symmetric-4x4,primary_db_lbt,742,,,4,4,saturated,,0.0,,,d85c901c35e167dd54a41fc674f41e4c4fdad2d16c540348b4ae5a31b7dc259c,100000,200224993,99997,3,3e-05,0.9676338857457221,14017.979757773355,14018.0,0.9989572728636392,0.9795108862031203,0,0,0
0b6f0fb6643ce657,reproduction,static-symmetric-4x4,primary_db_lbt,859,,,4,4,saturated,,0.0,,,0b6f0fb6643ce657551cf66cd01dfb7e5b3630d82a6af2fb0de582a05a80082d,100000,200225000,99992,8,8e-05,0.9677784042951679,14018.20038206113,14018.0,0.9989684529580934,0.979550285751087,0,0,0
ef65b16cdf3a99c8,reproduction,static-symmetric-4x4,primary_db_lbt,967,,,4,4,saturated,,0.0,,,ef65b16cdf3a99c824f2867566c83ea4e87294dcff84390ff32d549614a4ad25,100000,200224999,99993,7,7e-05,0.9677834534537818,14017.819702955443,14018.0,0.9989728159551966,0.9795559231363261,0,0,0
698fcd8df9171d60,reproduction,static-symmetric-4x4,primary_db_lbt,1081,,,4,4,saturated,,0.0,,,698fcd8df9171d60e57f50cb394feec45d46c943b8f31e54c45ba3031ad035c0,100000,200224996,99995,5,5e-05,0.9678033755585641,14018.060027803615,14018.0,0.9989715177540976,0.9795671311042207,0,0,0
47feb1bf1a164b66,reproduction,static-symmetric-4x4,primary_db_lbt,1193,,,4,4,saturated,,0.0,,,47feb1bf1a164b661fd24ab4d665c01fec1c8a892f0951c44537e970946f7790,100000,200225005,99989,11,0.00011,0.9676861039409139,14017.82021584101,14018.0,0.9989660932724945,0.9795112324044695,0,0,0
c7a21a37ae7e0cb0,reproduction,static-symmetric-4x4,primary_db_lbt,1307,,,4,4,saturated,,0.0,,,c7a21a37ae7e0cb02fd1107787c5638a57c0064bdde517538aff33e6e084be93,100000,200225011,99976,24,0.00024,0.9674980065302631,14018.821552896927,14018.0,0.9989625451210206,0.979414850550428,0,0,0
1d9e7567634a12a2,reproduction,static-symmetric-4x4,primary_db_lbt,1429,,,4,4,saturated,,0.0,,,1d9e7567634a12a2f7654de6f985fa0d7b51299ad2c58a8daf82b6d55fb4c4ec,100000,200225002,99992,8,8e-05,0.9677096819307311,14018.080222835653,14018.0,0.9989716847959601,0.9795284555755638,0,0,0
b55a96717b683fe8,reproduction,static-symmetric-4x4,random_lbt,410,,,4,4,saturated,,0.0,,,b55a96717b683fe876b3e9aa93053be27cbbd9ea5086fcdb27dc009b99551c9a,100000,200208613,77018,22982,0.22982,0.7454623942677231,18789.066030385664,78083.0,0.9988739275880597,0.8052684406185943,0,0,0
35814d07e96f2855,reproduction,static-symmetric-4x4,random_lbt,523,,,4,4,saturated,,0.0,,,35814d07e96f285501c7923a32c7cbf7135e29734315de9326ba8ec7df063a01,100000,200207377,77274,22726,0.22726,0.7477246305464559,18723.249540548237,78074.0,0.9991054767811404,0.8067457024425322,0,0,0
0a8fee1cbedd1618,reproduction,static-symmetric-4x4,random_lbt,631,,,4,4,saturated,,0.0,,,0a8fee1cbedd1618d33fa635c138bebf4a3d66a5c42045afe3fb4e3169e84a09,100000,200208890,76885,23115,0.23115,0.7439624184520478,18827.38153153739,78080.0,0.9991460975766319,0.8045286720095599,0,0,0
ae130f1b2c40e806,reproduction,static-symmetric-4x4,random_lbt,742,,,4,4,saturated,,0.0,,,ae130f1b2c40e8060856e0b11f28fddeea3a77b5d3af58d1a02ff5c9ae7307f3,100000,200208208,77013,22987,0.22987,0.7455388392467905,18795.03063437439,76099.0,0.9985594933331118,0.8064992775266341,0,0,0
719aeb7bd88f2d6b,reproduction,static-symmetric-4x4,random_lbt,859,,,4,4,saturated,,0.0,,,719aeb7bd88f2d6b91ae0bbb511c947bb1f87a4b89f1f11c7433f8888dc00e4f,100000,200208621,77069,22931,0.22931,0.7457973500551707,18780.819467694422,78078.0,0.9990705837380667,0.8055764779310791,0,0,0
d7004a19542e9cff,reproduction,static-symmetric-4x4,random_lbt,967,,,4,4,saturated,,0.0,,,d7004a19542e9cff2f55b1bf7a096eb8d4358a29a7f536230f9f0710dfe9b25d,100000,200209199,76978,23022,0.23022,0.7446710727812262,18804.668273353254,78075.0,0.9992494240935268,0.8050351656249176,0,0,0
52c30de4877d3dbe,reproduction,static-symmetric-4x4,random_lbt,1081,,,4,4,saturated,,0.0,,,52c30de4877d3dbe21a431b94dd3bd69ef6d9841a053c4d1b124ec3e07f4365e,100000,200207581,76984,23016,0.23016,0.7453556616320138,18800.303575140304,78082.0,0.9982465846069706,0.8049394154129947,0,0,0
9b64deac2b70340b,reproduction,static-symmetric-4x4,random_lbt,1193,,,4,4,saturated,,0.0,,,9b64deac2b70340b8716b27783c50abae6420a492183ae06b1813fa29bc71a49,100000,200208557,76960,23040,0.2304,0.7449070970527998,18809.858015386213,78080.0,0.9986368514919821,0.804861316181594,0,0,0
4fa341e80dfa613b,reproduction,static-symmetric-4x4,random_lbt,1307,,,4,4,saturated,,0.0,,,4fa341e80dfa613b9532e4ba306b69b0dc953183a306774f1b22f8e6dad2aaed,100000,200209077,76941,23059,0.23059,0.7447137923721611,18812.395889930198,78077.0,0.9990032060136697,0.8048734994619435,0,0,0
5c95c8e2d8681f4e,reproduction,static-symmetric-4x4,random_lbt,1429,,,4,4,saturated,,0.0,,,5c95c8e2d8681f4e512e2e6c94714072cc91a4c2cb59d17789be9b3dcbf4ed24,100000,200207813,77171,22829,0.22829,0.7471238747311025,18751.630664956003,78082.0,0.9985629329778796,0.8061017692363274,0,0,0
856e5818ccb49768,reproduction,static-symmetric-4x4,tmc_db_lbt,410,,,4,4,saturated,,0.0,,,856e5818ccb49768c4e178d9145d5138af4472d3da6727d07bb9dbcebd39665b,100000,200224997,99981,19,0.00019,0.9676041048960535,14019.081281946126,14018.0,0.9989698041409215,0.9794651363456585,0,0,0
d083dd9a661d3a60,reproduction,static-symmetric-4x4,tmc_db_lbt,523,,,4,4,saturated,,0.0,,,d083dd9a661d3a609c360c165e4a15cf9ace0f505e3c92afdd1d8b925e01a9e6,100000,200225002,99987,13,0.00013,0.9677851969755505,14019.301973414416,14018.0,0.9989821688080558,0.9795446219278687,0,0,0
b72e63ca4829e5cf,reproduction,static-symmetric-4x4,tmc_db_lbt,631,,,4,4,saturated,,0.0,,,b72e63ca4829e5cfcf6116af5c245179e771b6118e48a358e93955ed0313ae63,100000,200224997,99990,10,0.0001,0.9676941436038579,14019.181662699286,14018.0,0.9989640551547123,0.9795157329195233,0,0,0
cf2bb1d0698861e8,reproduction,static-symmetric-4x4,tmc_db_lbt,742,,,4,4,saturated,,0.0,,,cf2bb1d0698861e867d042ac94388fc2c4f6df0a75b14ed9ec06545a18147212,100000,200224998,99978,22,0.00022,0.9676366034974314,14020.844443333,14018.0,0.9989759993322768,0.9794705342765694,0,0,0
b1e81a5ddab2e4ab,reproduction,static-symmetric-4x4,tmc_db_lbt,859,,,4,4,saturated,,0.0,,,b1e81a5ddab2e4ab9b4ce4aa09329fb39fef1110e4d331f9c9b9f89f7866a9cf,100000,200224994,99989,11,0.00011,0.9675578564382427,14019.361878756963,14018.0,0.9989600281320241,0.9794664615234223,0,0,0
9090cba0a241cbe1,reproduction,static-symmetric-4x4,tmc_db_lbt,967,,,4,4,saturated,,0.0,,,9090cba0a241cbe1843bd47511125318d2614eee639fac76ca0d098d2d0d6a0e,100000,200224989,99991,9,9e-05,0.9677619710095227,14018.820689517217,14018.0,0.9989726565941056,0.9795437092012094,0,0,0
37664fc56a4bf3be,reproduction,static-symmetric-4x4,tmc_db_lbt,1081,,,4,4,saturated,,0.0,,,37664fc56a4bf3beee124ee53fa87062aff7d1158bbb65d1b5bbadcb2c3d5378,100000,200224993,99985,15,0.00015,0.9675818293073932,14019.622213109014,14018.0,0.9989643058845736,0.9794658783973222,0,0,0
ecfc789298a3a4f1,reproduction,static-symmetric-4x4,tmc_db_lbt,1193,,,4,4,saturated,,0.0,,,ecfc789298a3a4f1f790d406363c288b8c0bb8e16de10470d8ab8b995d8a699f,100000,200224992,99989,11,0.00011,0.9676805680681461,14019.281633510367,14018.0,0.9989697109600822,0.9795105930094095,0,0,0
c295d31be8aeb94d,reproduction,static-symmetric-4x4,tmc_db_lbt,1307,,,4,4,saturated,,0.0,,,c295d31be8aeb94d7e1aa6ea43a39da2fb61cda7b32822c83036e490450c25d6,100000,200224999,99987,13,0.00013,0.9676035858039884,14018.761189849869,14018.0,0.9989617886322951,0.9794772914787613,0,0,0
4862fe25b0224992,reproduction,static-symmetric-4x4,tmc_db_lbt,1429,,,4,4,saturated,,0.0,,,4862fe25b0224992e360e020aacb2e2d7d4f84716b9872fe444047bf7dc9a388,100000,200224998,99984,16,0.00016,0.9677590207792136,14019.121679203008,14018.0,0.9989790727689873,0.979527364516067,0,0,0
c95915014238231f,reproduction,static-symmetric-8x8,adaptive_db_lbt,410,,,8,8,saturated,,0.0,,,c95915014238231f24c7d0235975c62340fcb70cbf9ea34d4d63b2d8436bbdde,100000,200162486,99960,40,0.0004,0.9676701757191405,30035.191667333707,30026.0,0.9989694916372215,0.9687625557854539,49967,14552,0
e0bbb9fe34a1e729,reproduction,static-symmetric-8x8,adaptive_db_lbt,523,,,8,8,saturated,,0.0,,,e0bbb9fe34a1e72949470d561076d51d187dfeb51f053b186764301c7cc7520e,100000,200162487,99954,46,0.00046,0.9676450413008707,30034.792521363244,30026.0,0.9989664697908879,0.9687381703639195,49971,14520,0
83998a068e2fee61,reproduction,static-symmetric-8x8,adaptive_db_lbt,631,,,8,8,saturated,,0.0,,,83998a068e2fee618546601d1135ce58ad9ac2332b617885752cab4fc668c54c,100000,200162482,99967,33,0.00033,0.9677721222501627,30031.526007743796,30026.0,0.9989659005741001,0.9688128409414211,49964,14552,0
201f0a7ded337a18,reproduction,static-symmetric-8x8,adaptive_db_lbt,742,,,8,8,saturated,,0.0,,,201f0a7ded337a181551fba5307196fb576802b34dc5f8bd4252f2ad3322bef2,100000,200162486,99965,35,0.00035,0.9677179119368052,30033.008474321905,30026.0,0.9989701283999656,0.968791180112257,49967,14605,0
bad3eb749de2145f,reproduction,static-symmetric-8x8,adaptive_db_lbt,859,,,8,8,saturated,,0.0,,,bad3eb749de2145f62ab70bb9f61ff4324688bd6fc4d9c488494e03c23d41715,100000,200162487,99965,35,0.00035,0.9677794570967736,30034.470600006003,30026.0,0.998972999256534,0.9688126521177692,49964,14471,0
2e9229db051807b0,reproduction,static-symmetric-8x8,adaptive_db_lbt,967,,,8,8,saturated,,0.0,,,2e9229db051807b04c67fd74b1236bb49c397fe47804e6cc9b69cec2b29f6f73,100000,200162504,99910,90,0.0009,0.9671852526385262,30050.9285342463,30026.0,0.9989598981345991,0.968472716924375,49967,14518,0
71b379f178bbf944,reproduction,static-symmetric-8x8,adaptive_db_lbt,1081,,,8,8,saturated,,0.0,,,71b379f178bbf944fe4c05c5a55555e940800190a5bc84abe1ede99d07a82e8c,100000,200162487,99941,59,0.00059,0.9674846416151893,30039.6007105329,30026.0,0.9989674208343564,0.9686525208165152,49969,14583,0
8f0bdcccebc7ead0,reproduction,static-symmetric-8x8,adaptive_db_lbt,1193,,,8,8,saturated,,0.0,,,8f0bdcccebc7ead014799be41c671829575775346846faa39bb47d5049169320,100000,200162485,99955,45,0.00045,0.9676233436050716,30035.793454006944,30026.0,0.9989689686253319,0.9687342707434679,49969,14570,0
0cf98a7d2045814e,reproduction,static-symmetric-8x8,adaptive_db_lbt,1307,,,8,8,saturated,,0.0,,,0cf98a7d2045814e6bab46abcf42dd472d23f55f89924157b82431f040dd9a64,100000,200162495,99972,28,0.00028,0.9678507454655778,30032.988855096242,30026.0,0.998973931901187,0.9688542257889216,49968,14488,0
8a3254d48e769515,reproduction,static-symmetric-8x8,adaptive_db_lbt,1429,,,8,8,saturated,,0.0,,,8a3254d48e769515015ebcaae19641efdae4e19ee1975d6b01e8d7f08ba8a92d,100000,200162479,99972,28,0.00028,0.967846801098022,30031.405498419306,30026.0,0.9989736507543487,0.9688528172841236,49963,14499,0
46807f8b2ecb5929,reproduction,static-symmetric-8x8,primary_db_lbt,410,,,8,8,saturated,,0.0,,,46807f8b2ecb5929ff2f0b6e3d074863edb130a7a7bb33be118a77421009e8ed,100000,200162506,99957,43,0.00043,0.9676724570984339,30027.5030167799,30026.0,0.9989695693476044,0.9687558421486794,0,0,0
c383615d7152ef96,reproduction,static-symmetric-8x8,primary_db_lbt,523,,,8,8,saturated,,0.0,,,c383615d7152ef967ad644b4130c859929913ddda82476c8b67dfd1ad0944b39,100000,200162513,99952,48,0.00048,0.9676515352302756,30028.665295789306,30026.0,0.9989732411156819,0.9687375921153192,0,0,0
ed2ae8dd261e281f,reproduction,static-symmetric-8x8,primary_db_lbt,631,,,8,8,saturated,,0.0,,,ed2ae8dd261e281f9cdfba64a0f960d4942c6d938fe17eed6e5b5b74055be2c3,100000,200162505,99962,38,0.00038,0.9677787855422773,30025.259550157083,30026.0,0.9989807576326261,0.9688075143916345,0,0,0
ad885221accac6d6,reproduction,static-symmetric-8x8,primary_db_lbt,742,,,8,8,saturated,,0.0,,,ad885221accac6d6e198863421bebd0c8e3adb662dbc240745fd40730a38ee1e,100000,200162504,99957,43,0.00043,0.967709591602631,30026.641498484107,30026.0,0.9989667103703859,0.968767267324339,0,0,0
685c8795827774c8,reproduction,static-symmetric-8x8,primary_db_lbt,859,,,8,8,saturated,,0.0,,,685c8795827774c80449b93fc7047bf98232123f25d0123078d14ea63fc7a329,100000,200162498,99974,26,0.00026,0.9678295781460521,30025.69983393025,30026.0,0.9989828730115246,0.968855150385859,0,0,0
71d66f7a30ae1afb,reproduction,static-symmetric-8x8,primary_db_lbt,967,,,8,8,saturated,,0.0,,,71d66f7a30ae1afb3a2d5a669633f0c7084d34e794ccfe18380b4fa15f5e673e,100000,200162499,99973,27,0.00027,0.9678955646931646,30027.14175095291,30026.0,0.9989716209681657,0.9688708952204435,0,0,0
bd6b4439f8409e6b,reproduction,static-symmetric-8x8,primary_db_lbt,1081,,,8,8,saturated,,0.0,,,bd6b4439f8409e6ba2a3c1d290a5976064b7557e5316f808c2b3f0c323c5f6c9,100000,200162512,99962,38,0.00038,0.9677566596486359,30026.461579252795,30026.0,0.998971313144119,0.9687969909309184,0,0,0
ee34ee23e6d5ce64,reproduction,static-symmetric-8x8,primary_db_lbt,1193,,,8,8,saturated,,0.0,,,ee34ee23e6d5ce648d0de06d58baef7554c399488f343d64be8c913453085838,100000,200162501,99967,33,0.00033,0.9678058379176627,30027.862732739042,30026.0,0.9989694793224071,0.9688252724133567,0,0,0
9a694300740bd2a5,reproduction,static-symmetric-8x8,primary_db_lbt,1307,,,8,8,saturated,,0.0,,,9a694300740bd2a5aa7160ca4f0d4fe8a882bc2fa59b6c3e73a6e94ea56ee783,100000,200162504,99972,28,0.00028,0.9678207263034639,30024.538516947458,30026.0,0.9989703581825233,0.9688430281619956,0,0,0
73f2fab6ef84bb75,reproduction,static-symmetric-8x8,primary_db_lbt,1429,,,8,8,saturated,,0.0,,,73f2fab6ef84bb75c79cf6ff3e2b6a28e9a3cef878aa6253aa3aa1266e960ea0,100000,200162499,99977,23,0.00023,0.9678376967106112,30026.881203669433,30026.0,0.9989690842852332,0.968860760331948,0,0,0
56a0353626f066a3,reproduction,static-symmetric-8x8,random_lbt,410,,,8,8,saturated,,0.0,,,56a0353626f066a3270f1a27ed7cab5c9c4518203364284f6436914fe9e60726,100000,200155965,64659,35341,0.35341,0.6259284003851696,47510.44959237659,188147.0,0.998233750094282,0.6609368834931506,0,0,0
8a664921ec8f3355,reproduction,static-symmetric-8x8,random_lbt,523,,,8,8,saturated,,0.0,,,8a664921ec8f3355d59ab90fc19c39e43bc3ccd7ad8e406d8a429d6d7dc87e23,100000,200156710,64572,35428,0.35428,0.6253025691719254,47563.83999938038,190148.0,0.9976713281680899,0.6589892991133384,0,0,0
c1493cb28019c691,reproduction,static-symmetric-8x8,random_lbt,631,,,8,8,saturated,,0.0,,,c1493cb28019c691c49b0cd1769c08c5f259d2c36fcc22a9599ed2ed0b4e07e0,100000,200156086,64699,35301,0.35301,0.6264560399127709,47476.48661935903,190136.0,0.9983128741368361,0.6599131380165357,0,0,0
0d437ab35180e8ac,reproduction,static-symmetric-8x8,random_lbt,742,,,8,8,saturated,,0.0,,,0d437ab35180e8ac381374b77769a6c3ef8dfb79ca60f1f9066b96499244e3ea,100000,200156122,64708,35292,0.35292,0.62615187958128,47462.995099857784,188147.0,0.9990198546039047,0.6613959113950616,0,0,0
d83df1631070faf7,reproduction,static-symmetric-8x8,random_lbt,859,,,8,8,saturated,,0.0,,,d83df1631070faf778aa3f9aea6caf7cd3e42e648e5d2267338cb496781f8a41,100000,200156313,64501,35499,0.35499,0.6246319345420797,47628.057842909206,190184.0,0.9984911177121666,0.658837517418082,0,0,0
e357eea40a75ddf5,reproduction,static-symmetric-8x8,random_lbt,967,,,8,8,saturated,,0.0,,,e357eea40a75ddf560bdc08a296d6432d71377f9b10cc33f53a587ab7d292d79,100000,200156272,64621,35379,0.35379,0.6256679480920788,47533.42109743828,190153.0,0.9985618488575247,0.6595270989832013,0,0,0
ff0172b97317a077,reproduction,static-symmetric-8x8,random_lbt,1081,,,8,8,saturated,,0.0,,,ff0172b97317a07764facdcfbb98dcafe28b599347d60bc69ec2c8167f4038e1,100000,200156096,64663,35337,0.35337,0.6258760312751104,47500.173898247405,190149.0,0.9987368225023046,0.6597624512591383,0,0,0
b8db5f94f509ddf5,reproduction,static-symmetric-8x8,random_lbt,1193,,,8,8,saturated,,0.0,,,b8db5f94f509ddf5989ecad21bde13be8251c6ad59d47f5256aeccc3c0af9e9a,100000,200155854,64573,35427,0.35427,0.6252052562999232,47570.70450919343,190150.0,0.9986271414718905,0.6592766325906045,0,0,0
e66c9f984e2b6044,reproduction,static-symmetric-8x8,random_lbt,1307,,,8,8,saturated,,0.0,,,e66c9f984e2b60447da583af9a392ba2ea9a0f600b59fada5d0a667189e8b413,100000,200155852,64659,35341,0.35341,0.6259268902115338,47505.282087774394,192123.0,0.9982565522666942,0.6582933141594094,0,0,0
fe65bef24ce14f6e,reproduction,static-symmetric-8x8,random_lbt,1429,,,8,8,saturated,,0.0,,,fe65bef24ce14f6ea5935316005693fd3ef4707641218c99141d95fac97a7703,100000,200155732,64644,35356,0.35356,0.6258295615536007,47511.23055022591,188159.0,0.998574630752458,0.6609720641020197,0,0,0
288e5851b56e145b,reproduction,static-symmetric-8x8,tmc_db_lbt,410,,,8,8,saturated,,0.0,,,288e5851b56e145b5ceb499b42bac6dbab795cb1dcbcefe11aa9110fee72ef24,100000,200162486,99961,39,0.00039,0.9677727773624873,30034.871069088,30026.0,0.9989751779094659,0.9688011517573177,0,0,0
b36fa33a8696ef78,reproduction,static-symmetric-8x8,tmc_db_lbt,523,,,8,8,saturated,,0.0,,,b36fa33a8696ef7864796af63c1d03b90d0c87ec0e7629ded02db72dda3724bc,100000,200162487,99954,46,0.00046,0.9676450413008707,30034.792521363244,30026.0,0.9989664697908879,0.9687381703639195,0,0,0
b3bbf647359cdd84,reproduction,static-symmetric-8x8,tmc_db_lbt,631,,,8,8,saturated,,0.0,,,b3bbf647359cdd84b65728a5eb146bb8bff9e262d590d3417ee33364086db73b,100000,200162483,99966,34,0.00034,0.9677626401147312,30031.866603301653,30026.0,0.9989639035124972,0.9688065145424094,0,0,0
434f612368b6148b,reproduction,static-symmetric-8x8,tmc_db_lbt,742,,,8,8,saturated,,0.0,,,434f612368b6148b54c0227edab69fc2e1c34396db75a62f2bd0379daea8b9c9,100000,200162486,99965,35,0.00035,0.9677179119368052,30033.008474321905,30026.0,0.9989701283999656,0.968791180112257,0,0,0
5f690b0cf71476d0,reproduction,static-symmetric-8x8,tmc_db_lbt,859,,,8,8,saturated,,0.0,,,5f690b0cf71476d0cec4ccd50866c5288af67e1e2a00c41024b27aa5d083f330,100000,200162487,99965,35,0.00035,0.9677794570967736,30034.470600006003,30026.0,0.998972999256534,0.9688126521177692,0,0,0
f3fe953c06ddb7fe,reproduction,static-symmetric-8x8,tmc_db_lbt,967,,,8,8,saturated,,0.0,,,f3fe953c06ddb7fe5b9bf0881a8aba74bf502f839a075bcd1bc85dd0bc8c26ae,100000,200162494,99941,59,0.00059,0.9675205285961315,30040.98406805104,30026.0,0.998964511291495,0.9686635132958755,0,0,0
9e8819b8f0923980,reproduction,static-symmetric-8x8,tmc_db_lbt,1081,,,8,8,saturated,,0.0,,,9e8819b8f09239801ecf2282243c1508c1b8713f5ba857b99a0a85d8cd890a5f,100000,200162491,99950,50,0.0005,0.9675726507620251,30036.71577240979,30026.0,0.9989681510797919,0.9687046006139389,0,0,0
14f79a96010815ea,reproduction,static-symmetric-8x8,tmc_db_lbt,1193,,,8,8,saturated,,0.0,,,14f79a96010815eabba86f20eafa85cecef2e3316d9d70c9acfc37352f151cab,100000,200162489,99946,54,0.00054,0.9676923581820568,30038.679045331734,30026.0,0.9989776196190122,0.9687376592670229,0,0,0
dfb3d64e48134a98,reproduction,static-symmetric-8x8,tmc_db_lbt,1307,,,8,8,saturated,,0.0,,,dfb3d64e48134a98b032cd23df3de02fd3480b1aecab71dd8749c1643cfab66e,100000,200162495,99972,28,0.00028,0.9678507454655778,30032.988855096242,30026.0,0.998973931901187,0.9688542257889216,0,0,0
85c219116a0d35af,reproduction,static-symmetric-8x8,tmc_db_lbt,1429,,,8,8,saturated,,0.0,,,85c219116a0d35af1620efe1b9eb40d16474dc667357cf4b46058d3c0dd17151,100000,200162479,99972,28,0.00028,0.967846801098022,30031.405498419306,30026.0,0.9989736507543487,0.9688528172841236,0,0,0
b3fafe795f181644,reproduction,trace-static-4x4,adaptive_db_lbt,410,,,4,4,saturated,,0.0,,,b3fafe795f1816440f3e571f47a7ed2650b4ed8d2e9a09cfcc4a03006fc47080,100000,200224993,99995,5,5e-05,0.9677364853247866,14018.340154220048,14018.0,0.9989722306926407,0.9795450720058092,24992,7904,0
d426347f0f765573,reproduction,trace-static-4x4,adaptive_db_lbt,523,,,4,4,saturated,,0.0,,,d426347f0f76557397d6461efe8216edeeea73cab0998104c887f7258df64cb4,100000,200224993,99993,7,7e-05,0.9677832726906376,14018.179956993548,14018.0,0.9989714617379487,0.9795554114761955,24992,7900,0
e4d9a5145e9d9041,reproduction,trace-static-4x4,adaptive_db_lbt,631,,,4,4,saturated,,0.0,,,e4d9a5145e9d9041468ad4d10373adefebe4ec50b4ba6aa58d2c3e6136e99a34,100000,200224995,99996,4,4e-05,0.9678064069872995,14018.159839180702,14018.0,0.9989756919141984,0.9795720329671661,24992,7892,0
82ad5ae526815a8b,reproduction,trace-static-4x4,adaptive_db_lbt,742,,,4,4,saturated,,0.0,,,82ad5ae526815a8b2f1200d539e1ed5ac5fcef2b3f0ff90b9ce0d3b0e5f0f20d,100000,200224994,99996,4,4e-05,0.9677460746983466,14018.30002600312,14018.0,0.9989689289020293,0.9795496678667921,24992,7857,0
54cf23a97d6f8c7c,reproduction,trace-static-4x4,adaptive_db_lbt,859,,,4,4,saturated,,0.0,,,54cf23a97d6f8c7c54d9560d33d4380af6c54dcaf92d27b6e4a8d7db14943f0c,100000,200224992,99991,9,9e-05,0.9676347396233134,14019.081363831852,14018.0,0.9989652680098036,0.9794988358777056,24992,7868,0
83ab3cd1ca55fa0c,reproduction,trace-static-4x4,adaptive_db_lbt,967,,,4,4,saturated,,0.0,,,83ab3cd1ca55fa0c3fd4f9baadf753c2239467305e5a3f01fffebfa2f77c3894,100000,200224991,99993,7,7e-05,0.9677185002345686,14018.600630094514,14018.0,0.9989683542949034,0.9795327848431573,24992,7884,0
349ba714ccd02835,reproduction,trace-static-4x4,adaptive_db_lbt,1081,,,4,4,saturated,,0.0,,,349ba714ccd02835df1058557ef356ae1040b05e5db203461f8f4f01ed3d594f,100000,200224998,99987,13,0.00013,0.9676648467240839,14019.261654947539,14018.0,0.9989673322118555,0.9794995596453131,24993,7896,0
fcc864e4574f1215,reproduction,trace-static-4x4,adaptive_db_lbt,1193,,,4,4,saturated,,0.0,,,fcc864e4574f12158892e9f1ab03a3930806ab10306b41c19def3ad4184e6670,100000,200224985,99991,9,9e-05,0.9676971183191748,14018.720622505825,14018.0,0.9989695242963098,0.9795210475384949,24993,7866,0
ebd1ad76e453f153,reproduction,trace-static-4x4,adaptive_db_lbt,1307,,,4,4,saturated,,0.0,,,ebd1ad76e453f15394d0a4f2e8031424e531b8e0f09146a5e7441e3a5970659a,100000,200224997,99988,12,0.00012,0.9676082502326121,14018.640888177635,14018.0,0.9989687453435816,0.9794836651920645,24992,7879,0
b1080eed3c2049f1,reproduction,trace-static-4x4,adaptive_db_lbt,1429,,,4,4,saturated,,0.0,,,b1080eed3c2049f113451991d2c67dfb5a26af88b41a6c1b4483c84b1c221485,100000,200224995,99992,8,8e-05,0.9676473359382529,14018.40040406465,14018.0,0.998966143117404,0.9795058263518857,24992,7883,0
b7a4ff9129fb2b1f,reproduction,trace-static-4x4,primary_db_lbt,410,,,4,4,saturated,,0.0,,,b7a4ff9129fb2b1f38a8078f7b1f2043213d49729f1fea53e3d2b24844089577,100000,200225005,99985,15,0.00015,0.9675195063673491,14017.599817958131,14018.0,0.9989586724511836,0.9794432262728442,0,0,0
e5c2b477387f1026,reproduction,trace-static-4x4,primary_db_lbt,523,,,4,4,saturated,,0.0,,,e5c2b477387f10266038ab64f6c9244a2150dfdb1cee7dd814f6989d9c3d608f,100000,200225018,99981,19,0.00019,0.9676021155358318,14017.499824952738,14018.0,0.9989710049922667,0.9794648735093662,0,0,0
ef2e8b120e58547a,reproduction,trace-static-4x4,primary_db_lbt,631,,,4,4,saturated,,0.0,,,ef2e8b120e58547a73375f664d1f7e8a73b0611c430f41480c2af1cabcff3063,100000,200225006,99986,14,0.00014,0.9676549641356984,14017.739822761008,14018.0,0.9989666194438084,0.9794935278598356,0,0,0
ce339884ace4c478,reproduction,trace-static-4x4,primary_db_lbt,742,,,4,4,saturated,,0.0,,,ce339884ace4c478110f696f6eb72cfe0135844afa49c1c0fa12351e045ebe4a,100000,200224999,99993,7,7e-05,0.9676539541398624,14018.100095014252,14018.0,0.9989692448288198,0.979511566322894,0,0,0
a4c6d731ed16b6e7,reproduction,trace-static-4x4,primary_db_lbt,859,,,4,4,saturated,,0.0,,,a4c6d731ed16b6e753c362b96245ada2b5bb2a5bc99bbd1948f90d45c3f66c05,100000,200224995,99995,5,5e-05,0.9676760985809988,14018.12015562023,14018.0,0.9989654470531003,0.979522681878033,0,0,0
a7182f0ad0df2316,reproduction,trace-static-4x4,primary_db_lbt,967,,,4,4,saturated,,0.0,,,a7182f0ad0df2316da5544a0cf395ab838874ede8a2662f4ffe636a8e6a0d688,100000,200224995,99996,4,4e-05,0.9677475931513945,14018.060017202064,14018.0,0.9989690195908097,0.9795502042474015,0,0,0
cc229d3553a5ef88,reproduction,trace-static-4x4,primary_db_lbt,1081,,,4,4,saturated,,0.0,,,cc229d3553a5ef88406a777095a3501cddb0ad2de8d6161bbdaa5427c3baf1c4,100000,200225007,99982,18,0.00018,0.9675005530153384,14017.43949426851,14018.0,0.9989467445026277,0.9794254325059888,0,0,0
c836fccbed77b44d,reproduction,trace-static-4x4,primary_db_lbt,1193,,,4,4,saturated,,0.0,,,c836fccbed77b44d09b250520840b0fbaf1eabc49d627ce431308a6b8c557d84,100000,200225003,99988,12,0.00012,0.9676727486426857,14017.839937987597,14018.0,0.9989692050941894,0.9795053179122918,0,0,0
8b29e4f021e1fa82,reproduction,trace-static-4x4,primary_db_lbt,1307,,,4,4,saturated,,0.0,,,8b29e4f021e1fa8250347ee8cd974ddff5c58a5ba2b082e418ff71a6b094d6ee,100000,200225001,99991,9,9e-05,0.9676400750773376,14017.919956392587,14018.0,0.9989642847388186,0.9795002866053855,0,0,0
733065f94a458334,reproduction,trace-static-4x4,primary_db_lbt,1429,,,4,4,saturated,,0.0,,,733065f94a4583349cd9c0e20d5108bf8a1366e63d01a76a7bffde0420fba442,100000,200225001,99989,11,0.00011,0.9676830667115341,14018.060061411668,14018.0,0.9989685906662504,0.9795110524592616,0,0,0
d84106770fefa5bb,reproduction,trace-static-4x4,random_lbt,410,,,4,4,saturated,,0.0,,,d84106770fefa5bbdb615b59090a90f8941e50433f8077a4f3d1244078cad776,100000,200208067,76906,23094,0.23094,0.7442677671924178,18822.936162188875,78077.0,0.9987988453430926,0.8045692041785035,0,0,0
bf5644218c1b5ee3,reproduction,trace-static-4x4,random_lbt,523,,,4,4,saturated,,0.0,,,bf5644218c1b5ee3b646134be5185061627118e9ed76a496ad41093e40dd30ab,100000,200208496,77028,22972,0.22972,0.7459291038278415,18785.16039989613,78082.0,0.9979609544836089,0.8051453527704835,0,0,0
97dee5d8e07befe8,reproduction,trace-static-4x4,random_lbt,631,,,4,4,saturated,,0.0,,,97dee5d8e07befe825290af5d547a359cb71b362da203ea62b99922f3e746ed3,100000,200208736,77067,22933,0.22933,0.7460023822337103,18776.30266419237,76110.0,0.9987925763393346,0.8068591528576816,0,0,0
589169e733a7be74,reproduction,trace-static-4x4,random_lbt,742,,,4,4,saturated,,0.0,,,589169e733a7be741bb3ab1ae67a9d156bd2a2532a6e0f9f269772c251b3c922,100000,200208583,77048,22952,0.22952,0.7458819285484879,18786.895781412255,78078.0,0.9982874423565661,0.805291123635018,0,0,0
a2ce0573571df2f3,reproduction,trace-static-4x4,random_lbt,859,,,4,4,saturated,,0.0,,,a2ce0573571df2f3d98bbc4a527a8911c23d329b677606a331f7d7aaa0e97dfe,100000,200209326,76897,23103,0.23103,0.7442895991768136,18824.801349998048,78078.0,0.998706069051661,0.8045223894094915,0,0,0
8307749c35259929,reproduction,trace-static-4x4,random_lbt,967,,,4,4,saturated,,0.0,,,8307749c352599298430fb28f02b3e240a470cc50da730a25b22ec1f322a0bd8,100000,200208858,76937,23063,0.23063,0.7446499245303122,18815.304553549377,78087.0,0.9987537476561482,0.8047523907288201,0,0,0
7862317a1612b157,reproduction,trace-static-4x4,random_lbt,1081,,,4,4,saturated,,0.0,,,7862317a1612b157f8a54fa02069ae1bb72014402e53b0fd5f081ee0ee9fc1bb,100000,200208477,76964,23036,0.23036,0.7449850787287093,18806.37297936483,78080.0,0.9985502894931259,0.804868456073945,0,0,0
e5f506e248108d4e,reproduction,trace-static-4x4,random_lbt,1193,,,4,4,saturated,,0.0,,,e5f506e248108d4e887c0cc29592687e3ade5d3fc9f9756e9dd7035241f068d6,100000,200207801,77117,22883,0.22883,0.7464945284524652,18767.149567495362,78082.0,0.9987924914928735,0.8058335066484462,0,0,0
158a5018c3483347,reproduction,trace-static-4x4,random_lbt,1307,,,4,4,saturated,,0.0,,,158a5018c3483347ce91dc728f0a673396bdc44094e858a3ef541104aead9d2b,100000,200208099,76957,23043,0.23043,0.7448940764379367,18809.943793941442,78075.0,0.9991232711271205,0.8050149491883523,0,0,0
db637cbccfbe4bad,reproduction,trace-static-4x4,random_lbt,1429,,,4,4,saturated,,0.0,,,db637cbccfbe4badfdd3578943e841665de5469cb593f7225cd71078a601d41a,100000,200209085,77067,22933,0.22933,0.7460373738784132,18780.626870320146,76103.0,0.9987213740820517,0.806851749320155,0,0,0
a92d526303deb47b,reproduction,trace-static-4x4,tmc_db_lbt,410,,,4,4,saturated,,0.0,,,a92d526303deb47b789f2990457e8903153e9ffa248bcd588baa97501ee5da57,100000,200224993,99995,5,5e-05,0.9677364853247866,14018.340154220048,14018.0,0.9989722306926407,0.9795450720058092,0,0,0
76cbd2e8764d395e,reproduction,trace-static-4x4,tmc_db_lbt,523,,,4,4,saturated,,0.0,,,76cbd2e8764d395e6e3e5d6a64d5678791cad610bbe70e75369d406fc1924be5,100000,200224993,99993,7,7e-05,0.9677832726906376,14018.179956993548,14018.0,0.9989714617379487,0.9795554114761955,0,0,0
be375076a168d68d,reproduction,trace-static-4x4,tmc_db_lbt,631,,,4,4,saturated,,0.0,,,be375076a168d68dddfe9d102cd148914f32dc527b884a33a61daf048ce591d9,100000,200224995,99996,4,4e-05,0.9678064069872995,14018.159839180702,14018.0,0.9989756919141984,0.9795720329671661,0,0,0
d252747dbb7ddb0a,reproduction,trace-static-4x4,tmc_db_lbt,742,,,4,4,saturated,,0.0,,,d252747dbb7ddb0af898fa2f28df030cc638b5c92b9e25330002eee8350e5cae,100000,200224994,99996,4,4e-05,0.9677460746983466,14018.30002600312,14018.0,0.9989689289020293,0.9795496678667921,0,0,0
4e40a0f3a03fb796,reproduction,trace-static-4x4,tmc_db_lbt,859,,,4,4,saturated,,0.0,,,4e40a0f3a03fb79650550c02d5b11d597d1063e963dbf2da7ba0014db8a7781b,100000,200224992,99991,9,9e-05,0.9676347396233134,14019.081363831852,14018.0,0.9989652680098036,0.9794988358777056,0,0,0
b9632c1a2144558a,reproduction,trace-static-4x4,tmc_db_lbt,967,,,4,4,saturated,,0.0,,,b9632c1a2144558a8fe7c2b5b02877053a247aeaaf8d0175683a78a504b7bcdb,100000,200224991,99993,7,7e-05,0.9677185002345686,14018.600630094514,14018.0,0.9989683542949034,0.9795327848431573,0,0,0
733224257d8433ac,reproduction,trace-static-4x4,tmc_db_lbt,1081,,,4,4,saturated,,0.0,,,733224257d8433ac90579456acb54856f1d0b933a861b57cb0155e9c1bf7ae76,100000,200224998,99987,13,0.00013,0.9676648467240839,14019.261654947539,14018.0,0.9989673322118555,0.9794995596453131,0,0,0
267adefe4f662666,reproduction,trace-static-4x4,tmc_db_lbt,1193,,,4,4,saturated,,0.0,,,267adefe4f662666fa88720c24b506240aa93b93bde42026d3733373c44ac8aa,100000,200224985,99991,9,9e-05,0.9676971183191748,14018.720622505825,14018.0,0.9989695242963098,0.9795210475384949,0,0,0
9d2306b0f9cda675,reproduction,trace-static-4x4,tmc_db_lbt,1307,,,4,4,saturated,,0.0,,,9d2306b0f9cda67522c4ea678f04b8139ce1afe0941a5e4c95912d4a81e70351,100000,200224997,99988,12,0.00012,0.9676082502326121,14018.640888177635,14018.0,0.9989687453435816,0.9794836651920645,0,0,0
22f1ce30255b487c,reproduction,trace-static-4x4,tmc_db_lbt,1429,,,4,4,saturated,,0.0,,,22f1ce30255b487c30b9b86b1503bb5c2896221001ace2602dacc9b4815804cb,100000,200224995,99992,8,8e-05,0.9676473359382529,14018.40040406465,14018.0,0.998966143117404,0.9795058263518857,0,0,0
