run_id,matrix,scenario_id,policy,seed,ablation,arm_id,wifi_nodes,nru_nodes,traffic,interference_interval_ms,interruption_std,join_interval_rounds,lifetime_rounds,config_hash,rounds,elapsed_us,successes,collisions,collision_probability,effective_airtime,mean_delay_us,p95_delay_us,jain_fairness,evaluation_utility,decision_count,switch_count,training_sample_count
0063c14667e7debb,linucb-large-effect-pilot,turnover-n04-p025-j05-l100,adaptive_db_lbt,5101,,,4,4,poisson,,0.0,5,100,0063c14667e7debba760f5acb766ef5da2c57957663ff002ed6e6bfca990b1e0,20000,182564663,16574,3426,0.1713,0.1760083987337681,85758.6730653145,632389.0,0.9635065807245179,0.33701332648609533,3697,512,0
01961eab4ad6da7f,linucb-large-effect-pilot,combined-n03-p020,tmc_db_lbt,5107,,,3,3,poisson,30,0.4,10,200,01961eab4ad6da7f2735aca48a5b155ec901d144be91dd0829cc6c1f6b8bfc2a,20000,246757620,16320,3680,0.184,0.12811636374187754,88351.7421846267,188181.0,0.9803474005344861,0.5313672547587879,0,0,0
03572122f25c7f0a,linucb-large-effect-pilot,load-n04-p015,tmc_db_lbt,5107,,,4,4,poisson,,0.0,,,03572122f25c7f0a94b691ac4798972796a047ee6160e21f427574450554f434,20000,127514497,15467,4533,0.22665,0.23493692642649094,63940.554304935635,194251.0,0.9989276450057379,0.5584583571440763,0,0,0
03a4d6571eacfc50,linucb-large-effect-pilot,turnover-n06-p025-j10-l200,adaptive_db_lbt,5113,,,6,6,poisson,,0.0,10,200,03a4d6571eacfc5019681666f6bbb2a42b24d4a37fc9a72d1292514d251f58a0,20000,152768091,16184,3816,0.1908,0.2053250963252529,110686.81721493941,224263.0,0.9267513391782588,0.5134834785011706,4823,1605,0
03d4e22d9a9c23d4,linucb-large-effect-pilot,turnover-n03-p020-j10-l200,adaptive_db_lbt,5107,,,3,3,poisson,,0.0,10,200,03d4e22d9a9c23d429b7b7f9651f07bb800fbc22cc645785c88ad7641d142360,20000,260235876,17519,2481,0.12405,0.1304891259497211,86752.81071204248,182011.0,0.9840418627960614,0.5524904962485941,2996,83,0
071f2288803c2249,linucb-large-effect-pilot,load-n04-p035,adaptive_db_lbt,5113,,,4,4,poisson,,0.0,,,071f2288803c2249ab31b81adbedd65db13f69d141157b000f7284965530a3d8,20000,53754846,15017,4983,0.24915,0.5419868564036069,26626.824971683658,82227.0,0.9961876840060896,0.7289526801365654,4991,3145,0
079c16b868d309cd,linucb-large-effect-pilot,combined-n06-p020,tmc_db_lbt,5113,,,6,6,poisson,30,0.4,10,200,079c16b868d309cde5c016def426b8f94bc8d0a7200bcca0298e8560b29c4c07,20000,190111520,15325,4675,0.23375,0.15623295737154697,145963.94978123164,990982.0,0.9165122484220383,0.2991442352645284,0,0,0
07a7b1e5b2c069ea,linucb-large-effect-pilot,load-n03-p025,tmc_db_lbt,5113,,,3,3,poisson,,0.0,,,07a7b1e5b2c069ea4955502417e3a7859bca7a56a43edc8833d650f6e963a81f,20000,100655582,15006,4994,0.2497,0.2888355064103648,38232.5922,118253.0,0.9990707346971601,0.6213750803691751,0,0,0
08b66fa9390fee09,linucb-large-effect-pilot,combined-n06-p025,tmc_db_lbt,5101,,,6,6,poisson,30,0.4,10,200,08b66fa9390fee098d85084509ecdb59da0031cb9f5af912585cc8f9d8203961,20000,146482966,15094,4906,0.2453,0.19977994574468133,114026.57465853335,876934.0,0.9187716674063233,0.31152553771700153,0,0,0
0913d6e4f45a95ae,linucb-large-effect-pilot,load-n06-p035,tmc_db_lbt,5113,,,6,6,poisson,,0.0,,,0913d6e4f45a95ae834a4af8e320ec83398924a4fac8bb77faf46e9e330f3926,20000,40055940,16681,3319,0.16595,0.8067040493869324,26806.555222268882,64064.0,0.998886545685563,0.8510000316908318,0,0,0
0a0f2a37fef21f96,linucb-large-effect-pilot,load-n03-p035,adaptive_db_lbt,5107,,,3,3,poisson,,0.0,,,0a0f2a37fef21f96a8e0da3640cddf8e7de7e346643fe41bf59a2624a4f14ea6,20000,74840292,15521,4479,0.22395,0.4019127156799442,26917.50544634225,84186.0,0.9986386365608586,0.6880722840802678,3745,1785,0
0b8d27306035cad0,linucb-large-effect-pilot,turnover-n05-p035-j20-l400,adaptive_db_lbt,5107,,,5,5,poisson,,0.0,20,400,0b8d27306035cad0e11ebca03bbabb2892885e692543955e1184eb5f3fe10cc3,20000,116233289,16055,3945,0.19725,0.2675490323602561,69724.85247740729,96055.0,0.9461829241091441,0.6245614854898001,4302,2575,0
0d68ee2b679b7771,linucb-large-effect-pilot,load-n04-p015,adaptive_db_lbt,5113,,,4,4,poisson,,0.0,,,0d68ee2b679b77713815e68c89b99ecc3621a4f7b7437076796214bf09af42af,20000,138136107,16700,3300,0.165,0.23431314739454762,64091.976575605084,196228.0,0.9977765196906879,0.5719612223617452,4989,271,0
0d953c5441abdba7,linucb-large-effect-pilot,turnover-n03-p035-j10-l200,adaptive_db_lbt,5101,,,3,3,poisson,,0.0,10,200,0d953c5441abdba7f5b3fa99d1a23a439b60885e14f20cdb1921ef6249a45a19,20000,142445089,16484,3516,0.1758,0.2242855350386983,49579.13873042845,104011.0,0.9801129936474652,0.6215088428953878,2994,842,0
0f7397051d9e3586,linucb-large-effect-pilot,turnover-n03-p025-j10-l200,tmc_db_lbt,5113,,,3,3,poisson,,0.0,10,200,0f7397051d9e3586a36c22886719a210c08247444ab2ff869764539aad8d4c33,20000,198104601,16081,3919,0.19595,0.15738195298149588,71510.93231726284,152204.0,0.9821670280896898,0.5627261603570619,0,0,0
0f9cf1f240603594,linucb-large-effect-pilot,load-n06-p045,tmc_db_lbt,5101,,,6,6,poisson,,0.0,,,0f9cf1f24060359410bc76a682dc6e4f641d018c16f975b508f2cf7cb307f9c3,20000,40046779,19918,82,0.0041,0.9637064444059283,22110.84256003215,22022.0,0.9989822446506202,0.9718565630188494,0,0,0
124077e1acd95c52,linucb-large-effect-pilot,turnover-n04-p025-j10-l200,tmc_db_lbt,5101,,,4,4,poisson,,0.0,10,200,124077e1acd95c529a036a9b18606655435971b3984ec29168419ae2ed5163bc,20000,171737259,15468,4532,0.2266,0.17452768941654065,86223.15931435964,172348.0,0.9567227103980196,0.5388681332715202,0,0,0
13a2123ad496acf9,linucb-large-effect-pilot,turnover-n04-p025-j05-l100,tmc_db_lbt,5113,,,4,4,poisson,,0.0,5,100,13a2123ad496acf960d405ee6200ac9c336f9571d58750c34232bcb1d5f4530b,20000,173453119,15378,4622,0.2311,0.17181016502793472,87886.13402732596,624446.0,0.9541313438589659,0.31753883629563356,0,0,0
14569ed4d8645292,linucb-large-effect-pilot,combined-n04-p025,adaptive_db_lbt,5101,,,4,4,poisson,30,0.4,10,200,14569ed4d8645292992a9da0328d8a6ecd7581f227b19649f6e68ade957a19fc,20000,178343426,16565,3435,0.17175,0.18004279563408185,83395.00459020353,160331.0,0.9661509917512953,0.5655730957951257,3695,722,0
14a87a923e86be81,linucb-large-effect-pilot,turnover-n05-p035-j10-l200,tmc_db_lbt,5113,,,5,5,poisson,,0.0,10,200,14a87a923e86be81a895fc50dc8e121fbb2ce2977efa9a648dd4addbed8be881,20000,111097190,15233,4767,0.23835,0.265761960316008,70434.97306706957,140393.0,0.9394443527415689,0.581885937685859,0,0,0
15917644b77b6c11,linucb-large-effect-pilot,turnover-n06-p030-j10-l200,tmc_db_lbt,5113,,,6,6,poisson,,0.0,10,200,15917644b77b6c117e08de2318eb32d12d798057f3a1ff2733ea592e9a5d4edf,20000,123256986,15199,4801,0.24005,0.23896320976078386,94927.48548100349,742984.0,0.9193266774166551,0.3260841290591463,0,0,0
164767e89015fd03,linucb-large-effect-pilot,turnover-n05-p025-j10-l200,adaptive_db_lbt,5107,,,5,5,poisson,,0.0,10,200,164767e89015fd032c1e7047638b6160e9a4a4b375da975e489f28290f2e92e3,20000,164134821,16409,3591,0.17955,0.19369505998973854,97512.12750777486,182011.0,0.9482268238912552,0.547745794626998,4298,1133,0
1858111853d05873,linucb-large-effect-pilot,combined-n06-p025,adaptive_db_lbt,5113,,,6,6,poisson,30,0.4,10,200,1858111853d05873e5119ccb91697b482b38a28deb83125ece70416f593b1bc2,20000,153336256,16035,3965,0.19825,0.20274325075473343,112186.55657492355,240011.0,0.9210283583709343,0.49835403637522263,4825,1958,0
1895af3b6c733e28,linucb-large-effect-pilot,load-n05-p045,adaptive_db_lbt,5107,,,5,5,poisson,,0.0,,,1895af3b6c733e28be108d6afef35e1409cd3e414b2a6c81fd9fe72f6b24961c,20000,40060743,17867,2133,0.10665,0.8648783673333268,20411.861846894775,38050.0,0.9972830246942549,0.9020246306758605,6237,1101,0
197f41f50374ae51,linucb-large-effect-pilot,combined-n04-p020,tmc_db_lbt,5101,,,4,4,poisson,30,0.4,10,200,197f41f50374ae5169bca9efba9ae109f5bf2228bb0d69e5311c08930ac02786,20000,218378633,15786,4214,0.2107,0.14017977665424805,107702.92774749652,212296.0,0.9554942305517065,0.5043523357353182,0,0,0
1ab18150e7aeb377,linucb-large-effect-pilot,turnover-n04-p035-j05-l100,tmc_db_lbt,5101,,,4,4,poisson,,0.0,5,100,1ab18150e7aeb377375ac01bf1ecc2b8c36630c314b6f72bef3a76c222f97278,20000,117474329,15023,4977,0.24885,0.247836205985054,60335.73626373626,430615.0,0.9620753367087668,0.3873480142312735,0,0,0
1ab621fb18092486,linucb-large-effect-pilot,combined-n04-p035,adaptive_db_lbt,5107,,,4,4,poisson,30,0.4,10,200,1ab621fb180924868820b7e4499657e5e5c9077daf546323954b7e73289e60ca,20000,123308436,16036,3964,0.1982,0.2518970802614024,59084.9666209134,118037.0,0.9628224273209988,0.6099985025274671,3692,1885,0
1b1e34851e5ed7e1,linucb-large-effect-pilot,load-n04-p025,adaptive_db_lbt,5107,,,4,4,poisson,,0.0,,,1b1e34851e5ed7e19ee952d6132bdb97b0769f905cc2601460a5bcd8107f2a02,20000,76428625,15433,4567,0.22835,0.39132046402771214,37579.34580226905,116228.0,0.9973990065072778,0.66166699017833,4991,1554,0
1c2f5fd200b76e3d,linucb-large-effect-pilot,turnover-n04-p035-j10-l200,tmc_db_lbt,5113,,,4,4,poisson,,0.0,10,200,1c2f5fd200b76e3d41f9d1f47cd88c24e251692f0f4ad37cd8f1449acb91d716,20000,120909672,15007,4993,0.24965,0.24054185673417425,61844.58370558037,122256.0,0.9562286229762725,0.5883403265701489,0,0,0
1d50e4d3e4970d1f,linucb-large-effect-pilot,combined-n05-p030,adaptive_db_lbt,5107,,,5,5,poisson,30,0.4,10,200,1d50e4d3e4970d1fb182026bc534a20a184fa0fc9b6523e7d500f082f54b886f,20000,137094687,16108,3892,0.1946,0.22765434374564786,82484.93055037892,154169.0,0.9448652260585501,0.5727438566013994,4297,1822,0
1d9121e16a8c8345,linucb-large-effect-pilot,load-n03-p015,tmc_db_lbt,5113,,,3,3,poisson,,0.0,,,1d9121e16a8c83453e6dcf491ceb0cd0273b9acb4d0061d682b96b411657d3b5,20000,182789881,16458,3542,0.1771,0.17445095880334863,64605.29741064916,198143.0,0.9980805446017628,0.5478068344683704,0,0,0
1e8eadcb76d39881,linucb-large-effect-pilot,combined-n06-p025,adaptive_db_lbt,5107,,,6,6,poisson,30,0.4,10,200,1e8eadcb76d39881293ed7e2844edd16523159ae41b063045f21fcbcab432373,20000,155652063,16080,3920,0.196,0.2001820046548307,113470.2076798606,234324.0,0.9247297864526756,0.5030879303691687,4829,1809,0
1e9cd24c2f55c2c9,linucb-large-effect-pilot,combined-n03-p025,tmc_db_lbt,5113,,,3,3,poisson,30,0.4,10,200,1e9cd24c2f55c2c90eee1defb6910461cf546a1788ff2eb665de13a2404bc18c,20000,192913753,15927,4073,0.20365,0.1600262112986833,70362.48759500032,148239.0,0.978596173844808,0.5631356283811637,0,0,0
1f26fedabb59b9d7,linucb-large-effect-pilot,combined-n05-p020,tmc_db_lbt,5113,,,5,5,poisson,30,0.4,10,200,1f26fedabb59b9d7a2f360c76bad36997a4556b5b34dbf24f15df01fba11f558,20000,201011108,15358,4642,0.2321,0.1479842895050357,128013.32929371906,244391.0,0.9367097272271493,0.4739456722440617,0,0,0
1f4fda6a54fda1cf,linucb-large-effect-pilot,turnover-n04-p035-j20-l400,adaptive_db_lbt,5113,,,4,4,poisson,,0.0,20,400,1f4fda6a54fda1cfacef5db5eb4c5aac0300147931d8d0ad9528af531fc2b604,20000,124413188,15998,4002,0.2001,0.24917055416986822,59321.29262038774,94217.0,0.9662217747691734,0.6256277763130138,3693,1923,0
1f78c3d76d8ea882,linucb-large-effect-pilot,turnover-n05-p035-j05-l100,tmc_db_lbt,5113,,,5,5,poisson,,0.0,5,100,1f78c3d76d8ea88220573e620f8e095a4041e508f92d4a63e8e3201850803c10,20000,108948886,15136,4864,0.2432,0.26910869010629446,69768.63493322756,506448.0,0.9463858363320179,0.3443648421461041,0,0,0
20f6becd75865d84,linucb-large-effect-pilot,turnover-n05-p035-j05-l100,tmc_db_lbt,5107,,,5,5,poisson,,0.0,5,100,20f6becd75865d8419323c0dc8711c5934dfbd02923a209b61682fc578d76244,20000,108903477,15188,4812,0.2406,0.27025638492699366,69493.64619844512,494476.0,0.9460234793678176,0.34895928809827037,0,0,0
212ca64cf4abd923,linucb-large-effect-pilot,turnover-n05-p020-j10-l200,adaptive_db_lbt,5101,,,5,5,poisson,,0.0,10,200,212ca64cf4abd923e117a2076541ba3b5bd05f921a59a5c743e561943d48d213,20000,209091827,16695,3305,0.16525,0.15477351010950802,122390.3299970033,228011.0,0.9411228871599782,0.5053122990898288,4295,674,0
21427ceb9aefdad5,linucb-large-effect-pilot,load-n05-p025,adaptive_db_lbt,5101,,,5,5,poisson,,0.0,,,21427ceb9aefdad5aa70f13932fa56df722be2b5327718f4ca9ec0db747908dd,20000,60081398,14987,5013,0.25065,0.4831497263096308,38054.225278760765,118238.0,0.9988070968588907,0.6858311077228405,6235,2810,0
2165b00df5334ca3,linucb-large-effect-pilot,load-n03-p025,adaptive_db_lbt,5107,,,3,3,poisson,,0.0,,,2165b00df5334ca30eb16e2a18d3fa7b89b6586215117510c536d2e3c3146a12,20000,107848081,16289,3711,0.18555,0.292537166238498,37710.11416815083,116250.0,0.9995300353889988,0.6401349005424989,3744,522,0
225dbe2d26cb5c70,linucb-large-effect-pilot,combined-n05-p035,tmc_db_lbt,5101,,,5,5,poisson,30,0.4,10,200,225dbe2d26cb5c70b9421536c49370161b51b4b831c1d2a557ca0ea927273035,20000,110377204,15332,4668,0.2334,0.2692684442341917,69589.4362354784,144340.0,0.9392122688713201,0.5815835710351707,0,0,0
22b83cb7af807279,linucb-large-effect-pilot,turnover-n06-p035-j10-l200,adaptive_db_lbt,5113,,,6,6,poisson,,0.0,10,200,22b83cb7af807279d7ee6abc8e6857e21bdfb86703345e81fce1bbb8d3c53389,20000,104346797,16100,3900,0.195,0.29897571269005985,75414.10038538041,158077.0,0.9291535916538186,0.5885751014479595,4827,2832,0
22e1d12f48f7fd5d,linucb-large-effect-pilot,turnover-n04-p020-j10-l200,tmc_db_lbt,5101,,,4,4,poisson,,0.0,10,200,22e1d12f48f7fd5db81702d36c902b36974b1452a55a2f0fdb556f4ec86ca226,20000,213189310,15760,4240,0.212,0.1432927195083093,105180.82002285424,206409.0,0.9560377563639514,0.5091708252907535,0,0,0
25623821fbf48f56,linucb-large-effect-pilot,load-n03-p045,adaptive_db_lbt,5107,,,3,3,poisson,,0.0,,,25623821fbf48f567a0c4471e025c0eb9774607325e63cad7269d87356d696d3,20000,56652433,15222,4778,0.2389,0.5204190965637786,20322.688748685596,64134.0,0.9993937697605463,0.7374566221081083,3746,2477,0
28cef7200b717eb9,linucb-large-effect-pilot,combined-n03-p025,tmc_db_lbt,5107,,,3,3,poisson,30,0.4,10,200,28cef7200b717eb949ff10fcae10e96db9033f1a7ae4751d84d5bf50a267deb2,20000,191085192,15762,4238,0.2119,0.15982231108729764,70315.92682152831,152011.0,0.9829813663483359,0.5599522258118778,0,0,0
2936ff579268d376,linucb-large-effect-pilot,combined-n04-p020,tmc_db_lbt,5107,,,4,4,poisson,30,0.4,10,200,2936ff579268d376df59b374c4ca4f82d0ea858ec0cf56549274eaf0b8a48b7a,20000,224055537,15841,4159,0.20795,0.13701057965820324,110219.04812732899,210325.0,0.9579331779784016,0.5061104192122017,0,0,0
29a544a5ac5421ce,linucb-large-effect-pilot,turnover-n06-p030-j10-l200,adaptive_db_lbt,5107,,,6,6,poisson,,0.0,10,200,29a544a5ac5421cebf5aff298f1d9d3424dfe9ff7e80439cdd6602a15e8c1290,20000,125240738,15991,4009,0.20045,0.2474103434299469,91491.91257275174,200143.0,0.9225174439522518,0.5397680957940661,4824,2386,0
2a239cae6db9da86,linucb-large-effect-pilot,load-n03-p015,tmc_db_lbt,5101,,,3,3,poisson,,0.0,,,2a239cae6db9da86b0bb6d706e456007b0e98abe67c6e6f16fc9f47a7c634b22,20000,183634823,16338,3662,0.1831,0.17237342287742452,65398.73408033309,198187.0,0.9995034658406584,0.546059296239361,0,0,0
2a48a27d62b185b9,linucb-large-effect-pilot,combined-n04-p035,tmc_db_lbt,5107,,,4,4,poisson,30,0.4,10,200,2a48a27d62b185b91a6732c3b19486910350b97428c6f3eb2e17102b0c1dad71,20000,119878340,15092,4908,0.2454,0.2439770937769075,60985.31583134447,124226.0,0.9550274763115123,0.5888341900294732,0,0,0
2aa88fc41187a678,linucb-large-effect-pilot,combined-n05-p030,tmc_db_lbt,5113,,,5,5,poisson,30,0.4,10,200,2aa88fc41187a678ea58b6185b27c9ae2a9c6509f458fefa392640285d43b07a,20000,128780215,15061,4939,0.24695,0.22661262834512275,82984.82526078001,164349.0,0.9379783673671698,0.5502268319040975,0,0,0
2b299af381459529,linucb-large-effect-pilot,turnover-n03-p025-j10-l200,tmc_db_lbt,5101,,,3,3,poisson,,0.0,10,200,2b299af3814595299a9c8c5413328e2236805994e50239a6c0bd55d97ee83f41,20000,199657139,16073,3927,0.19635,0.1560573498952121,72085.59980083401,154190.0,0.9801122599759708,0.5601757032903943,0,0,0
2b6575c20fe775ca,linucb-large-effect-pilot,load-n06-p025,tmc_db_lbt,5101,,,6,6,poisson,,0.0,,,2b6575c20fe775ca1d51fad02270fb670bb5eb3292f651f13affe8568723e620,20000,45069138,13668,6332,0.3166,0.5880648970921077,37529.56927357938,114234.0,0.9973459408051141,0.7064976126324074,0,0,0
2c14ccf9fa9b1519,linucb-large-effect-pilot,combined-n03-p020,adaptive_db_lbt,5107,,,3,3,poisson,30,0.4,10,200,2c14ccf9fa9b1519a248de4d59bd9e89659b5445e1c8af32dc3539bd0073bdc3,20000,254247511,17340,2660,0.133,0.13216068022785876,85625.56392061844,184011.0,0.9826533609192233,0.5490140137156939,2996,77,0
2ca702964ebe0b8b,linucb-large-effect-pilot,turnover-n04-p025-j05-l100,tmc_db_lbt,5107,,,4,4,poisson,,0.0,5,100,2ca702964ebe0b8b0add779d79ba9451142c56f84bba353b8ab15abcfd55256b,20000,173623014,15568,4432,0.2216,0.17379831339640262,86818.28341902314,616567.0,0.9600603227372656,0.32255287871122273,0,0,0
2d61d6198a693cf7,linucb-large-effect-pilot,turnover-n06-p020-j10-l200,tmc_db_lbt,5101,,,6,6,poisson,,0.0,10,200,2d61d6198a693cf718bdb73db716e681c7750174b8cb78e6887864c3a26fda2d,20000,189545362,15345,4655,0.23275,0.1569117053890245,145505.4936411661,1057249.0,0.9167172107177309,0.29968880536891845,0,0,0
2d908e453610cb5c,linucb-large-effect-pilot,load-n05-p025,tmc_db_lbt,5113,,,5,5,poisson,,0.0,,,2d908e453610cb5c5bd60a9c672ae55b7a9c64668572193c7e5b81f367383151,20000,53838063,13552,6448,0.3224,0.4877081851923239,37696.87564613794,116259.0,0.9984330063296911,0.6706077305073385,0,0,0
2ebd3a756f04b939,linucb-large-effect-pilot,load-n03-p025,tmc_db_lbt,5107,,,3,3,poisson,,0.0,,,2ebd3a756f04b9396323e027a042ba7a0e6788930b3941ec9a58d151eedf5f59,20000,99141033,15003,4997,0.24985,0.2931260661768574,37641.23364672934,116237.0,0.9991900219712609,0.6241515293827061,0,0,0
2f6508d4d0522580,linucb-large-effect-pilot,turnover-n05-p025-j20-l400,adaptive_db_lbt,5101,,,5,5,poisson,,0.0,20,400,2f6508d4d05225806656787b24a501d0b8b8cf3ce58ab7af354e0fd25368a259,20000,170961618,16411,3589,0.17945,0.1860600781164811,101109.91000548747,140314.0,0.941821792598984,0.5708887902384884,4300,1303,0
305e751ba4ac9b29,linucb-large-effect-pilot,load-n03-p025,adaptive_db_lbt,5113,,,3,3,poisson,,0.0,,,305e751ba4ac9b2924ffd348a42f928d1275d61fa153f255528c9db11e7e5124,20000,108858847,16320,3680,0.184,0.29043870912944725,38011.54909893343,118176.0,0.9989361826376504,0.638340963922366,3746,574,0
30e544313299addb,linucb-large-effect-pilot,combined-n03-p035,adaptive_db_lbt,5113,,,3,3,poisson,30,0.4,10,200,30e544313299addb90e2e00d77f3bc431b0bd18c42bea4aadd49dfc7ec2ad8fe,20000,143846907,16381,3619,0.18095,0.2205670783036023,50394.62155725191,108187.0,0.9808239000741412,0.6164348261259145,2996,1118,0
318f3a406d0c2600,linucb-large-effect-pilot,combined-n05-p020,adaptive_db_lbt,5107,,,5,5,poisson,30,0.4,10,200,318f3a406d0c260040a29a12904bc9d4ebce1742d67fa1f12c0af810388e76d3,20000,210642952,16537,3463,0.17315,0.1521279287806411,124596.579536516,226154.0,0.9462766563326743,0.5054113617044385,4300,828,0
323c90e7573fdd83,linucb-large-effect-pilot,combined-n03-p035,tmc_db_lbt,5107,,,3,3,poisson,30,0.4,10,200,323c90e7573fdd83b1728eb81115ae2d14591063a1f47647f398b5cf6df23591,20000,133346891,15221,4779,0.23895,0.22125006274049538,50334.145054222805,106143.0,0.9813099681573364,0.6036871769659439,0,0,0
336e382b1b0ff5ef,linucb-large-effect-pilot,combined-n03-p025,adaptive_db_lbt,5113,,,3,3,poisson,30,0.4,10,200,336e382b1b0ff5ef7ce7ad3ac849b8c1b35bd0e222b5117170450e3e1d648055,20000,200709504,16885,3115,0.15575,0.16302497065609808,68982.74323123408,146269.0,0.9801274266094604,0.5779339657551862,2995,238,0
3492060f37345dec,linucb-large-effect-pilot,load-n03-p015,adaptive_db_lbt,5113,,,3,3,poisson,,0.0,,,3492060f37345dec090a348ec9282b4b8d3b278f719c81daa54eb0924ec22a85,20000,193340181,17408,2592,0.1296,0.174474058240382,64598.89673600736,198091.0,0.9982840029571918,0.5597920203991912,3745,58,0
354d68492a30512d,linucb-large-effect-pilot,turnover-n04-p035-j05-l100,adaptive_db_lbt,5113,,,4,4,poisson,,0.0,5,100,354d68492a30512de61cba3fb4f5b752dd0d230aa610288f56883bcba4a2dde9,20000,126094936,16193,3807,0.19035,0.24895719047749865,60088.10485016991,434460.0,0.9629150733981748,0.4000632546252246,3694,1315,0
36272e02b252fe3f,linucb-large-effect-pilot,combined-n03-p035,adaptive_db_lbt,5101,,,3,3,poisson,30,0.4,10,200,36272e02b252fe3f733ee15bffd0a0b7557f4e509b3a767cc5f437af150c0643,20000,140761593,16340,3660,0.183,0.22495742144662997,49405.411105669154,106163.0,0.9760295488554394,0.6171369901006898,2993,1198,0
371a0322c80e36e3,linucb-large-effect-pilot,turnover-n06-p030-j10-l200,tmc_db_lbt,5107,,,6,6,poisson,,0.0,10,200,371a0322c80e36e31aa7afd9d23e92961d15c55320938e22e069149bd7cf157b,20000,118410640,15095,4905,0.24525,0.2470627555091333,91625.02784591925,698825.0,0.9193577879550767,0.32749434782140335,0,0,0
37e1d43f75baff58,linucb-large-effect-pilot,turnover-n03-p035-j10-l200,adaptive_db_lbt,5113,,,3,3,poisson,,0.0,10,200,37e1d43f75baff58961da364621bf255fa30f8abe9acec425a4ad73e431bd37c,20000,139267508,16466,3534,0.1767,0.22910129906252075,48493.53213851762,106011.0,0.9777105080101325,0.6207549356908845,2995,895,0
385790ad432d77ff,linucb-large-effect-pilot,load-n05-p035,tmc_db_lbt,5107,,,5,5,poisson,,0.0,,,385790ad432d77ff8a24c958b75396fa3dd5b9a1bcc7a6cafe35e2ee5ac2d976,20000,42325209,14607,5393,0.26965,0.6687639274267967,26957.22812906762,82147.0,0.9981774751062841,0.7668033008443602,0,0,0
399b920f41470bd0,linucb-large-effect-pilot,load-n06-p015,adaptive_db_lbt,5113,,,6,6,poisson,,0.0,,,399b920f41470bd018a67c73872faab87ff9000cd7aa0cfb53ad22210ca61426,20000,86054436,15503,4497,0.22485,0.34906417839982123,64581.44380608095,198360.0,0.9984279900490234,0.5940448894829482,7479,1321,0
3adffb2e635aaeb9,linucb-large-effect-pilot,turnover-n03-p035-j10-l200,tmc_db_lbt,5101,,,3,3,poisson,,0.0,10,200,3adffb2e635aaeb98fddfac224090710c95cd5f7b87a3e832ab999a3c61fdbd8,20000,132087529,15310,4690,0.2345,0.22461568646650965,49461.302143230525,104275.0,0.9806503476109664,0.6069470113591586,0,0,0
3da915ae60f9fae1,linucb-large-effect-pilot,load-n03-p015,adaptive_db_lbt,5107,,,3,3,poisson,,0.0,,,3da915ae60f9fae1cb9ef0f8876aaece803f7ec5ad4d38b02aebc6ea0026d367,20000,190690235,17417,2583,0.12915,0.17697921448363624,63671.27689391764,194186.0,0.9984981282810033,0.5634142809215464,3745,53,0
3e7646ac096ffa09,linucb-large-effect-pilot,combined-n05-p020,adaptive_db_lbt,5113,,,5,5,poisson,30,0.4,10,200,3e7646ac096ffa099287a6371704ce3239f4c5a178c7856fec0ade8fbe6db383,20000,210023307,16697,3303,0.16515,0.15407062417124973,122897.47246359441,222011.0,0.9455693933825905,0.5105851725179467,4301,738,0
3fbc15eea7ef6618,linucb-large-effect-pilot,load-n04-p015,tmc_db_lbt,5101,,,4,4,poisson,,0.0,,,3fbc15eea7ef66183756ced925ace30fbef30db87bd80c474b986b74d812b122,20000,128181998,15416,4584,0.2292,0.23301686247705392,64493.03874610592,194318.0,0.9991842849428455,0.557221715806633,0,0,0
4042fa40396e826e,linucb-large-effect-pilot,turnover-n05-p020-j10-l200,tmc_db_lbt,5107,,,5,5,poisson,,0.0,10,200,4042fa40396e826ea363e7cd7a97b14067ea34ebec1541d2be777c0fbc0bdb21,20000,200783155,15665,4335,0.21675,0.15122390122816826,125514.94551261578,242617.0,0.9400950059635553,0.4811741357305745,0,0,0
4064418f69be9e85,linucb-large-effect-pilot,combined-n04-p025,adaptive_db_lbt,5113,,,4,4,poisson,30,0.4,10,200,4064418f69be9e854d1632fe61a22c12ff5e4525203e162eab941c7730bc4233,20000,182397579,16521,3479,0.17395,0.1756135754411521,85576.00127172531,160011.0,0.959397748446439,0.5615089412958637,3694,765,0
4087386423079669,linucb-large-effect-pilot,load-n04-p015,adaptive_db_lbt,5101,,,4,4,poisson,,0.0,,,40873864230796692c7b10f383acb4532c034d0a97466d7f34ae7d20e1b3eabe,20000,138578248,16694,3306,0.1653,0.2333812590847591,64377.95121658876,196143.0,0.9990177448610359,0.5720460013152651,4990,247,0
4089551a446d8fcf,linucb-large-effect-pilot,load-n06-p015,tmc_db_lbt,5107,,,6,6,poisson,,0.0,,,4089551a446d8fcf0f616b10d1b28f66b42bd9e3a765eb024cc541bafe31c393,20000,79189000,14088,5912,0.2956,0.34474694717700693,65424.979823813585,198363.0,0.9989862391985891,0.575102395458532,0,0,0
40ea1479ac3a24ed,linucb-large-effect-pilot,turnover-n05-p025-j05-l100,adaptive_db_lbt,5113,,,5,5,poisson,,0.0,5,100,40ea1479ac3a24eda5b0c89fba09c7e0cb2d218526a98fd3d25d3c112ddb7a95,20000,165042698,16394,3606,0.1803,0.1924438547411531,98302.50354003906,728492.0,0.9397649645148655,0.3323279397520062,4297,941,0
41283c3729020fe5,linucb-large-effect-pilot,load-n03-p045,tmc_db_lbt,5107,,,3,3,poisson,,0.0,,,41283c3729020fe59abef742a05068352e86718896fa3967667698de8f5d6574,20000,52586656,14083,5917,0.29585,0.5188789908983754,20393.215102649712,64196.0,0.9994112841612938,0.7226702583532231,0,0,0
42c302461bffc555,linucb-large-effect-pilot,combined-n04-p035,tmc_db_lbt,5101,,,4,4,poisson,30,0.4,10,200,42c302461bffc55500d9e0545ec60df79d172102b8be46047957aa15e4367175,20000,120351491,15213,4787,0.23935,0.24517223471705887,60754.46524169681,120244.0,0.9580356383815377,0.5944024576995321,0,0,0
43740fd45c5a1680,linucb-large-effect-pilot,turnover-n04-p030-j10-l200,tmc_db_lbt,5113,,,4,4,poisson,,0.0,10,200,43740fd45c5a16805d9334da2d9a8ac21b05953300fbd836ead76bb49872ffb1,20000,142084610,15189,4811,0.24055,0.20711081939134718,71998.0710098149,138307.0,0.9590159314344318,0.569700083608593,0,0,0
44247de19bd2e0af,linucb-large-effect-pilot,turnover-n04-p030-j10-l200,adaptive_db_lbt,5113,,,4,4,poisson,,0.0,10,200,44247de19bd2e0af49578651e804fda04a16bd6acc1addf18fed22aa8ab3518a,20000,147034988,16338,3662,0.1831,0.21531980537856746,69195.07005511329,134217.0,0.9686287499260459,0.5927298517682045,3692,1085,0
452ebbab9e270eb1,linucb-large-effect-pilot,turnover-n05-p025-j05-l100,adaptive_db_lbt,5101,,,5,5,poisson,,0.0,5,100,452ebbab9e270eb110e60b226aab6f605960c42abd03ac0712e9df543c1e9d23,20000,166344822,16395,3605,0.18025,0.19097673506182236,99194.6142813549,752537.0,0.9472645161780056,0.33435125041327596,4297,957,0
45f2a51cb5d4046b,linucb-large-effect-pilot,turnover-n04-p035-j10-l200,adaptive_db_lbt,5101,,,4,4,poisson,,0.0,10,200,45f2a51cb5d4046b3025b8031526242817d13970f0bdbc4068cfd4204efd6457,20000,123652244,16101,3899,0.19495,0.25224171427087083,58826.568321630526,114022.0,0.9630637704134839,0.613682994894785,3696,1657,0
464392d50610737a,linucb-large-effect-pilot,load-n03-p035,tmc_db_lbt,5107,,,3,3,poisson,,0.0,,,464392d50610737a4000a7c589e40483917280749282895440b3006291f6d404,20000,68482280,14148,5852,0.2926,0.4004613164164511,27027.927732993918,86122.0,0.9983484422236287,0.66903858621336,0,0,0
4703421f6c4068ce,linucb-large-effect-pilot,load-n06-p035,adaptive_db_lbt,5113,,,6,6,poisson,,0.0,,,4703421f6c4068ce06661cc1e409c6a6dc24fd69d7e7f96e7c65c421c12a44d2,20000,40049764,16674,3326,0.1663,0.8065792597429537,26816.25117032769,56056.0,0.9988573422115906,0.8561998673181814,7476,1528,0
47894bf0e2bd6149,linucb-large-effect-pilot,load-n05-p035,adaptive_db_lbt,5113,,,5,5,poisson,,0.0,,,47894bf0e2bd614970c3bdbf6152cc2f3b1442ac65959a77c6fc3232a765708f,20000,43469475,15075,4925,0.24625,0.6723697721217015,26815.36076999668,80100.0,0.9973886415685732,0.7749569712300916,6236,2805,0
47f9ebfd006ef098,linucb-large-effect-pilot,turnover-n06-p025-j10-l200,adaptive_db_lbt,5107,,,6,6,poisson,,0.0,10,200,47f9ebfd006ef098f8e0b66a6230bd733e2d01eda84ac0f01f6c48af84f996a8,20000,154065410,16185,3815,0.19075,0.20364491938845974,111675.6341433253,228386.0,0.9216380027406242,0.5084828073763614,4818,1727,0
4ae4bf37e89c864e,linucb-large-effect-pilot,combined-n06-p030,tmc_db_lbt,5107,,,6,6,poisson,30,0.4,10,200,4ae4bf37e89c864e2b30d38654b5438b4cf4177cb08423b8d207dec421efdf9a,20000,121003902,15266,4734,0.2367,0.24449468579947117,92768.05172413793,666868.0,0.9238143909885359,0.3302613589293357,0,0,0
4b60052f6ed5a981,linucb-large-effect-pilot,load-n04-p035,tmc_db_lbt,5113,,,4,4,poisson,,0.0,,,4b60052f6ed5a981ed2db7a5b2ae225e9bb5594c98caa033c61949260beb2236,20000,49785277,13885,6115,0.30575,0.5410202096495316,26671.855876630394,82236.0,0.9956834878221519,0.7143063991572277,0,0,0
4bbeadd866fda87a,linucb-large-effect-pilot,combined-n06-p035,adaptive_db_lbt,5107,,,6,6,poisson,30,0.4,10,200,4bbeadd866fda87a77e59840915b3b82b7ae21430887640e84ead6e68b001725,20000,102265704,16127,3873,0.19365,0.3054350263896878,73827.85131864723,158160.0,0.9424715848465626,0.5954497037454168,4825,2844,0
4be4a8fd9d6391d8,linucb-large-effect-pilot,turnover-n05-p030-j10-l200,tmc_db_lbt,5101,,,5,5,poisson,,0.0,10,200,4be4a8fd9d6391d85ee8497588e1821a5813af1bea763cc5a45bea9f7690f683,20000,128315783,15003,4997,0.24985,0.22657028091392312,82819.64856933235,168044.0,0.9363158535636815,0.5464702114925349,0,0,0
4c15bef80f6e0634,linucb-large-effect-pilot,combined-n05-p030,tmc_db_lbt,5107,,,5,5,poisson,30,0.4,10,200,4c15bef80f6e063467aaf1bfd73db4fad37351016d838ba68bf071cd34828d6b,20000,129814221,15116,4884,0.2442,0.2255615353575168,83291.4031510658,164212.0,0.9412291351209201,0.551738890159479,0,0,0
4c3062eef1843d95,linucb-large-effect-pilot,load-n06-p015,tmc_db_lbt,5101,,,6,6,poisson,,0.0,,,4c3062eef1843d9552833aa17cf40fc1ffa6f58dfb72ca358e4d160ffa6e1c1c,20000,80680561,14180,5820,0.291,0.3405100517335272,66223.18407679278,200466.0,0.9988167174919427,0.5733815897418233,0,0,0
4d585cbb8e31b758,linucb-large-effect-pilot,turnover-n06-p030-j10-l200,adaptive_db_lbt,5113,,,6,6,poisson,,0.0,10,200,4d585cbb8e31b75895d363288413c4514eb3dfca16d0615e8c2c92602b52f5fd,20000,127117527,16089,3911,0.19555,0.24533210121370597,92437.91932574485,194154.0,0.9286503587964048,0.5463373200033702,4824,2403,0
4ddb9fb77a48e484,linucb-large-effect-pilot,turnover-n05-p025-j05-l100,adaptive_db_lbt,5107,,,5,5,poisson,,0.0,5,100,4ddb9fb77a48e4844f81d8283d86087dfe5a7ebd1ce05dff1c5f295dab0c3951,20000,162695705,16244,3756,0.1878,0.1934208957759518,97873.3856104472,738628.0,0.9436364266002704,0.33206910745874074,4300,1116,0
4ed41f4f44245e21,linucb-large-effect-pilot,turnover-n05-p035-j10-l200,tmc_db_lbt,5101,,,5,5,poisson,,0.0,10,200,4ed41f4f44245e217f178cca277672d16238da20e756e986f9a6361df0433955,20000,108207594,15213,4787,0.23935,0.27234082110725055,68619.85858054331,142166.0,0.9422899708660751,0.5835954306577752,0,0,0
4ef229b6ac47b384,linucb-large-effect-pilot,combined-n06-p030,adaptive_db_lbt,5101,,,6,6,poisson,30,0.4,10,200,4ef229b6ac47b384a2e182a2f09e5ab77e3b3888e4e278574102535257f8318d,20000,126833339,16088,3912,0.1956,0.24570967101954164,92183.04173923862,184315.0,0.9259493662067073,0.5521096790754163,4827,2433,0
51e8f39d020e3f83,linucb-large-effect-pilot,combined-n03-p020,adaptive_db_lbt,5101,,,3,3,poisson,30,0.4,10,200,51e8f39d020e3f8323d76eed63b105f8d27722b65990be51f9b3c94723d9bb10,20000,261502020,17222,2778,0.1389,0.12765421085466186,88539.07986756506,188011.0,0.9831468195585428,0.5435346768044016,2995,65,0
52da209f55497d20,linucb-large-effect-pilot,load-n05-p035,tmc_db_lbt,5113,,,5,5,poisson,,0.0,,,52da209f55497d20c434d874e4a58b0c95892a4510ac785865a0305a069623d0,20000,42240110,14646,5354,0.2677,0.6721628802576508,26820.290379885213,82129.0,0.9972840252357312,0.768137968497794,0,0,0
52ed60c7bc25aab8,linucb-large-effect-pilot,load-n05-p025,adaptive_db_lbt,5113,,,5,5,poisson,,0.0,,,52ed60c7bc25aab8f6e973f1b1975b1ffe3f267902ad4e846e87a51ca503593c,20000,59236501,14943,5057,0.25285,0.48893374036390164,37604.568472510546,116279.0,0.9984345019420298,0.6883909141019771,6236,2840,0
54691cf775a14d24,linucb-large-effect-pilot,turnover-n05-p020-j10-l200,tmc_db_lbt,5101,,,5,5,poisson,,0.0,10,200,54691cf775a14d24a2ad6aaa2cceedcb5b679e4f9db1896d6a7e56d2a5bf2652,20000,201559542,15528,4472,0.2236,0.14933684459354446,126951.92627915968,238510.0,0.9318388173904243,0.4788185539946563,0,0,0
550c464571f6bef0,linucb-large-effect-pilot,turnover-n06-p035-j10-l200,adaptive_db_lbt,5101,,,6,6,poisson,,0.0,10,200,550c464571f6bef051683405452300d158dae008c78e467fb4e245ca4df73850,20000,106038013,16066,3934,0.1967,0.2935866404814658,76759.20736265105,168181.0,0.9329341698908753,0.5808779367907804,4829,2749,0
5569b107d0d5077b,linucb-large-effect-pilot,load-n05-p045,tmc_db_lbt,5113,,,5,5,poisson,,0.0,,,5569b107d0d5077b728a9ed8b9bd8ab325bb9200d6d64982347cc43df7a4d5bd,20000,40076210,17731,2269,0.11345,0.8574693814609715,20591.582698493312,48050.0,0.9984662672133179,0.8915827162247631,0,0,0
559647ee495ce046,linucb-large-effect-pilot,turnover-n05-p035-j20-l400,tmc_db_lbt,5107,,,5,5,poisson,,0.0,20,400,559647ee495ce046183a11259d30605f1b542e70ac77ced5447c105590bd95a2,20000,111020240,15212,4788,0.2394,0.26557283608826643,70284.09261939219,96204.0,0.9429611495957377,0.6121919952280015,0,0,0
5669331f87b9e687,linucb-large-effect-pilot,load-n04-p015,tmc_db_lbt,5113,,,4,4,poisson,,0.0,,,5669331f87b9e68789cbf97310730aa6d51cb4141fae6951bbc5697256dd6842,20000,126801857,15334,4666,0.2333,0.23438945377590173,64076.92568184784,196143.0,0.9980826851388249,0.5550703796382422,0,0,0
566e90e6927841af,linucb-large-effect-pilot,combined-n03-p020,adaptive_db_lbt,5113,,,3,3,poisson,30,0.4,10,200,566e90e6927841af16a5ecbae65b29621c385baac9c3caf2cdbb4dc3866d6f77,20000,256308682,17250,2750,0.1375,0.1303834023070666,86636.8729993041,188011.0,0.9849824361066143,0.545406279471227,2995,77,0
574cb17d94d7ade4,linucb-large-effect-pilot,load-n03-p045,adaptive_db_lbt,5101,,,3,3,poisson,,0.0,,,574cb17d94d7ade41023b698e68cbcec73dd2ceca63e6c28793f313a63f6d71e,20000,56754530,15210,4790,0.2395,0.5191954369104986,20368.20876085241,64158.0,0.9992016542247308,0.7368186970450765,3745,2460,0
57e4ee390e28e860,linucb-large-effect-pilot,turnover-n03-p035-j10-l200,adaptive_db_lbt,5107,,,3,3,poisson,,0.0,10,200,57e4ee390e28e8608973ab4b62cf57c53cf8610dfa50bac43a8f21a277892848,20000,139422840,16443,3557,0.17785,0.22855271776130798,48534.37348664598,104237.0,0.9791066038163526,0.6219326071925536,2993,860,0
585f05b30fd13d5d,linucb-large-effect-pilot,turnover-n06-p030-j10-l200,tmc_db_lbt,5101,,,6,6,poisson,,0.0,10,200,585f05b30fd13d5d1c218947b7193d5bd7bf50b5c757c02380efb8657a74ef93,20000,117797235,15167,4833,0.24165,0.24954527158468534,90791.20824810294,674867.0,0.9212648671424265,0.3298575462423707,0,0,0
5a24686a77765bc0,linucb-large-effect-pilot,load-n04-p045,tmc_db_lbt,5101,,,4,4,poisson,,0.0,,,5a24686a77765bc03b5e22b7e5c73a10ec3385bbe42bf9343871af14bffa4c4d,20000,41829435,15121,4879,0.24395,0.7007438900381991,20116.767154105735,60177.0,0.9983812116278395,0.798602867222013,0,0,0
5b50d86738d525cd,linucb-large-effect-pilot,load-n06-p025,tmc_db_lbt,5113,,,6,6,poisson,,0.0,,,5b50d86738d525cd01d9bce0c681f5f7452943703db1d1913469450c0b026599,20000,45277754,13644,6356,0.3178,0.583757202267586,37766.31022593897,116238.0,0.9984832406065919,0.7038048142913925,0,0,0
5b7b1d1e7e341fb6,linucb-large-effect-pilot,turnover-n05-p035-j20-l400,tmc_db_lbt,5101,,,5,5,poisson,,0.0,20,400,5b7b1d1e7e341fb60edfb4dfaddee00ce87c958b21ea6f1e64f0dc16066fe798,20000,109685354,15167,4833,0.24165,0.26790352520537974,69695.30764663192,100206.0,0.9413751020707789,0.6092097090920529,0,0,0
5b904b12f4006aaa,linucb-large-effect-pilot,load-n05-p045,adaptive_db_lbt,5113,,,5,5,poisson,,0.0,,,5b904b12f4006aaa42069a3e17c872cacd5773630fc24c2fd9e8fdceb1428293,20000,40065082,17722,2278,0.1139,0.857142186804959,20597.119184733514,40044.0,0.9984530951545806,0.8966940939865132,6235,1211,0
5ce1287bf3fa78e3,linucb-large-effect-pilot,turnover-n04-p035-j20-l400,tmc_db_lbt,5113,,,4,4,poisson,,0.0,20,400,5ce1287bf3fa78e3a4dec862532651ead26f149d4ad19347ad50ec9f02553f00,20000,122026386,15015,4985,0.24925,0.23837955014090148,61897.585926567604,96105.0,0.9581718775991048,0.6058013092466688,0,0,0
5dec4f5758e3a010,linucb-large-effect-pilot,turnover-n03-p020-j10-l200,adaptive_db_lbt,5113,,,3,3,poisson,,0.0,10,200,5dec4f5758e3a010841f9d506d935f476d550137398d52d00ac32e46b9a47fdd,20000,260904966,17590,2410,0.1205,0.13060903946151795,86514.1147634213,188176.0,0.9817726186200888,0.548551552693869,2994,41,0
5e362f2b26006488,linucb-large-effect-pilot,turnover-n03-p025-j10-l200,adaptive_db_lbt,5107,,,3,3,poisson,,0.0,10,200,5e362f2b260064888621df6c5709c795ffe7427588271ff3e627e58168588f5b,20000,203854402,17130,2870,0.1435,0.16281248613900426,69012.78492174725,146077.0,0.9807675218582548,0.5812670026657529,2996,178,0
5f62907d0d3244a1,linucb-large-effect-pilot,load-n04-p025,adaptive_db_lbt,5113,,,4,4,poisson,,0.0,,,5f62907d0d3244a12dbd23be23647aaa5c68d4954d981cfdc4790ce7c8d1a267,20000,77209184,15585,4415,0.22075,0.3910634776298115,37591.986518585094,116221.0,0.999445190365152,0.664168055998321,4992,1367,0
5fd87328fae4611a,linucb-large-effect-pilot,turnover-n03-p030-j10-l200,adaptive_db_lbt,5107,,,3,3,poisson,,0.0,10,200,5fd87328fae4611afa7f15c5ddca3c4da2243e8b98c8ab6a54d6a280583a32ae,20000,163822870,16749,3251,0.16255,0.198029334976246,56359.05238009914,120268.0,0.9803146686640295,0.6052985012134252,2993,474,0
602a77d7faf9e24b,linucb-large-effect-pilot,load-n03-p035,tmc_db_lbt,5113,,,3,3,poisson,,0.0,,,602a77d7faf9e24b4a467085694eaa3b8c25c7edf40908f8cbd89a830849e504,20000,68676490,14228,5772,0.2886,0.4014690908053105,26949.54577415272,86141.0,0.9988314687329378,0.6705228531794161,0,0,0
621e5e6cbf030da9,linucb-large-effect-pilot,load-n05-p015,adaptive_db_lbt,5107,,,5,5,poisson,,0.0,,,621e5e6cbf030da9b933e0c76aebdeee5d7facab6963887405be5838cd819983,20000,108244435,16141,3859,0.19295,0.28907006628100557,65036.41838695679,200213.0,0.9970152368066364,0.580315601029214,6231,623,0
626e63bce658bb00,linucb-large-effect-pilot,load-n06-p025,adaptive_db_lbt,5107,,,6,6,poisson,,0.0,,,626e63bce658bb00a877c9a59fafa702515788e9a2cffb6ee3a72f24bd2be82a,20000,48878297,14625,5375,0.26875,0.5799209821078668,38066.889618832545,118230.0,0.9981684356543129,0.71335563925406,7475,4035,0
62b42d39b731d1df,linucb-large-effect-pilot,turnover-n05-p035-j05-l100,adaptive_db_lbt,5101,,,5,5,poisson,,0.0,5,100,62b42d39b731d1dfb2364d97b304c3bd53e0602b92dafdc0503e3a9b82c34121,20000,113065595,16009,3991,0.19955,0.2744146616837775,68262.877679855,494442.0,0.9472956705832626,0.36105461075568,4297,1860,0
6336117144bce9fc,linucb-large-effect-pilot,turnover-n03-p030-j10-l200,tmc_db_lbt,5107,,,3,3,poisson,,0.0,10,200,6336117144bce9fcba01fbda9c9917a34d1bb5519c4a869abb1564d751a8b488,20000,157436378,15599,4401,0.22005,0.1919118591511296,58177.4240364266,124133.0,0.9760201184655171,0.5848761592055489,0,0,0
636510d829e8765b,linucb-large-effect-pilot,load-n03-p045,tmc_db_lbt,5101,,,3,3,poisson,,0.0,,,636510d829e8765bedaecb03b0c2a32e763fa5ec32f4f9b2fec736cd90aaf85d,20000,53163933,14221,5779,0.28895,0.518301345387671,20409.039254308827,66147.0,0.9990247686173375,0.7227732046683363,0,0,0
6580b4512fd9413b,linucb-large-effect-pilot,load-n04-p035,adaptive_db_lbt,5101,,,4,4,poisson,,0.0,,,6580b4512fd9413bef3db4e677cc943470b1b30b71e1d028d7549eb80da83a98,20000,53775271,14984,5016,0.2508,0.5400786171770292,26692.924412393164,82243.0,0.9987922169357477,0.7287616113709258,4992,3123,0
662577d6d1314f0c,linucb-large-effect-pilot,turnover-n04-p025-j20-l400,adaptive_db_lbt,5101,,,4,4,poisson,,0.0,20,400,662577d6d1314f0cda2bcc8ffbdccc5369fe63048c580cf25e87bb2859c75e4d,20000,182272815,16638,3362,0.1681,0.17691467594879687,84127.2529765484,134251.0,0.9678006717880762,0.5833794492456243,3695,792,0
676153a31ed76ae4,linucb-large-effect-pilot,load-n05-p015,tmc_db_lbt,5107,,,5,5,poisson,,0.0,,,676153a31ed76ae4ca582a93923d6cbbe158d2ee94471d7dc4d08e6c04ca37bd,20000,98125379,14639,5361,0.26805,0.28920700525396187,64987.18497504956,200289.0,0.9968328413530112,0.5614747822023243,0,0,0
6aa17bcbbe5dd60f,linucb-large-effect-pilot,turnover-n04-p025-j05-l100,adaptive_db_lbt,5107,,,4,4,poisson,,0.0,5,100,6aa17bcbbe5dd60fd5220cee42956acea5744f4a5ab138eb8598b74991053d7b,20000,180358294,16710,3290,0.1645,0.17959154126840432,84017.32289546162,606390.0,0.9650685836668508,0.3404283749784183,3694,437,0
6b539dc2a497d323,linucb-large-effect-pilot,load-n06-p045,tmc_db_lbt,5107,,,6,6,poisson,,0.0,,,6b539dc2a497d32345de3ad6ec89815ff0475a9b76b191e85ef2afecce5d2801,20000,40058884,19884,116,0.0058,0.9618589973699717,22158.488929146537,22022.0,0.9989619810566485,0.9708089928088734,0,0,0
6bb52ef2e47560f4,linucb-large-effect-pilot,load-n05-p025,tmc_db_lbt,5107,,,5,5,poisson,,0.0,,,6bb52ef2e47560f439b52a53a163b51dc7cf2faeffec68af5cb87a16f143c8ad,20000,54822032,13582,6418,0.3209,0.4803810446135962,38316.67683465959,118284.0,0.9971963145118277,0.6667781197084746,0,0,0
6c3f8164187b26ee,linucb-large-effect-pilot,combined-n05-p035,tmc_db_lbt,5113,,,5,5,poisson,30,0.4,10,200,6c3f8164187b26eec5a8842621ab7a435da34c449e6053a830bb283f6c5b4931,20000,108297592,15405,4595,0.22975,0.27570424649885106,67812.23988307892,136159.0,0.9458425588449703,0.592305435114607,0,0,0
6c46c130bf06d643,linucb-large-effect-pilot,turnover-n05-p025-j05-l100,tmc_db_lbt,5107,,,5,5,poisson,,0.0,5,100,6c46c130bf06d6436b471d2ebdef6b3fa9cd3d533bc3c7aa8e77999301ee3e21,20000,155226611,15054,4946,0.2473,0.18797976591784252,100811.59824514757,718679.0,0.9356645924045389,0.3127231194407938,0,0,0
6ccfc4d6d9cb80c5,linucb-large-effect-pilot,combined-n06-p020,adaptive_db_lbt,5101,,,6,6,poisson,30,0.4,10,200,6ccfc4d6d9cb80c517d5ce0623d7d7dff5dd9892e1c30c735c8c4324c2ba93bf,20000,192727371,16355,3645,0.18225,0.16449318970889715,138719.55736400906,282022.0,0.9306789592503427,0.4648135496530799,4830,1172,0
6d15fc1bdcaf7926,linucb-large-effect-pilot,turnover-n03-p030-j10-l200,tmc_db_lbt,5101,,,3,3,poisson,,0.0,10,200,6d15fc1bdcaf7926d07547c967d64a13ce9d3dfd8aa30804da83c7d54744aafd,20000,160441415,15646,4354,0.2177,0.18890970888034114,59160.16425831202,126011.0,0.9793300418042331,0.5843142502281913,0,0,0
6e6534fb75fa98a1,linucb-large-effect-pilot,combined-n06-p025,adaptive_db_lbt,5101,,,6,6,poisson,30,0.4,10,200,6e6534fb75fa98a1d01995d76a88ea57caa96ebc73003abb33ff344615b2b29d,20000,154719642,16093,3907,0.19535,0.2014926973525443,112959.93308873827,228537.0,0.9226236880370751,0.5068432951298731,4824,1822,0
727ca2c2dc582f71,linucb-large-effect-pilot,turnover-n04-p025-j05-l100,adaptive_db_lbt,5113,,,4,4,poisson,,0.0,5,100,727ca2c2dc582f7154f86c5d6e657653ada38a7ff4d1986032ab6690273e4e64,20000,182111123,16628,3372,0.1686,0.1769807877138839,85223.82900120337,606415.0,0.9595998273718952,0.336710205028593,3694,585,0
72ea46f66a12edcd,linucb-large-effect-pilot,turnover-n06-p025-j10-l200,tmc_db_lbt,5113,,,6,6,poisson,,0.0,10,200,72ea46f66a12edcd9272aa092fc51afc07e0c39808f687ed7437b126712fb045,20000,146502869,15060,4940,0.247,0.19926383830749417,114097.66360978203,888755.0,0.9176326757493088,0.3105488380189343,0,0,0
73a65d17dd51ff12,linucb-large-effect-pilot,turnover-n05-p025-j20-l400,tmc_db_lbt,5107,,,5,5,poisson,,0.0,20,400,73a65d17dd51ff126425ea52eda913d5e079ee7960a2579828ae5c4b3baa6e62,20000,155511092,15105,4895,0.24475,0.1883247337752602,100075.18489566082,138332.0,0.9290101089470684,0.5523694475741096,0,0,0
745cbdfcf30e01b1,linucb-large-effect-pilot,turnover-n04-p035-j10-l200,adaptive_db_lbt,5113,,,4,4,poisson,,0.0,10,200,745cbdfcf30e01b159af7e6a2aa3d56d9c557b6911d96aac0f7d513a290ffced,20000,125617771,16109,3891,0.19455,0.24857650117036387,59820.103471834045,116223.0,0.9635047174940213,0.6112409062214618,3693,1597,0
74957e7c95349d07,linucb-large-effect-pilot,combined-n05-p035,adaptive_db_lbt,5113,,,5,5,poisson,30,0.4,10,200,74957e7c95349d072c15bb67f130191dc332be9973162222011083f9cc38ef79,20000,112403794,16065,3935,0.19675,0.27682775547594063,67499.33615696045,130011.0,0.9475735726462449,0.6056056093740618,4297,2459,0
753509f55c9edc52,linucb-large-effect-pilot,combined-n03-p030,adaptive_db_lbt,5101,,,3,3,poisson,30,0.4,10,200,753509f55c9edc52f8105739df94cf3c81c090a1de4a221f5cae45a0e812ff7b,20000,166881662,16581,3419,0.17095,0.19246511938501668,58002.80983408748,122255.0,0.9808722402882599,0.6002049532244256,2994,658,0
75c72eda797a5db5,linucb-large-effect-pilot,turnover-n06-p035-j10-l200,tmc_db_lbt,5107,,,6,6,poisson,,0.0,10,200,75c72eda797a5db5c5cbcaff3ffdb8119f7ee04579b8c773514590ce196be8be,20000,101082054,15373,4627,0.23135,0.29483632178665464,76492.64689798841,264333.0,0.9339400697231168,0.5088659638365904,0,0,0
762097a3d10311f7,linucb-large-effect-pilot,combined-n04-p035,adaptive_db_lbt,5101,,,4,4,poisson,30,0.4,10,200,762097a3d10311f7b98b636f286bfa59e9604cedd9b40809346eafe9d01dc918,20000,124209978,16061,3939,0.19695,0.25067570658453864,59487.81044041612,118097.0,0.9602610372195639,0.6090100812680341,3694,1829,0
77f6ed7bae537125,linucb-large-effect-pilot,load-n04-p025,tmc_db_lbt,5113,,,4,4,poisson,,0.0,,,77f6ed7bae537125d2b538eeabddacd8e25fda0d1c35de71f6bb50fc6e18355a,20000,69072142,14015,5985,0.29925,0.392983049519443,37402.1718426501,116261.0,0.999471935082372,0.6451651615339382,0,0,0
78542959f01074f0,linucb-large-effect-pilot,combined-n03-p030,tmc_db_lbt,5113,,,3,3,poisson,30,0.4,10,200,78542959f01074f09bd7a941206ec25976331ea303619b367bcf7dc1c003e3d6,20000,154829621,15417,4583,0.22915,0.19294661323236076,57930.18765816624,126168.0,0.9787800726324517,0.5825093952882707,0,0,0
78c6adcfe2c1678e,linucb-large-effect-pilot,combined-n05-p035,adaptive_db_lbt,5107,,,5,5,poisson,30,0.4,10,200,78c6adcfe2c1678e84945706efb1673e8e154d0cd12fb0ff42dfa23306df0730,20000,113996666,16103,3897,0.19485,0.2737180050511302,68235.1529236314,130309.0,0.9511891863633063,0.6060505638048121,4295,2426,0
790d57dd70bb8bb3,linucb-large-effect-pilot,turnover-n05-p025-j10-l200,adaptive_db_lbt,5113,,,5,5,poisson,,0.0,10,200,790d57dd70bb8bb3af9e78cbac016998b5db4363248bc634ef49cc3fbc38386e,20000,163008912,16339,3661,0.18305,0.1942836475100208,97159.80690795518,182316.0,0.9424640529253594,0.54494273347846,4300,1194,0
793890ebedc36bbd,linucb-large-effect-pilot,turnover-n05-p035-j05-l100,adaptive_db_lbt,5107,,,5,5,poisson,,0.0,5,100,793890ebedc36bbdc9310404f1a99405e8009295401dcdac8ea61ab4cbb71e4e,20000,113315362,16039,3961,0.19805,0.27443249045085344,68444.66591802359,500472.0,0.949876173332722,0.35859038792785847,4299,1893,0
7a50625949dfecbb,linucb-large-effect-pilot,load-n03-p025,adaptive_db_lbt,5101,,,3,3,poisson,,0.0,,,7a50625949dfecbbb255f3b21cb63b9e488c9d713a2af81fb19e71d29d7c1f94,20000,110568511,16328,3672,0.1836,0.28615354149066907,38615.14906261487,120163.0,0.998732978785589,0.6356201734254193,3745,428,0
7b5d6f68e2916f26,linucb-large-effect-pilot,turnover-n06-p020-j10-l200,adaptive_db_lbt,5107,,,6,6,poisson,,0.0,10,200,7b5d6f68e2916f26273b5d9f24fa1368babcd6aaa48cbfccaa680b29a8877de4,20000,194697420,16505,3495,0.17475,0.16434619934871247,138926.49663493605,262424.0,0.9243294534242741,0.47758838425766226,4825,1023,0
7c4cec9b15c2e2bc,linucb-large-effect-pilot,turnover-n04-p020-j10-l200,adaptive_db_lbt,5113,,,4,4,poisson,,0.0,10,200,7c4cec9b15c2e2bc04153da28a77775b9357caaf5ad87c5c4cb7bc7938b16412,20000,227212072,17054,2946,0.1473,0.14545128130339835,103593.69423911769,194364.0,0.9631313015342686,0.536459860945889,3693,214,0
7d454798043f5ee2,linucb-large-effect-pilot,turnover-n04-p035-j05-l100,tmc_db_lbt,5107,,,4,4,poisson,,0.0,5,100,7d454798043f5ee29351e9e949bef9d218b3c0773e55e1d14115de6fe44d730d,20000,122429660,15019,4981,0.24905,0.23785423401486208,62956.49057357937,442390.0,0.960969269497086,0.37575200117064933,0,0,0
7e007e96315d5de0,linucb-large-effect-pilot,turnover-n04-p025-j10-l200,tmc_db_lbt,5113,,,4,4,poisson,,0.0,10,200,7e007e96315d5de00e08a9cc2b2011cb0da58516b5df0ec4025aeb557e06985a,20000,175136985,15544,4456,0.2228,0.17201492306151098,87443.96408341915,166083.0,0.956424698051955,0.5430578737044887,0,0,0
7e26a7607c2cdbb1,linucb-large-effect-pilot,turnover-n05-p035-j20-l400,adaptive_db_lbt,5113,,,5,5,poisson,,0.0,20,400,7e26a7607c2cdbb17f8c1bda7c2d31a80a59715dff60981bc7198104fd7e95aa,20000,115594873,16071,3929,0.19645,0.269484711488891,69356.01562791856,98011.0,0.9458402736214429,0.623988495036778,4303,2542,0
7e9c23b5b5f87abd,linucb-large-effect-pilot,turnover-n05-p025-j10-l200,tmc_db_lbt,5101,,,5,5,poisson,,0.0,10,200,7e9c23b5b5f87abd4a79061613eccb07ce7691e470c3c43416ed33d97900df43,20000,157442416,15193,4807,0.24035,0.18710663713392203,100853.05295396167,196121.0,0.9393913158860173,0.5179978176733132,0,0,0
7ef64c728bbea3b2,linucb-large-effect-pilot,combined-n04-p025,tmc_db_lbt,5107,,,4,4,poisson,30,0.4,10,200,7ef64c728bbea3b25e2edf6149cbcf2708b2ff74fbe6b44805969ffddcf54768,20000,171427998,15258,4742,0.2371,0.1724263734328858,87167.97803278688,172364.0,0.9619118591723513,0.5372617442017457,0,0,0
7efaca8dd025328d,linucb-large-effect-pilot,load-n04-p045,adaptive_db_lbt,5113,,,4,4,poisson,,0.0,,,7efaca8dd025328d77135d12cf36d37941abb27ba5d6f91cbe15085fe5f1865d,20000,42810676,15482,4518,0.2259,0.7009576770056142,20107.196910947394,60127.0,0.9973145050481586,0.8028643940179243,4991,1998,0
7fa261507405be8f,linucb-large-effect-pilot,combined-n06-p025,tmc_db_lbt,5107,,,6,6,poisson,30,0.4,10,200,7fa261507405be8fc831301aa0df61775146843a013a055704f369680cff21d0,20000,147501423,15150,4850,0.2425,0.19907576756056108,114012.47694543532,868955.0,0.9191973848050401,0.3121327174552004,0,0,0
7fe6a43d6e8503c5,linucb-large-effect-pilot,load-n06-p045,adaptive_db_lbt,5101,,,6,6,poisson,,0.0,,,7fe6a43d6e8503c588eb9220e96d145a2df3154ccaf4ca215ae742b610b4739e,20000,40046761,19914,86,0.0043,0.9635817238752468,22115.677469601043,22022.0,0.9990001488412547,0.9717709575721671,7478,1441,0
8198810ca59701ae,linucb-large-effect-pilot,combined-n06-p035,adaptive_db_lbt,5101,,,6,6,poisson,30,0.4,10,200,8198810ca59701ae7976869f1c6dc419cd83a82cd1ca889acb6ea64b5e2fcdc0,20000,104742261,16233,3767,0.18835,0.3002880470567654,74909.44769126442,162192.0,0.9391949645295512,0.5912788371954388,4822,2775,0
82f4e7186e0c83f9,linucb-large-effect-pilot,combined-n04-p030,adaptive_db_lbt,5113,,,4,4,poisson,30,0.4,10,200,82f4e7186e0c83f919a24e03c5d4f9816de02bfb8a01a24194928472eee3ab16,20000,148433327,16237,3763,0.18815,0.21204624753846554,70497.16014541869,140022.0,0.9570604138683863,0.5826500538022841,3696,1279,0
83f3276ae9f3167d,linucb-large-effect-pilot,combined-n06-p030,adaptive_db_lbt,5107,,,6,6,poisson,30,0.4,10,200,83f3276ae9f3167d327ab3e3a9e70179e66a265fb2d7cf55dd349ade664a81d7,20000,123991189,16064,3936,0.1968,0.25119930900896514,90221.44710939447,188011.0,0.9306311313669999,0.5527361467919883,4825,2464,0
8438a7994e0a6e49,linucb-large-effect-pilot,combined-n03-p025,tmc_db_lbt,5101,,,3,3,poisson,30,0.4,10,200,8438a7994e0a6e499c3e8de5a6095d39fec141cc0f81241424ad89a757acb839,20000,192108242,15809,4191,0.20955,0.1594130667230821,70485.09726001392,152011.0,0.9799572603552947,0.5593952756927922,0,0,0
8456fcc55c7c5a6f,linucb-large-effect-pilot,combined-n05-p030,tmc_db_lbt,5101,,,5,5,poisson,30,0.4,10,200,8456fcc55c7c5a6ffcda364f4be7fd6a3f14034e2e55c09967216d8d8678b0f6,20000,130386737,15153,4847,0.24235,0.2252660176625173,83447.05282969029,166448.0,0.9408052177500487,0.5504709118041886,0,0,0
851259bebf99ec05,linucb-large-effect-pilot,load-n05-p025,tmc_db_lbt,5101,,,5,5,poisson,,0.0,,,851259bebf99ec05dc7a76a5228eddc0eac9142494ccda6b5d3317b0779c8cbe,20000,54026252,13508,6492,0.3246,0.484355327850616,37954.70766039413,116261.0,0.9986641520678184,0.6690158266394781,0,0,0
861ba587a6710cf4,linucb-large-effect-pilot,turnover-n04-p030-j10-l200,tmc_db_lbt,5101,,,4,4,poisson,,0.0,10,200,861ba587a6710cf409786cc7f2da906fc011a1929129700ce3258db30ca3cc2d,20000,139891856,15207,4793,0.23965,0.21064573623213634,70923.53398249885,140154.0,0.9583937445964421,0.5696646602761928,0,0,0
867378de0d23b7b7,linucb-large-effect-pilot,load-n05-p035,tmc_db_lbt,5101,,,5,5,poisson,,0.0,,,867378de0d23b7b7708927ab4f7b30ec5e55ae59672c1faced8dee93db80d0f8,20000,42160459,14715,5285,0.26425,0.6761526244294447,26628.048894933698,80134.0,0.998680946367531,0.772126023598992,0,0,0
8703f92e22e92ea7,linucb-large-effect-pilot,turnover-n04-p025-j10-l200,adaptive_db_lbt,5107,,,4,4,poisson,,0.0,10,200,8703f92e22e92ea7b82d34ab7f68317e50e18015eda743eb19b2521b42f84297,20000,177097137,16571,3429,0.17145,0.18134225964364403,82918.97983457103,156297.0,0.9663525727049246,0.5688377774495228,3692,723,0
873ed136a0b335ee,linucb-large-effect-pilot,load-n04-p045,adaptive_db_lbt,5101,,,4,4,poisson,,0.0,,,873ed136a0b335ee6285d77f1675338cf2fdb78a74def8abf176f887db245340,20000,42720330,15473,4527,0.22635,0.7018674247132455,20072.931716779825,60083.0,0.9983799393518275,0.8034396213550243,4992,1973,0
87d955cc0f7f92ca,linucb-large-effect-pilot,combined-n05-p030,adaptive_db_lbt,5101,,,5,5,poisson,30,0.4,10,200,87d955cc0f7f92cacc9a21654252366bf2d895ee45c9cbee3d46c443123fc9e4,20000,135461705,16064,3936,0.1968,0.22985448175187223,81683.30422324654,154319.0,0.9462313188875576,0.5732826002131433,4296,1902,0
8a7c8de141b061c2,linucb-large-effect-pilot,turnover-n04-p020-j10-l200,adaptive_db_lbt,5107,,,4,4,poisson,,0.0,10,200,8a7c8de141b061c284cb1e72c17f51de24035b7823e34c4bb4a2562fdfa5c094,20000,233233673,17069,2931,0.14655,0.14178949623624887,106342.71648789637,200371.0,0.9658273999587532,0.5323207987316674,3692,225,0
8a8c8148645db2c3,linucb-large-effect-pilot,turnover-n04-p020-j10-l200,tmc_db_lbt,5113,,,4,4,poisson,,0.0,10,200,8a8c8148645db2c3ffd9dc079f8724149312ef5838c9d721d552731ff482940f,20000,218684434,15925,4075,0.20375,0.1411756631932934,106830.9893824213,200342.0,0.9581098560542205,0.515263006415838,0,0,0
8ae7426d9f4e289f,linucb-large-effect-pilot,load-n05-p035,adaptive_db_lbt,5107,,,5,5,poisson,,0.0,,,8ae7426d9f4e289f537973b3b5193d6345aa1511a389e5ade5d1e1c10cc6cb55,20000,43390417,14980,5020,0.251,0.6692575229226306,26954.80100200401,80198.0,0.9980918691277862,0.7729011306834723,6238,2899,0
8bc51d3205aec907,linucb-large-effect-pilot,combined-n05-p020,tmc_db_lbt,5101,,,5,5,poisson,30,0.4,10,200,8bc51d3205aec907e5dc3438357b8f865461216cd150de9703c74400cae72ffc,20000,199820636,15369,4631,0.23155,0.14902030939387062,127474.919395794,248521.0,0.9267587177313334,0.46835817570840144,0,0,0
8be2d54322ebdd0d,linucb-large-effect-pilot,turnover-n05-p030-j10-l200,adaptive_db_lbt,5101,,,5,5,poisson,,0.0,10,200,8be2d54322ebdd0d8157b6ae0b9eaa7c5091dab4502a02ee633628bfeb7d923b,20000,134685010,16086,3914,0.1957,0.23149170794879104,81107.83963672555,150308.0,0.9420235519872475,0.5753747533120128,4294,1743,0
8d5bcea11d22796e,linucb-large-effect-pilot,combined-n06-p020,tmc_db_lbt,5107,,,6,6,poisson,30,0.4,10,200,8d5bcea11d22796e1bfc198c5a125c94c2ff58e561fed3c976a28c85d0bcf637,20000,182081970,15205,4795,0.23975,0.16184247127818313,140982.68169551768,1046983.0,0.9153204396720244,0.29911680365006915,0,0,0
8db7fea2f66eec78,linucb-large-effect-pilot,combined-n03-p035,tmc_db_lbt,5113,,,3,3,poisson,30,0.4,10,200,8db7fea2f66eec787b42f1fa0d71e60ff5436da95f97d01b5662bc43ccfc4b89,20000,135404493,15209,4791,0.23955,0.2176076609215619,51140.40991909491,110195.0,0.9787671152739821,0.5987740920651814,0,0,0
8e12c060571d016b,linucb-large-effect-pilot,turnover-n04-p025-j10-l200,tmc_db_lbt,5107,,,4,4,poisson,,0.0,10,200,8e12c060571d016b2fef415f62ab2dd10041d9f390c2f4e2bb080f03d426d00d,20000,169045250,15469,4531,0.22655,0.17743238570737715,84623.21900265184,164288.0,0.9623759799243314,0.5471066218772362,0,0,0
8e4583fe0d15ea43,linucb-large-effect-pilot,turnover-n04-p035-j20-l400,tmc_db_lbt,5101,,,4,4,poisson,,0.0,20,400,8e4583fe0d15ea43d4c18a779cc8cd4064a8a5f9e28b2beee33015a5987688c6,20000,119448398,15077,4923,0.24615,0.2446108737264103,60182.853274935296,94207.0,0.9600247628561149,0.6105363788608417,0,0,0
8ef07489bf344772,linucb-large-effect-pilot,load-n03-p035,tmc_db_lbt,5101,,,3,3,poisson,,0.0,,,8ef07489bf344772acad5221ad1f6ac2ca66db2040b4d00e5c10f11361315f00,20000,66984074,14051,5949,0.29745,0.4065153307934062,26600.07853328587,84164.0,0.9982120393458197,0.6711039567130753,0,0,0
8ef82c5c828df403,linucb-large-effect-pilot,combined-n05-p035,tmc_db_lbt,5107,,,5,5,poisson,30,0.4,10,200,8ef82c5c828df403fc83e0de8583aeccd9497a6d3aec06b2f4ae1a491365265b,20000,110314757,15412,4588,0.2294,0.27080608988695865,69072.39800025971,142237.0,0.9456697891392258,0.5866506263420614,0,0,0
8f34072b26437a7b,linucb-large-effect-pilot,load-n04-p015,adaptive_db_lbt,5107,,,4,4,poisson,,0.0,,,8f34072b26437a7b8d83c327bf7751e5dd68b8e0fbe11a4674001b6d14136437,20000,137922105,16716,3284,0.1642,0.2347743242462838,63984.90986353842,194248.0,0.9989287533558715,0.5740190258673851,4991,292,0
8fd56cb6847b4bd3,linucb-large-effect-pilot,load-n04-p035,tmc_db_lbt,5107,,,4,4,poisson,,0.0,,,8fd56cb6847b4bd305575c5d0784f11a04067f0aa8606248d8baa42103320f10,20000,48481114,13856,6144,0.3072,0.5538152856801104,25988.47667533218,80209.0,0.9986416850491906,0.7205463235764337,0,0,0
90033b9cb392c6e1,linucb-large-effect-pilot,turnover-n03-p030-j10-l200,adaptive_db_lbt,5113,,,3,3,poisson,,0.0,10,200,90033b9cb392c6e1f179c5758a523a4fca57174d7243f62e65527e77bb612202,20000,168294066,16737,3263,0.16315,0.19277035590785477,58049.19401111709,120147.0,0.9814289885479153,0.60384761481859,2996,546,0
905a4c3f75c85e6a,linucb-large-effect-pilot,turnover-n04-p035-j05-l100,adaptive_db_lbt,5101,,,4,4,poisson,,0.0,5,100,905a4c3f75c85e6aea41aa9c97c7a66381fd65b9e7735f545af0a4bfad42ecc9,20000,123957215,16176,3824,0.1912,0.2528796569041988,59031.280677882234,424410.0,0.9679067094199885,0.4095221221080624,3695,1281,0
9269cf4afe6aa35f,linucb-large-effect-pilot,load-n03-p035,adaptive_db_lbt,5113,,,3,3,poisson,,0.0,,,9269cf4afe6aa35f3a6c7a1092833252709e501b1a3750076ea06800d76fae57,20000,75509371,15677,4323,0.21615,0.4022804666191697,26888.121306872566,86106.0,0.9988825645877759,0.688946177068982,3745,1716,0
937e100675d9fdf2,linucb-large-effect-pilot,load-n05-p045,adaptive_db_lbt,5101,,,5,5,poisson,,0.0,,,937e100675d9fdf202fad93b6cc60b525b7363532d095c64cc62d51d8d29db2a,20000,40050438,17854,2146,0.1073,0.8639397152160982,20424.215926922214,38044.0,0.9980134772215354,0.9017967308125445,6237,1076,0
940639de77793ea7,linucb-large-effect-pilot,combined-n04-p020,tmc_db_lbt,5113,,,4,4,poisson,30,0.4,10,200,940639de77793ea71a377df09609e2f9d062194c16d7a62595c6b82cad65365f,20000,217031256,15738,4262,0.2131,0.14051734096769913,107353.06980292435,208331.0,0.9597458314326578,0.507925390800119,0,0,0
96bef2828035e64a,linucb-large-effect-pilot,combined-n05-p030,adaptive_db_lbt,5113,,,5,5,poisson,30,0.4,10,200,96bef2828035e64a7e18c8a62ad2f2dbe107f1bcf4d7317cceeee634323668aa,20000,136544010,16000,4000,0.2,0.2271317137968923,82797.50200125079,152270.0,0.9391158059475074,0.5705691732481332,4298,1914,0
991807bc2123327b,linucb-large-effect-pilot,turnover-n04-p025-j10-l200,adaptive_db_lbt,5101,,,4,4,poisson,,0.0,10,200,991807bc2123327b88998bf6030a52ba6e42c2ee2f27e4d476fcdfffa28add64,20000,176824900,16617,3383,0.16915,0.182168026109445,82511.83924378348,162066.0,0.9645168207978065,0.5652301156357504,3693,612,0
9941c7f15c71f7d2,linucb-large-effect-pilot,turnover-n06-p020-j10-l200,adaptive_db_lbt,5101,,,6,6,poisson,,0.0,10,200,9941c7f15c71f7d295d034efdb4b5373db1650879c299ff0c02e00de97060507,20000,197635246,16453,3547,0.17735,0.1613590371425955,141327.20254242443,262562.0,0.923814212448749,0.475678916530448,4823,983,0
9a0f7e2ae900948b,linucb-large-effect-pilot,turnover-n05-p025-j20-l400,adaptive_db_lbt,5113,,,5,5,poisson,,0.0,20,400,9a0f7e2ae900948b99a95e089dfcc7387aefcc33e6a1dde34c006140ae24c551,20000,164274777,16376,3624,0.1812,0.19323177653742912,97315.99890015887,136246.0,0.941585990999834,0.5754752558457544,4302,1406,0
9a43b969e199a189,linucb-large-effect-pilot,turnover-n04-p030-j10-l200,adaptive_db_lbt,5101,,,4,4,poisson,,0.0,10,200,9a43b969e199a18910e14393a5d99745fd1ad2f88ee8114fac4d0eeaa54f2ff6,20000,148628701,16233,3767,0.18835,0.21162878224980247,70502.28942989215,132296.0,0.962077348752464,0.5892838770007556,3694,1149,0
9acb825bfaf07742,linucb-large-effect-pilot,combined-n03-p035,tmc_db_lbt,5101,,,3,3,poisson,30,0.4,10,200,9acb825bfaf07742b946c7f1cf092e43b82451bfa2e3f1c411abd7776cd2109c,20000,132389496,15326,4674,0.2337,0.22431140609523886,49487.80554830287,110213.0,0.9759661494559542,0.6015255185170644,0,0,0
9afb654011e3dcc9,linucb-large-effect-pilot,load-n04-p025,tmc_db_lbt,5101,,,4,4,poisson,,0.0,,,9afb654011e3dcc983dead95245e8e1629c5efa1f6ee60f8473eeae9b1247015,20000,69856760,14019,5981,0.29905,0.3890638357690795,37797.01677253586,118261.0,0.9979565652522366,0.6420703003404389,0,0,0
9bdcff07845a8911,linucb-large-effect-pilot,turnover-n04-p020-j10-l200,tmc_db_lbt,5107,,,4,4,poisson,,0.0,10,200,9bdcff07845a89118cec13f97ff75bfcf4627821577946280fa6121e8a2327af,20000,223878405,15954,4046,0.2023,0.1381163225635809,109250.01611689452,212383.0,0.959944792370749,0.5071900383114433,0,0,0
9c51ad137c7e8d38,linucb-large-effect-pilot,turnover-n03-p030-j10-l200,adaptive_db_lbt,5101,,,3,3,poisson,,0.0,10,200,9c51ad137c7e8d3890a4f09b9fb29078c4349eb1c782d749cab8ec96455c5a94,20000,166824240,16716,3284,0.1642,0.19420199366710736,57438.28180730102,122187.0,0.982660704644594,0.6031128994372338,2995,491,0
9cc2843bd3978d59,linucb-large-effect-pilot,turnover-n05-p035-j05-l100,adaptive_db_lbt,5113,,,5,5,poisson,,0.0,5,100,9cc2843bd3978d59123a173ad3de8c55347e0270c999d86fd6176312f01dd617,20000,113856858,16005,3995,0.19975,0.27234280433067987,68928.67671147233,506489.0,0.9504669073472298,0.3576657372259699,4299,1782,0
9cf4a05e5a942bc1,linucb-large-effect-pilot,load-n06-p015,adaptive_db_lbt,5101,,,6,6,poisson,,0.0,,,9cf4a05e5a942bc131505b83324da6e898211ad059cd47aa1cd3b24843e31dcf,20000,89633366,15708,4292,0.2146,0.3394656405071299,66425.84308103975,202345.0,0.9989689195146422,0.5909315200072573,7473,1179,0
9d56d78d7698eb54,linucb-large-effect-pilot,load-n06-p025,adaptive_db_lbt,5113,,,6,6,poisson,,0.0,,,9d56d78d7698eb540a92ea47b540f787dbbe023e128d93e0ace27315543175a6,20000,48441567,14594,5406,0.2703,0.5836703630995257,37803.798450144015,114324.0,0.9985575834939849,0.7169516488645036,7480,4057,0
9e01d9d1ff5da1df,linucb-large-effect-pilot,combined-n03-p035,adaptive_db_lbt,5107,,,3,3,poisson,30,0.4,10,200,9e01d9d1ff5da1df2092148d1eb76229cfe56846b7a28ea029ddda537511ef08,20000,140057257,16295,3705,0.18525,0.22560875942329786,49306.65866535699,104250.0,0.9826332949035822,0.6202681847756267,2995,1174,0
9e50bdd91a016351,linucb-large-effect-pilot,load-n06-p035,tmc_db_lbt,5101,,,6,6,poisson,,0.0,,,9e50bdd91a016351eacac0f6af6f2db4bf76d0ceb7b89a74a52e258a4b64dfd8,20000,40050977,16990,3010,0.1505,0.8218596515136197,26278.04158322535,62063.0,0.9985342469608579,0.8611309661581592,0,0,0
9faa4231c90efdf5,linucb-large-effect-pilot,load-n05-p015,tmc_db_lbt,5101,,,5,5,poisson,,0.0,,,9faa4231c90efdf51322dd8f278a17dc371b1641534a6ca1bc94881828b7f258,20000,98502900,14732,5268,0.2634,0.28986226801444426,64841.97147126749,200297.0,0.9982570259412018,0.5633250979852155,0,0,0
a2343422476d3500,linucb-large-effect-pilot,turnover-n05-p035-j20-l400,tmc_db_lbt,5113,,,5,5,poisson,,0.0,20,400,a2343422476d3500531f507f1db938fc16b90e4b7fd9187c75a16984e80ce146,20000,111634355,15214,4786,0.2393,0.2640130540459521,70777.14167324388,100182.0,0.9414398446844842,0.6085379662434787,0,0,0
a2b766b8d0cd51b4,linucb-large-effect-pilot,load-n06-p015,tmc_db_lbt,5113,,,6,6,poisson,,0.0,,,a2b766b8d0cd51b45f2cb18813b711bbbd8e2bf3e20b1d4de97740efcf51f239,20000,77944252,14022,5978,0.2989,0.34866500482934903,64652.092005710205,198319.0,0.9985342706040553,0.5754620918111347,0,0,0
a3240f555f7445a5,linucb-large-effect-pilot,turnover-n03-p020-j10-l200,tmc_db_lbt,5113,,,3,3,poisson,,0.0,10,200,a3240f555f7445a59fafb9fc9cb529b94e43463f032f85f10aa42513e23a6ad3,20000,248457268,16484,3516,0.1758,0.12853206612575327,87948.78844519967,192257.0,0.979791566532033,0.5306532108859288,0,0,0
a34f2216bcb20e71,linucb-large-effect-pilot,turnover-n05-p030-j10-l200,adaptive_db_lbt,5107,,,5,5,poisson,,0.0,10,200,a34f2216bcb20e71519897dc5279e20071a620d4b1470384ab7bbb435be34447,20000,136961867,16151,3849,0.19245,0.2284043265852969,82199.1345641534,154196.0,0.9428407520183015,0.5728385262011995,4299,1616,0
a4457c59e44b829d,linucb-large-effect-pilot,combined-n03-p020,tmc_db_lbt,5101,,,3,3,poisson,30,0.4,10,200,a4457c59e44b829d5bc1fa1ddf6e53a03b762ec279b4ae37f06f8c3a9608511a,20000,251148552,16355,3645,0.18225,0.12620180266856565,89483.37268334454,190329.0,0.9825405172503614,0.5304656066396424,0,0,0
a56c2d3385579e14,linucb-large-effect-pilot,load-n04-p035,tmc_db_lbt,5101,,,4,4,poisson,,0.0,,,a56c2d3385579e1439d3982701d55ce865a9024b94b89ec83120ee4878437b4a,20000,49687195,13797,6203,0.31015,0.5378381291195851,26793.862281528756,84202.0,0.9991368766918579,0.7119861686038144,0,0,0
a5efe7f258132db9,linucb-large-effect-pilot,load-n06-p035,tmc_db_lbt,5107,,,6,6,poisson,,0.0,,,a5efe7f258132db91f1f007fb1d8e46e0d333844bc6736996b74aa2c8e0a1908,20000,40081355,16979,3021,0.15105,0.8210426768256712,26304.423410149113,62063.0,0.9981632893287307,0.860597488718134,0,0,0
a651355440834257,linucb-large-effect-pilot,load-n04-p045,tmc_db_lbt,5107,,,4,4,poisson,,0.0,,,a6513554408342574fb297e1cc7b6f41bcd28b6cb317e1bad1a3c5fdb4fd33d2,20000,41788996,15274,4726,0.2363,0.7085428661650546,19875.6243285733,62093.0,0.9985907351673995,0.8019075337774847,0,0,0
a9eca5827c8794dc,linucb-large-effect-pilot,turnover-n05-p025-j05-l100,tmc_db_lbt,5113,,,5,5,poisson,,0.0,5,100,a9eca5827c8794dc025cbd3b5e70ea3a1b870e8ca697eff318c4eb01005bdb2e,20000,155882506,15163,4837,0.24185,0.18856210202317378,100504.22840361645,742504.0,0.9346939485931024,0.31395618353875865,0,0,0
aaba9ab39e298279,linucb-large-effect-pilot,turnover-n06-p020-j10-l200,tmc_db_lbt,5113,,,6,6,poisson,,0.0,10,200,aaba9ab39e2982796900096cf3787302b6ce25906ff4e63021bc9107442273c1,20000,194346598,15405,4595,0.22975,0.1536067536412446,148700.4201260313,402644.0,0.9128876348390894,0.36296462949344466,0,0,0
ab815144c56a3a4c,linucb-large-effect-pilot,load-n04-p035,adaptive_db_lbt,5107,,,4,4,poisson,,0.0,,,ab815144c56a3a4c29845bf5d6eac321e06eeed1c97f6dab57158e48dd3c0ad4,20000,52177320,14918,5082,0.2541,0.5536323828054028,25973.702615694165,80201.0,0.9986494843435079,0.7337682890496369,4992,3216,0
abf2ef801cf6f23c,linucb-large-effect-pilot,turnover-n05-p035-j10-l200,adaptive_db_lbt,5107,,,5,5,poisson,,0.0,10,200,abf2ef801cf6f23c754dafba14d4679c7ae353ad87f7b7d0e52a4bb41c85f1cb,20000,112926396,16090,3910,0.1955,0.2762739545854275,67739.89048507463,132011.0,0.9394981593924489,0.6017083713259589,4299,2328,0
ad6ebe78f364674a,linucb-large-effect-pilot,combined-n04-p030,tmc_db_lbt,5113,,,4,4,poisson,30,0.4,10,200,ad6ebe78f364674a2fecec78a8afb89a5621a1b2c280a27153df55611c715bc6,20000,139901458,14994,5006,0.2503,0.2078051609726612,71923.49119177899,144333.0,0.9537907139386583,0.5617349583037731,0,0,0
ae4763e738e502a2,linucb-large-effect-pilot,turnover-n04-p025-j20-l400,tmc_db_lbt,5113,,,4,4,poisson,,0.0,20,400,ae4763e738e502a22f8f114e8d39d9fb5e38fe386d6b96aff0ffc41a6373ecb8,20000,174915254,15422,4578,0.2289,0.17085776292558225,87311.2575580641,134133.0,0.9607739080057651,0.5638968903104491,0,0,0
aebdee445e5c7e78,linucb-large-effect-pilot,load-n06-p045,tmc_db_lbt,5113,,,6,6,poisson,,0.0,,,aebdee445e5c7e7835ff3f458ada291f133bbafbf540670babc0293eba7b5ad5,20000,40046735,19926,74,0.0037,0.9642454996643297,22104.1535100934,22022.0,0.9989839377989518,0.9721368124877605,0,0,0
b00a5b68fec2de19,linucb-large-effect-pilot,turnover-n04-p025-j20-l400,adaptive_db_lbt,5113,,,4,4,poisson,,0.0,20,400,b00a5b68fec2de19c164917a04a307abc3a5962a1635e34f02fedc5aa5b10dad,20000,183172412,16572,3428,0.1714,0.17527030216755568,85166.67531997102,132298.0,0.966125575721466,0.5827499592963405,3694,841,0
b0364c132c1baec2,linucb-large-effect-pilot,turnover-n05-p025-j20-l400,tmc_db_lbt,5113,,,5,5,poisson,,0.0,20,400,b0364c132c1baec2bf84e7dc89b7378b246cce7d08f08c70ba2c40a02b1bab03,20000,154551788,15198,4802,0.2401,0.19066807560971083,98601.06873847774,138185.0,0.937182739262227,0.5571352716239792,0,0,0
b40e6dd0c8e5e49d,linucb-large-effect-pilot,combined-n04-p030,adaptive_db_lbt,5101,,,4,4,poisson,30,0.4,10,200,b40e6dd0c8e5e49de36be4e4e94a3dc133d9c38c44a20d7e510e4d0a4a9c7793,20000,148929580,16252,3748,0.1874,0.2114160330002945,70665.49864565377,138055.0,0.9626486394828595,0.5858015574943847,3697,1267,0
b4cd78fcf66909fb,linucb-large-effect-pilot,turnover-n04-p035-j05-l100,adaptive_db_lbt,5107,,,4,4,poisson,,0.0,5,100,b4cd78fcf66909fb4e45e7400a64be15d6fcf6d89566c1ed982ff6c64a483b31,20000,127329805,16085,3915,0.19575,0.24481918432216243,61147.32213721465,438485.0,0.9645957370655017,0.39521080712922135,3692,1229,0
b4f851da85c1693b,linucb-large-effect-pilot,turnover-n04-p035-j10-l200,tmc_db_lbt,5101,,,4,4,poisson,,0.0,10,200,b4f851da85c1693bfa719edce1e06abf75ba9b6356ef311feee53cdb13d15693,20000,118401141,15060,4940,0.247,0.2464882411901757,60303.96419080521,124078.0,0.9573612512979989,0.5901478308293915,0,0,0
b51e5003f2edaf4c,linucb-large-effect-pilot,turnover-n05-p035-j10-l200,adaptive_db_lbt,5101,,,5,5,poisson,,0.0,10,200,b51e5003f2edaf4cb66e3f8c8980cf7c5a137f91ec77a9a4a01f6450ab948a4f,20000,113063110,16015,3985,0.19925,0.27447579497857433,68096.5269603249,132055.0,0.9467779087771672,0.6025687345852472,4298,2241,0
b70246a9b22a8757,linucb-large-effect-pilot,combined-n04-p025,adaptive_db_lbt,5107,,,4,4,poisson,30,0.4,10,200,b70246a9b22a8757c7486e84ef438dfa657bc6c9ede3b3246a779f0f186cfd0d,20000,182544616,16533,3467,0.17335,0.17551930427791965,85644.68665658093,164264.0,0.9657551776481129,0.5609113273086775,3693,811,0
b7740c1fd1fc3827,linucb-large-effect-pilot,load-n05-p025,adaptive_db_lbt,5107,,,5,5,poisson,,0.0,,,b7740c1fd1fc382798937f73b577290cd41e10e3075109c9ed41b6645415cf38,20000,60185055,14982,5018,0.2509,0.4827042028955527,38132.82013091104,118236.0,0.9974089802381549,0.6851553943779025,6234,2883,0
b97d6216fc7cb7a5,linucb-large-effect-pilot,turnover-n03-p030-j10-l200,tmc_db_lbt,5113,,,3,3,poisson,,0.0,10,200,b97d6216fc7cb7a515797d25c89c4ae824cc90e0052b3ba69d66522d94f6dd4c,20000,156389780,15541,4459,0.22295,0.19251960709964552,58030.85709687802,122214.0,0.9811706293420399,0.5873499121472284,0,0,0
ba35a581014b4e7a,linucb-large-effect-pilot,combined-n05-p035,adaptive_db_lbt,5101,,,5,5,poisson,30,0.4,10,200,ba35a581014b4e7ac6fe5ad7a926751717ddef97d8d426f9db1cc28b0d1e70ba,20000,114435668,16108,3892,0.1946,0.2728933167935018,68657.86985960988,130309.0,0.9461351768169076,0.6041534978701366,4298,2434,0
ba388a0ef92fcbb9,linucb-large-effect-pilot,turnover-n05-p020-j10-l200,tmc_db_lbt,5113,,,5,5,poisson,,0.0,10,200,ba388a0ef92fcbb93a98b41078cf7844f9928f4f4d9bc172658318aac9e450dc,20000,201948082,15556,4444,0.2222,0.14936922253116522,127001.14749774862,246275.0,0.9404146168071089,0.4768612797794247,0,0,0
bab2ec0b881a801e,linucb-large-effect-pilot,load-n03-p045,adaptive_db_lbt,5113,,,3,3,poisson,,0.0,,,bab2ec0b881a801e80e757dc3964563d09a690d133700e8dac44ae9081957765,20000,56728473,15204,4796,0.2398,0.5190675060123687,20382.441900250033,64119.0,0.9992180192204446,0.7367325084109377,3746,2476,0
badb114d88052c8e,linucb-large-effect-pilot,turnover-n04-p035-j05-l100,tmc_db_lbt,5113,,,4,4,poisson,,0.0,5,100,badb114d88052c8e0bbd225976938ec8e93df252ecca227a2dd843ec75cf903b,20000,119991568,15028,4972,0.2486,0.24271971343853094,61626.15532623169,440443.0,0.959630755464155,0.37833815630089535,0,0,0
bcbf36b5c64c3e47,linucb-large-effect-pilot,load-n05-p015,adaptive_db_lbt,5101,,,5,5,poisson,,0.0,,,bcbf36b5c64c3e4730cced452fea275484a0a66e8956d0721c895930ff9e67b1,20000,107535974,16093,3907,0.19535,0.2900415818059173,64780.69974507244,200204.0,0.9983013152200713,0.5804741323419962,6232,654,0
bde61467d8f776bc,linucb-large-effect-pilot,combined-n05-p025,adaptive_db_lbt,5107,,,5,5,poisson,30,0.4,10,200,bde61467d8f776bcd6bc2838cafe8209c975eb32f7754c9a8db500c6f8343a39,20000,166013750,16212,3788,0.1894,0.18918416095052368,99903.8847055919,182399.0,0.9460323440078791,0.5427895016528009,4293,1276,0
bf1c7d803665ffd2,linucb-large-effect-pilot,load-n03-p015,tmc_db_lbt,5107,,,3,3,poisson,,0.0,,,bf1c7d803665ffd2010092383bad38780c9d41104238de74def0a3b781e5c8e6,20000,178809058,16341,3659,0.18295,0.17709777320117642,63630.075726966636,194152.0,0.9984120884683679,0.5499977872231815,0,0,0
bf204bf178664358,linucb-large-effect-pilot,combined-n05-p025,tmc_db_lbt,5113,,,5,5,poisson,30,0.4,10,200,bf204bf17866435805c85ae0bc33ff7b663653f32d5b49113247233a10037531,20000,158795226,15015,4985,0.24925,0.18316825217402946,103113.33448850384,208283.0,0.9408523064005482,0.5068390195248592,0,0,0
bfa2e91019f51d63,linucb-large-effect-pilot,turnover-n04-p020-j10-l200,adaptive_db_lbt,5101,,,4,4,poisson,,0.0,10,200,bfa2e91019f51d63394be2fdc249902c919ab4f19c52fd53a194f80c3b172873,20000,223636082,17006,2994,0.1497,0.14737180022676305,102427.26873749853,196378.0,0.9620283269311833,0.5347897090526488,3696,258,0
bfb678318513c600,linucb-large-effect-pilot,combined-n03-p030,tmc_db_lbt,5107,,,3,3,poisson,30,0.4,10,200,bfb678318513c6000b99cbb4412669c2fd84d72b860e58fe5a6c562e752e761b,20000,161261325,15494,4506,0.2253,0.1861838416619732,60101.39830836777,126270.0,0.9828265316471099,0.5824984577696944,0,0,0
c128dba33701ce5e,linucb-large-effect-pilot,combined-n04-p030,tmc_db_lbt,5101,,,4,4,poisson,30,0.4,10,200,c128dba33701ce5e51fa28c547d0242cb1c62e528a715662ae9b51f03f152456,20000,141069239,15157,4843,0.24215,0.20813034229241145,71756.53138821044,142278.0,0.9589159694152705,0.5669592705692272,0,0,0
c1d36108e7cb51d7,linucb-large-effect-pilot,turnover-n06-p030-j10-l200,adaptive_db_lbt,5101,,,6,6,poisson,,0.0,10,200,c1d36108e7cb51d7f278ce7d15222430d9d8b3d1b7a5d8a8b975cbf8274e4dc6,20000,124252620,16020,3980,0.199,0.24992404989126185,90678.86275612193,200321.0,0.923017852443744,0.5410166341116687,4821,2290,0
c20e4a4d3463a777,linucb-large-effect-pilot,turnover-n04-p035-j20-l400,adaptive_db_lbt,5107,,,4,4,poisson,,0.0,20,400,c20e4a4d3463a777f1308980286c69b1ad59474395fbf34c3d2151c70b77cc23,20000,125468885,16116,3884,0.1942,0.24890418050658536,59121.128197169106,96097.0,0.9653638311595643,0.6254746705553833,3691,1912,0
c2202e7d246fb65b,linucb-large-effect-pilot,combined-n06-p030,tmc_db_lbt,5113,,,6,6,poisson,30,0.4,10,200,c2202e7d246fb65b1922345cc7999b5458d000dd7bdff5d7f5ca622598ccb1bf,20000,120197540,15358,4642,0.2321,0.24761961850467157,91422.45816499414,560932.0,0.9299934073198981,0.33451267527485656,0,0,0
c231ce821dcbdd8f,linucb-large-effect-pilot,load-n05-p045,tmc_db_lbt,5107,,,5,5,poisson,,0.0,,,c231ce821dcbdd8f79817dc191b77fe2dfd7bfd2037e60245df2eb7708b80722,20000,40052069,17878,2122,0.1061,0.8652741010707836,20389.5108573987,46055.0,0.997198812364889,0.8969293044785576,0,0,0
c268dd3e09fb1779,linucb-large-effect-pilot,turnover-n03-p025-j10-l200,adaptive_db_lbt,5113,,,3,3,poisson,,0.0,10,200,c268dd3e09fb1779af460614e419037f4dee643c587edc89842452f3e9821fda,20000,207012000,17182,2818,0.1409,0.1608493372364887,69895.23515370284,146261.0,0.984186538693936,0.5822796253101417,2994,158,0
c35f28946321aed6,linucb-large-effect-pilot,combined-n06-p020,adaptive_db_lbt,5107,,,6,6,poisson,30,0.4,10,200,c35f28946321aed60a71e4d422c1f3a9e73921b46c6765fc21776655789292d2,20000,193270929,16337,3663,0.18315,0.16377696927197985,139289.4121898928,282522.0,0.919877056956601,0.4604158420761937,4823,1157,0
c433b563f8018515,linucb-large-effect-pilot,combined-n06-p030,tmc_db_lbt,5101,,,6,6,poisson,30,0.4,10,200,c433b563f8018515dfdeff38407985e747d98f3680212f41ab729ba969bdf1ff,20000,120538720,15213,4787,0.23935,0.24453966327168564,92630.7077165976,660703.0,0.9263683112433274,0.33046515817167105,0,0,0
c4f2fcef8a5a4edd,linucb-large-effect-pilot,turnover-n06-p025-j10-l200,adaptive_db_lbt,5101,,,6,6,poisson,,0.0,10,200,c4f2fcef8a5a4eddfa4f8d6357e489ff50242f4b84e6d9a0599bb1ef946ecfe9,20000,156159005,16215,3785,0.18925,0.201185580043879,112852.11744738629,224436.0,0.9271779321743838,0.5125180040727544,4825,1659,0
c6b90c78f9b2fb7e,linucb-large-effect-pilot,combined-n04-p030,tmc_db_lbt,5107,,,4,4,poisson,30,0.4,10,200,c6b90c78f9b2fb7e9c180c18c964a52ecae365b301be9df352914b10692a7448,20000,140176946,14966,5034,0.2517,0.2069378013129206,72143.7104559433,140011.0,0.9602214495220014,0.5661207502783073,0,0,0
c6cba8bcb0ac6c69,linucb-large-effect-pilot,turnover-n03-p020-j10-l200,tmc_db_lbt,5101,,,3,3,poisson,,0.0,10,200,c6cba8bcb0ac6c69395a752a82b977e062784733c8da5d3469adbfc6fd694968,20000,248689341,16584,3416,0.1708,0.12928009246685004,87385.84177826035,190088.0,0.9813028321829094,0.5341023082165864,0,0,0
c6cf8010010a2b0f,linucb-large-effect-pilot,load-n03-p015,adaptive_db_lbt,5101,,,3,3,poisson,,0.0,,,c6cf8010010a2b0f7307a933d2f2372ba95d91ffa44a637e93fe3515a4780706,20000,196958992,17524,2476,0.1238,0.17234563223191152,65398.39456558968,200121.0,0.9994406446097815,0.559564758947231,3743,24,0
c6d08cf7a35eb835,linucb-large-effect-pilot,combined-n03-p030,adaptive_db_lbt,5113,,,3,3,poisson,30,0.4,10,200,c6d08cf7a35eb8355352f9dbdf8ca3466885c289ad771143b2be6f68ab907eb2,20000,163597700,16510,3490,0.1745,0.19552970487971408,57133.933410082405,124208.0,0.9828738897802937,0.5997041982200025,2994,729,0
c6fd5cbdbe96db63,linucb-large-effect-pilot,turnover-n06-p020-j10-l200,adaptive_db_lbt,5113,,,6,6,poisson,,0.0,10,200,c6fd5cbdbe96db63827d0e67397bc759d3c36d47ac72761646f91f24857614b6,20000,199733409,16517,3483,0.17415,0.16031700535387147,142477.8090881551,264477.0,0.9277923213649487,0.4761809422396067,4826,996,0
c78d86270606e643,linucb-large-effect-pilot,turnover-n04-p035-j20-l400,adaptive_db_lbt,5101,,,4,4,poisson,,0.0,20,400,c78d86270606e643ac5585a03d1a0987dcb2908ac8736231d1dcb1dd5b865ce4,20000,125569119,16109,3891,0.19455,0.24865134237343817,59296.500838457236,92227.0,0.9634717400647611,0.6272521941460665,3697,1881,0
c794cd4673b54023,linucb-large-effect-pilot,combined-n04-p035,adaptive_db_lbt,5113,,,4,4,poisson,30,0.4,10,200,c794cd4673b5402342e198be616f4a34a0f3d29dbea320a2f762ba8f3032325f,20000,124109826,16060,3940,0.197,0.25065819526650535,59350.25928233242,118110.0,0.9630077792770102,0.6098986581811718,3693,1880,0
c80a3d919510b299,linucb-large-effect-pilot,combined-n04-p035,tmc_db_lbt,5113,,,4,4,poisson,30,0.4,10,200,c80a3d919510b29922c3254eae34b220d8e960c647a8755b06e1455dec72d44b,20000,120769294,15185,4815,0.24075,0.24361971512394534,61104.83514528563,118282.0,0.9561382732794799,0.5942104961344752,0,0,0
c8736faa6df40cd0,linucb-large-effect-pilot,combined-n04-p020,adaptive_db_lbt,5101,,,4,4,poisson,30,0.4,10,200,c8736faa6df40cd047f3ce882441f13f87c04c5892a055f01ce891d2276533f6,20000,230746110,16883,3117,0.15585,0.14181452506393283,106187.77706666666,206011.0,0.9603652984000774,0.5244234411546701,3694,362,0
ca6a689b846d6438,linucb-large-effect-pilot,combined-n06-p035,tmc_db_lbt,5113,,,6,6,poisson,30,0.4,10,200,ca6a689b846d643805d0a41fefa3b5f92b06d9598fb7bbf1340f425981b0730f,20000,98776612,15739,4261,0.21305,0.30860695039833924,72919.11909455077,190360.0,0.9459036949485093,0.5713343817822829,0,0,0
caab44534fad0a15,linucb-large-effect-pilot,load-n04-p045,tmc_db_lbt,5113,,,4,4,poisson,,0.0,,,caab44534fad0a1511cdfb63cf14db1d01243a96c41550d38c6a053cd0988db8,20000,41744539,15107,4893,0.24465,0.7013471630384995,20091.907411086828,60168.0,0.9971968129293669,0.7982401586559554,0,0,0
cca425275be47392,linucb-large-effect-pilot,combined-n06-p025,tmc_db_lbt,5113,,,6,6,poisson,30,0.4,10,200,cca425275be47392cf054737f7c62ebf3e1ac51ddece4b529bbb7aa8c449205b,20000,148210366,15131,4869,0.24345,0.1979309395943331,114945.44348171176,838941.0,0.9113373213694218,0.30889358698791836,0,0,0
ccc6063b130c5dc8,linucb-large-effect-pilot,turnover-n05-p020-j10-l200,adaptive_db_lbt,5113,,,5,5,poisson,,0.0,10,200,ccc6063b130c5dc88374f3f738052c44d70cec051229c4678d4e248521404bdb,20000,211259255,16628,3372,0.1686,0.1525640379636859,124241.90215429052,218337.0,0.9458811030526848,0.5117737136721235,4296,665,0
cd8c40ae0cd20aff,linucb-large-effect-pilot,turnover-n05-p025-j20-l400,adaptive_db_lbt,5107,,,5,5,poisson,,0.0,20,400,cd8c40ae0cd20affbef037eb7a064ddf3905bda5067e3719f00bdbad075ac54d,20000,164662245,16328,3672,0.1836,0.19217857135374292,98005.74984679495,136249.0,0.9369829664680971,0.5729878459406134,4302,1304,0
cdc708b3b27f84eb,linucb-large-effect-pilot,turnover-n05-p025-j05-l100,tmc_db_lbt,5101,,,5,5,poisson,,0.0,5,100,cdc708b3b27f84ebbce67a083273080e3c429852add732d718d1361e2394ac4b,20000,160045194,15272,4728,0.2364,0.18487972840971406,102537.00543834359,756480.0,0.9399614355864933,0.3158470546654024,0,0,0
cebdd6b0b190dd72,linucb-large-effect-pilot,load-n06-p045,adaptive_db_lbt,5107,,,6,6,poisson,,0.0,,,cebdd6b0b190dd722c9bdbf074b515a9aa9b18b29e54a61032b4a16aeda44f20,20000,40058871,19854,146,0.0073,0.9602873480882674,22195.008718879144,22022.0,0.9990151724637321,0.9699278401839998,7482,1301,0
cf4f3c5a97227796,linucb-large-effect-pilot,combined-n03-p020,tmc_db_lbt,5113,,,3,3,poisson,30,0.4,10,200,cf4f3c5a97227796a8d55c7354b07a3ca1e299aea458b936ae2770ab6de7ba05,20000,248775744,16309,3691,0.18455,0.12699380772427718,89093.8564681347,190011.0,0.983416650732593,0.5306586528189567,0,0,0
cf9a615cc6cd9c27,linucb-large-effect-pilot,turnover-n03-p025-j10-l200,adaptive_db_lbt,5101,,,3,3,poisson,,0.0,10,200,cf9a615cc6cd9c273b5fc77333e859f11c04c65477bf035ef210711505674299,20000,208735919,17088,2912,0.1456,0.15868053835046952,70885.49379463763,150219.0,0.9820302441635186,0.577024260837996,2995,136,0
d14922b9d2cb2ede,linucb-large-effect-pilot,combined-n04-p020,adaptive_db_lbt,5113,,,4,4,poisson,30,0.4,10,200,d14922b9d2cb2ede2c1a7e32f9baa534f481782003a52303d913f3c374736919,20000,229002215,16851,3149,0.15745,0.1426304937705515,105777.43905480021,202188.0,0.9621785048828346,0.5274484995511287,3695,340,0
d150657791f0d3dc,linucb-large-effect-pilot,turnover-n04-p025-j20-l400,tmc_db_lbt,5101,,,4,4,poisson,,0.0,20,400,d150657791f0d3dc862632cf73ddf332a988997a68f82226af782ed8820800bd,20000,175954188,15478,4522,0.2261,0.17048562663367808,86928.08455074337,136277.0,0.9619497657092226,0.5634354641143002,0,0,0
d1ed6bd7dc587700,linucb-large-effect-pilot,combined-n03-p030,tmc_db_lbt,5101,,,3,3,poisson,30,0.4,10,200,d1ed6bd7dc5877008f438f905eedfbdc4b96b92fc3597b1c489fcfabebb32427,20000,158369724,15414,4586,0.2293,0.18855320477795365,59232.14297767394,126253.0,0.9784311854235606,0.5808344634005047,0,0,0
d2c745b2150ef1bd,linucb-large-effect-pilot,combined-n05-p025,adaptive_db_lbt,5101,,,5,5,poisson,30,0.4,10,200,d2c745b2150ef1bd41f44ccbf9ba11939b7c16d5bf15aa281e678508c93c4641,20000,163628349,16176,3824,0.1912,0.19152822351095164,98275.03649635037,178338.0,0.943053707502691,0.5448353103378809,4299,1312,0
d36e7fa1d272f089,linucb-large-effect-pilot,load-n06-p035,adaptive_db_lbt,5107,,,6,6,poisson,,0.0,,,d36e7fa1d272f0895d6c97bdf67c875711c05bd8827c6e3d4bd92d798ce105f4,20000,40075476,16943,3057,0.15285,0.8194262745625279,26361.2687378182,52053.0,0.9981995298188878,0.866294101460472,7482,1415,0
d397177cb4452e0c,linucb-large-effect-pilot,combined-n04-p030,adaptive_db_lbt,5107,,,4,4,poisson,30,0.4,10,200,d397177cb4452e0c69ab8605c4c677781833151cee52377abfdf27bef56fd5c0,20000,147540086,16227,3773,0.18865,0.21320226151962524,70076.13379369875,134044.0,0.9648712996761186,0.5894993537319145,3695,1216,0
d39d92369689eb7c,linucb-large-effect-pilot,load-n05-p015,tmc_db_lbt,5113,,,5,5,poisson,,0.0,,,d39d92369689eb7c4ec161ac66297a4545ba1a2b4fb06f5b4b50d5ae3c5830eb,20000,97336212,14571,5429,0.27145,0.290116036157232,64738.93496325802,196435.0,0.9981032208886794,0.5639205856819705,0,0,0
d5ffcf889c3564e0,linucb-large-effect-pilot,load-n06-p025,tmc_db_lbt,5107,,,6,6,poisson,,0.0,,,d5ffcf889c3564e08ea508a30806de35cc68efe1fa99b16154f5d8fa96e5bfbf,20000,45690506,13694,6306,0.3153,0.5807851635523581,38008.353676363105,118235.0,0.9979223799763037,0.7019208478428873,0,0,0
d6d062f740642772,linucb-large-effect-pilot,turnover-n06-p020-j10-l200,tmc_db_lbt,5107,,,6,6,poisson,,0.0,10,200,d6d062f74064277240969ba296a495291c77df6696a68ff661563f056b3a98a8,20000,185329231,15355,4645,0.23225,0.16060575463133497,142165.30372156683,943035.0,0.9203405704384028,0.30225294168991257,0,0,0
d6f1838fdfc13efe,linucb-large-effect-pilot,load-n06-p035,adaptive_db_lbt,5101,,,6,6,poisson,,0.0,,,d6f1838fdfc13efe364cb90cb3728aea8974cc99c982bdb4de4cc1e3a452ece1,20000,40049207,16981,3019,0.15095,0.8215987647395865,26290.018091814487,52050.0,0.998572287028685,0.8676195172560904,7484,1407,0
d702c6dd52d09fc3,linucb-large-effect-pilot,load-n06-p015,adaptive_db_lbt,5107,,,6,6,poisson,,0.0,,,d702c6dd52d09fc3331564c0c27b974612d01e7455da0b9e332e882e87a6cd19,20000,87982223,15687,4313,0.21565,0.3454647650810096,65269.303987240826,196423.0,0.9991527614600892,0.5966780088470329,7473,1145,0
d7337cce967302a9,linucb-large-effect-pilot,combined-n06-p020,tmc_db_lbt,5101,,,6,6,poisson,30,0.4,10,200,d7337cce967302a90870327d98958c8870c5e2c52f87b667d1eb22ba8391c339,20000,186198787,15182,4818,0.2409,0.15803723254115506,144437.0909690178,1115140.0,0.9141293967555615,0.29716387643223885,0,0,0
d768659699ef04f2,linucb-large-effect-pilot,turnover-n04-p025-j20-l400,tmc_db_lbt,5107,,,4,4,poisson,,0.0,20,400,d768659699ef04f22c742e7658a4ef695b92419e15f4ecff517570facd6e1d37,20000,171610416,15386,4614,0.2307,0.17381261985869204,85456.970867473,132233.0,0.9598053328906537,0.5653756509164485,0,0,0
d7b7620a624109f9,linucb-large-effect-pilot,combined-n03-p030,adaptive_db_lbt,5107,,,3,3,poisson,30,0.4,10,200,d7b7620a624109f96353fb67dbbd5a312318ff1716179672db61c4b4da3b40b8,20000,169657333,16663,3337,0.16685,0.19039353282772634,58711.44503812211,124141.0,0.9840183284662232,0.6003307870979832,2996,623,0
d7c009bccac489c6,linucb-large-effect-pilot,combined-n05-p025,tmc_db_lbt,5107,,,5,5,poisson,30,0.4,10,200,d7c009bccac489c6da61edcff4e8f630b42dd9e8a8adf1ce8dad9ac2e10294db,20000,159261087,15170,4830,0.2415,0.18455171664124081,102440.3759894459,194417.0,0.937213782429525,0.5172688330235886,0,0,0
d7dd69ae7920dc84,linucb-large-effect-pilot,load-n06-p025,adaptive_db_lbt,5101,,,6,6,poisson,,0.0,,,d7dd69ae7920dc845b3d5f014f6aaadb84f0219dbfdb6415e82fb2aec4c9bd93,20000,48222612,14609,5391,0.26955,0.5869972576350696,37587.55867644036,112272.0,0.9977988211538165,0.7193631929296287,7475,3988,0
d9323b19b9433eb7,linucb-large-effect-pilot,turnover-n06-p035-j10-l200,tmc_db_lbt,5101,,,6,6,poisson,,0.0,10,200,d9323b19b9433eb7b473936b5cab78435d2a000bb0c029130554223121d26c46,20000,101757365,15408,4592,0.2296,0.2934044430100956,76848.36106780982,256066.0,0.9318420609874486,0.5136381679991814,0,0,0
d969b2a66232aa55,linucb-large-effect-pilot,combined-n04-p025,tmc_db_lbt,5101,,,4,4,poisson,30,0.4,10,200,d969b2a66232aa5533d4bb0dbdbb1c4f7d9e38bac8f48c9adc08c353e2fa97e6,20000,169236285,15354,4646,0.2323,0.17584842399488976,85415.75830835396,168077.0,0.9620886261874788,0.5425193500607894,0,0,0
d9ac0a44b401a0ac,linucb-large-effect-pilot,load-n03-p045,tmc_db_lbt,5113,,,3,3,poisson,,0.0,,,d9ac0a44b401a0aca14012f6f2329d43166228055a198116c56429f1a3e83262,20000,52923404,14192,5808,0.2904,0.5193960879765028,20364.282179613703,64160.0,0.9991956955523712,0.7241572611762913,0,0,0
da8570c963295ca1,linucb-large-effect-pilot,turnover-n05-p030-j10-l200,tmc_db_lbt,5107,,,5,5,poisson,,0.0,10,200,da8570c963295ca1a3f92249de7fa0ba4d4ef9d136fc44e251620e6e43d80213,20000,131657530,15102,4898,0.2449,0.22234570252077493,84526.26411343759,166411.0,0.9337110525131966,0.5465199183446572,0,0,0
db43fab95d70020a,linucb-large-effect-pilot,combined-n06-p035,tmc_db_lbt,5107,,,6,6,poisson,30,0.4,10,200,db43fab95d70020a720dbf5d4315a36090ceb2aeea07b179310b611026867f6d,20000,99888503,15762,4238,0.2119,0.3057153134029849,73761.46266666667,178159.0,0.9402464700824792,0.5769062611618213,0,0,0
dbc28866b9b64117,linucb-large-effect-pilot,combined-n06-p035,tmc_db_lbt,5101,,,6,6,poisson,30,0.4,10,200,dbc28866b9b64117decbdd79b0320f7cad8aa7ee3ffc14c0a97ed04f756ec019,20000,99166995,15663,4337,0.21685,0.30597704407600534,73438.32036291611,186236.0,0.944453999960464,0.5717738480121565,0,0,0
ddb0203b62799317,linucb-large-effect-pilot,combined-n05-p025,tmc_db_lbt,5101,,,5,5,poisson,30,0.4,10,200,ddb0203b627993178176b087ad2dd5334fe46d3d46fe29c4f37d230436affd68,20000,157414321,15091,4909,0.24545,0.1858262692630107,101228.58563755719,208563.0,0.9342184730494357,0.5062770807708156,0,0,0
df8458675ff9603f,linucb-large-effect-pilot,turnover-n05-p025-j10-l200,adaptive_db_lbt,5101,,,5,5,poisson,,0.0,10,200,df8458675ff9603f14e04fc296ceb6f4e4128b452d74c50dfe9dd2d16436be7d,20000,164911226,16223,3777,0.18885,0.19063728263108057,98908.72947634614,180264.0,0.946149706554881,0.5448738297286538,4299,1217,0
df8fedf67e2b7c22,linucb-large-effect-pilot,turnover-n04-p035-j10-l200,adaptive_db_lbt,5107,,,4,4,poisson,,0.0,10,200,df8fedf67e2b7c227e42087689400117d94e139dd34be4ce6b00e5fde0dce099,20000,125655451,16124,3876,0.1938,0.24864346712662708,59792.09220650286,116292.0,0.9585636025762985,0.6097576899009751,3695,1646,0
e09703a880737209,linucb-large-effect-pilot,load-n06-p045,adaptive_db_lbt,5113,,,6,6,poisson,,0.0,,,e09703a880737209050aa2920fbe59c178178140c5953d33380c34ceec25c371,20000,40046733,19915,85,0.00425,0.9636921693462486,22117.4735467015,22022.0,0.998953162424503,0.9718046105902506,7483,1127,0
e0ba32a14d106063,linucb-large-effect-pilot,turnover-n05-p025-j20-l400,tmc_db_lbt,5101,,,5,5,poisson,,0.0,20,400,e0ba32a14d1060635f51edbc3f73c9193b72cdcbadd08c3944fb126a2ac21964,20000,161915512,15167,4833,0.24165,0.18160901717681008,103654.96846341624,144044.0,0.9359785559423431,0.5494206910397178,0,0,0
e10bc187fae615fa,linucb-large-effect-pilot,combined-n05-p020,tmc_db_lbt,5107,,,5,5,poisson,30,0.4,10,200,e10bc187fae615fa0dfdc676437eb28be45b1d33e0b9c18431c5a8531d4ddb03,20000,201608383,15387,4613,0.23065,0.14788777409121923,128234.67457891656,252011.0,0.9378875007659726,0.4695885916190639,0,0,0
e18f9271c1f16436,linucb-large-effect-pilot,combined-n06-p035,adaptive_db_lbt,5113,,,6,6,poisson,30,0.4,10,200,e18f9271c1f164360edadb57fcbe834897004e7cd7c7870e6f0405bc098e5a86,20000,103107388,16102,3898,0.1949,0.30259713300078944,74421.99310130515,172289.0,0.9391526456180265,0.5836655928729386,4830,2741,0
e1e7cbde3075860a,linucb-large-effect-pilot,turnover-n05-p020-j10-l200,adaptive_db_lbt,5107,,,5,5,poisson,,0.0,10,200,e1e7cbde3075860aa1af395e59954bf23a32871c4b1cc9b64f3b9e8a17cd2c57,20000,211521455,16783,3217,0.16085,0.15373944454003496,123352.82722232159,230066.0,0.9435724870016821,0.505514143847239,4294,599,0
e20f51e6ea075226,linucb-large-effect-pilot,turnover-n06-p035-j10-l200,adaptive_db_lbt,5107,,,6,6,poisson,,0.0,10,200,e20f51e6ea075226335ce8e6d4ea006e9def91c1f84721328719f6a796942f83,20000,106280352,15939,4061,0.20305,0.2908079096313117,77627.25503861367,172217.0,0.9296279845583343,0.574571464729882,4821,2782,0
e2f27d127f5f7fb8,linucb-large-effect-pilot,turnover-n04-p025-j05-l100,tmc_db_lbt,5101,,,4,4,poisson,,0.0,5,100,e2f27d127f5f7fb8b998b56fafee06780c8c1b6797f23af33edb327d53703aea,20000,173693927,15507,4493,0.22465,0.17316485106586368,87226.66030066456,620419.0,0.958694151879394,0.3211238343150859,0,0,0
e3601e1c2bfe2f65,linucb-large-effect-pilot,load-n04-p045,adaptive_db_lbt,5107,,,4,4,poisson,,0.0,,,e3601e1c2bfe2f65a40bf06363ede4bacf06c0cd4e44dc09249dcc593e47f25c,20000,42806929,15611,4389,0.21945,0.7067992427113844,19925.193103890277,60121.0,0.9984471050982443,0.8068056159365429,4993,2007,0
e475e26925c634c5,linucb-large-effect-pilot,combined-n03-p025,adaptive_db_lbt,5107,,,3,3,poisson,30,0.4,10,200,e475e26925c634c50fa5fe822d509002bd25cd46a0152ce6ea8ba85f0eb2a31c,20000,202488353,16889,3111,0.15555,0.16160330466019446,69550.95030504058,146223.0,0.9836050478518037,0.5786999508373327,2994,265,0
e62fa6f417dee658,linucb-large-effect-pilot,load-n05-p015,adaptive_db_lbt,5113,,,5,5,poisson,,0.0,,,e62fa6f417dee6580302435a7e96848bee4bb8d8448ebfebf8337653c4c9097d,20000,107194173,16021,3979,0.19895,0.289697761836364,64862.740178627195,198240.0,0.9982729180646889,0.580759393300351,6233,743,0
e6352a290202de11,linucb-large-effect-pilot,turnover-n05-p030-j10-l200,adaptive_db_lbt,5113,,,5,5,poisson,,0.0,10,200,e6352a290202de11a2d7ca90ac91b4e348225d305634b0c546224c780e8cb356,20000,138153632,16103,3897,0.19485,0.2258798523660963,83292.83775554589,156344.0,0.9405130683231444,0.5691891402297469,4296,1694,0
e644aab590c7b6dd,linucb-large-effect-pilot,turnover-n05-p035-j10-l200,tmc_db_lbt,5107,,,5,5,poisson,,0.0,10,200,e644aab590c7b6ddd4cb5c19209277c895a0a6c42d350ed0badbebfcdc7c43c6,20000,106169437,15004,4996,0.2498,0.2739043723100839,68290.40222755769,144406.0,0.9358163690880635,0.5778529137993824,0,0,0
e95179becf7ffec0,linucb-large-effect-pilot,turnover-n03-p020-j10-l200,adaptive_db_lbt,5101,,,3,3,poisson,,0.0,10,200,e95179becf7ffec06edfb65a1c32b0bffa7232c506bf60def81e7d7b9862da34,20000,258504598,17572,2428,0.1214,0.13173189283078052,85792.2190026187,186033.0,0.9843655931199721,0.5509938286502509,2994,57,0
eb0075f28f8453db,linucb-large-effect-pilot,turnover-n03-p035-j10-l200,tmc_db_lbt,5113,,,3,3,poisson,,0.0,10,200,eb0075f28f8453dbf0c10ffa62632f15f97901860c2e5777c0a1b88a6a87b0c9,20000,134219746,15294,4706,0.2353,0.220845753947411,50361.764063317634,108251.0,0.974708661577407,0.6008591385082727,0,0,0
eb6f09ca1663ced6,linucb-large-effect-pilot,turnover-n05-p025-j10-l200,tmc_db_lbt,5107,,,5,5,poisson,,0.0,10,200,eb6f09ca1663ced67df763758133bdf05250e1059b3e333215d4b67b982ed593,20000,158409835,15141,4859,0.24295,0.18518251723448864,102016.2369968938,194504.0,0.9359214205850057,0.516627812606498,0,0,0
ebc191d3d2b504da,linucb-large-effect-pilot,load-n05-p035,adaptive_db_lbt,5101,,,5,5,poisson,,0.0,,,ebc191d3d2b504da1e59a95128a87fe959d5536a866f4e2c91adb300af9cfecb,20000,43253452,15081,4919,0.24595,0.6755295507974716,26657.110012606994,80112.0,0.998560658981669,0.7764679032597136,6236,2776,0
ebd060158da8689d,linucb-large-effect-pilot,turnover-n05-p035-j20-l400,adaptive_db_lbt,5101,,,5,5,poisson,,0.0,20,400,ebd060158da8689d875a749874d1b7e0b44738823487a31f5760e3786578039f,20000,114062749,16044,3956,0.1978,0.27261372597639216,68495.06716976425,98206.0,0.944947773136867,0.6242664997044197,4303,2489,0
ed98b2f69953bebd,linucb-large-effect-pilot,turnover-n03-p025-j10-l200,tmc_db_lbt,5107,,,3,3,poisson,,0.0,10,200,ed98b2f69953bebd774fc26f5689088737a921c9815a598c70e00fa87ae39d3d,20000,196224582,16043,3957,0.19785,0.15840134137730003,70971.24512065848,150077.0,0.9773615950734054,0.5624071454835685,0,0,0
ee7e3a53d416d5e3,linucb-large-effect-pilot,load-n03-p035,adaptive_db_lbt,5101,,,3,3,poisson,,0.0,,,ee7e3a53d416d5e3c895ddb3aef1cf56827d681d41d9689326eaff57d5b6fce5,20000,74334045,15604,4396,0.2198,0.40694233712157063,26579.814912168225,84154.0,0.9980227864736653,0.6906023745317453,3746,1726,0
ef17259c39de437d,linucb-large-effect-pilot,combined-n04-p025,tmc_db_lbt,5113,,,4,4,poisson,30,0.4,10,200,ef17259c39de437d1ebd3e20519145f8621ab68e8305fc518239d244ae05979b,20000,173655351,15324,4676,0.2338,0.17109030518731322,87845.69306607469,174245.0,0.9551941365418937,0.5341481472430689,0,0,0
f008d2ab7886e478,linucb-large-effect-pilot,load-n04-p025,tmc_db_lbt,5107,,,4,4,poisson,,0.0,,,f008d2ab7886e47860695888e247f9eedd802f65997fbe8322631a6128904ec5,20000,69518324,14008,5992,0.2996,0.39063771157659094,37671.387142857144,116202.0,0.9971264701885255,0.6435533939217054,0,0,0
f07b3e307cd230af,linucb-large-effect-pilot,turnover-n06-p025-j10-l200,tmc_db_lbt,5101,,,6,6,poisson,,0.0,10,200,f07b3e307cd230af74587cb1b2b9e2d05718db66d5bfda3e49c27432c2fab5ad,20000,149287130,15004,4996,0.2498,0.19478940348039378,116673.2401280683,952969.0,0.9165057184820514,0.30798170732081503,0,0,0
f2e962d900824aa9,linucb-large-effect-pilot,load-n05-p045,tmc_db_lbt,5101,,,5,5,poisson,,0.0,,,f2e962d900824aa92daac06cf1bbf068bd287a3af68182a615dc3039cb605b32,20000,40051640,17872,2128,0.1064,0.864743591023988,20404.308867987907,46052.0,0.9980114978944431,0.8969503629728105,0,0,0
f31c46987c61674b,linucb-large-effect-pilot,turnover-n05-p030-j10-l200,tmc_db_lbt,5113,,,5,5,poisson,,0.0,10,200,f31c46987c61674b3e124c37e1564509c29730ac1fa2fef63ca492e214117320,20000,133448727,15210,4790,0.2395,0.22092525468601884,85233.00644736842,168430.0,0.9333507417084616,0.5459303321314934,0,0,0
f427f2e52aa3a473,linucb-large-effect-pilot,turnover-n06-p025-j10-l200,tmc_db_lbt,5107,,,6,6,poisson,,0.0,10,200,f427f2e52aa3a473ae9941371260c8d20a797f04980de316023473b47ad0af32,20000,147841372,14982,5018,0.2509,0.1964702681465916,115839.83420173681,921095.0,0.9084636814072196,0.305586316517937,0,0,0
f42f6d7195b79547,linucb-large-effect-pilot,turnover-n05-p035-j10-l200,adaptive_db_lbt,5113,,,5,5,poisson,,0.0,10,200,f42f6d7195b7954765bd85149fe6a3220a8bd088b9015233b76b2fc710481803,20000,115879830,16079,3921,0.19605,0.26893032204137685,69544.16833654864,134052.0,0.9447248738615739,0.5995045653009836,4294,2330,0
f42f94bba04b8a1c,linucb-large-effect-pilot,turnover-n06-p035-j10-l200,tmc_db_lbt,5113,,,6,6,poisson,,0.0,10,200,f42f94bba04b8a1cd1890baffb8494af3ef866a26f31f454d2aa688ac06b3399,20000,99760598,15382,4618,0.2309,0.2984946621911789,75452.70722186076,238360.0,0.9284134413089032,0.5256710345000274,0,0,0
f452e917cb928761,linucb-large-effect-pilot,load-n04-p025,adaptive_db_lbt,5101,,,4,4,poisson,,0.0,,,f452e917cb928761df027d079cfeac39cc75e4884fe4b8bef77d5dcb8d223c4f,20000,76969089,15495,4505,0.22525,0.39020586563003234,37691.27371343708,116281.0,0.9980876689811845,0.662264678203739,4991,1509,0
f5c5f414a16125b3,linucb-large-effect-pilot,turnover-n05-p025-j10-l200,tmc_db_lbt,5113,,,5,5,poisson,,0.0,10,200,f5c5f414a16125b3e46539fbb635609e5f3fc663e3489a3e95536d6d4ce84ca4,20000,157475010,15144,4856,0.2428,0.18644287750799318,101251.42672128981,202366.0,0.9336124968953795,0.5110744581344575,0,0,0
f606e787e6081546,linucb-large-effect-pilot,turnover-n05-p035-j05-l100,tmc_db_lbt,5101,,,5,5,poisson,,0.0,5,100,f606e787e608154699cbd1ec0b05e324707a4a7e817f913953fb34c6a4f2e0f7,20000,107308580,15140,4860,0.243,0.2732306866794808,68486.03007270324,490444.0,0.9434506298113597,0.3511811054969468,0,0,0
f90f1c8af6ec62be,linucb-large-effect-pilot,turnover-n04-p025-j10-l200,adaptive_db_lbt,5113,,,4,4,poisson,,0.0,10,200,f90f1c8af6ec62bed98b804bde58e2b4ba234ce78662e97c9e32a42eeafcb873,20000,183489337,16682,3318,0.1659,0.17613857855947238,85299.51481348206,160022.0,0.9603170875515761,0.5639955553703495,3694,649,0
f925befff2c948b9,linucb-large-effect-pilot,load-n03-p025,tmc_db_lbt,5101,,,3,3,poisson,,0.0,,,f925befff2c948b9c94589ca1633d10d627e63763e8839154dd681f92e0584f6,20000,100805951,14921,5079,0.25395,0.2866996711335028,38530.00590010057,120182.0,0.998546838178619,0.6181400031040405,0,0,0
f9685da603dc2508,linucb-large-effect-pilot,combined-n06-p020,adaptive_db_lbt,5113,,,6,6,poisson,30,0.4,10,200,f9685da603dc2508eb98ee517015f60a916991b4672307e8ae5049614113d03c,20000,197617920,16403,3597,0.17985,0.16088268209684628,141701.18674882557,268271.0,0.928176014787097,0.4725430656279811,4824,1108,0
f996a7d3c3c0dbe8,linucb-large-effect-pilot,combined-n04-p020,adaptive_db_lbt,5107,,,4,4,poisson,30,0.4,10,200,f996a7d3c3c0dbe85cef298dafb113c8f984ebdaa1c13db0a183d7167f26b4f1,20000,231497197,16740,3260,0.163,0.14015237514949264,107685.1388357638,204234.0,0.9630969608746341,0.5241771120080423,3694,422,0
f9981e68cb78f5eb,linucb-large-effect-pilot,turnover-n04-p035-j20-l400,tmc_db_lbt,5107,,,4,4,poisson,,0.0,20,400,f9981e68cb78f5eb47c01e8103d3e29e534b882b7de415de38394eadee32d1ca,20000,121077999,15116,4884,0.2442,0.24206344870301333,60929.858948901245,96044.0,0.9572640529726143,0.6080298338918758,0,0,0
fa813eb6c76366dc,linucb-large-effect-pilot,turnover-n04-p030-j10-l200,tmc_db_lbt,5107,,,4,4,poisson,,0.0,10,200,fa813eb6c76366dc2a0ce9df3315e984edda00e98ac43eac7ea9150f4a1256ce,20000,141534316,15176,4824,0.2412,0.20767969090972963,71984.59961761604,144171.0,0.9559404787348184,0.5647927232148493,0,0,0
fa94720e9baec436,linucb-large-effect-pilot,combined-n05-p020,adaptive_db_lbt,5101,,,5,5,poisson,30,0.4,10,200,fa94720e9baec436e48fbe2e0d24b8d99c379d803e5a04c1f9ae7bf2dc8e4fdd,20000,208640913,16620,3380,0.169,0.15431652180318056,122924.97549668874,226515.0,0.941499509737807,0.5053453438469959,4300,804,0
fac2da5bf34c1910,linucb-large-effect-pilot,combined-n06-p030,adaptive_db_lbt,5113,,,6,6,poisson,30,0.4,10,200,fac2da5bf34c1910c9bf243b044c73071199f563234a3c0b788aaa88a42af133,20000,123867043,16039,3961,0.19805,0.2508738583514906,90202.96668122543,196222.0,0.9328063469790345,0.5475662351101751,4824,2513,0
fb002c1b512a8b00,linucb-large-effect-pilot,turnover-n04-p030-j10-l200,adaptive_db_lbt,5107,,,4,4,poisson,,0.0,10,200,fb002c1b512a8b0043937f7ab1bc4ae6eed45e14cef7b75672d62d3a028b229d,20000,148120529,16408,3592,0.1796,0.21460996807539082,69682.18475609756,136178.0,0.9617592377892255,0.5897710686215387,3691,1042,0
fb494f3155dd14ad,linucb-large-effect-pilot,turnover-n03-p035-j10-l200,tmc_db_lbt,5107,,,3,3,poisson,,0.0,10,200,fb494f3155dd14ad3947621068efdd0fdcdd058439736316165fbccdd2af357a,20000,133326899,15251,4749,0.23745,0.221665629529117,50104.28501147917,106264.0,0.9753313808295679,0.6021271701195616,0,0,0
fdb62e4400e665c6,linucb-large-effect-pilot,turnover-n03-p020-j10-l200,tmc_db_lbt,5107,,,3,3,poisson,,0.0,10,200,fdb62e4400e665c6e76d79652f34ee53de4e7c7b27123f32c604023275cae263,20000,248939747,16606,3394,0.1697,0.1292668703483498,87507.7604819277,184275.0,0.9838821171490235,0.5391079958324578,0,0,0
fdb80dbd9ea6aed3,linucb-large-effect-pilot,combined-n03-p025,adaptive_db_lbt,5101,,,3,3,poisson,30,0.4,10,200,fdb80dbd9ea6aed3d3eed512078f1710009943f32f762c189c45033095533000,20000,203767989,16909,3091,0.15455,0.1607343241729691,69978.61474294504,146066.0,0.9812816238555251,0.5779904826761647,2995,206,0
fe233eb095ed8b2c,linucb-large-effect-pilot,turnover-n04-p025-j20-l400,adaptive_db_lbt,5107,,,4,4,poisson,,0.0,20,400,fe233eb095ed8b2cf0ee61f893f78523de3a8d91e18560fbe4b45a3d107df829,20000,181575982,16565,3435,0.17175,0.176803102736352,83966.5003925832,132022.0,0.9632650879462128,0.5824038968941884,3693,876,0
fe96df35c078e01c,linucb-large-effect-pilot,turnover-n04-p035-j10-l200,tmc_db_lbt,5107,,,4,4,poisson,,0.0,10,200,fe96df35c078e01c1e69eb9bdd13114355390eb6d85d87fff9f85b0a5da27d83,20000,117216962,15003,4997,0.24985,0.2480928144170807,60025.02687562521,122334.0,0.9561560567275943,0.5907311237148917,0,0,0
ffd06bb79c087a42,linucb-large-effect-pilot,combined-n05-p025,adaptive_db_lbt,5113,,,5,5,poisson,30,0.4,10,200,ffd06bb79c087a42a45be8d4fe15edf4d9255a7acd9cc61872d09a11254f4fec,20000,164747190,16227,3773,0.18865,0.1908556437290372,98946.35629277918,186392.0,0.9449208008662345,0.540501648198424,4298,1265,0
