run_id,matrix,scenario_id,policy,seed,ablation,arm_id,wifi_nodes,nru_nodes,traffic,interference_interval_ms,interruption_std,join_interval_rounds,lifetime_rounds,config_hash,rounds,elapsed_us,successes,collisions,collision_probability,effective_airtime,mean_delay_us,p95_delay_us,jain_fairness,evaluation_utility,decision_count,switch_count,training_sample_count
00dc7f0008aaac81,comments0720-fixed-arm-confirmation,poisson-n06-p045,pretrain_arm,10177,,6,6,6,poisson,,0.0,,,00dc7f0008aaac81627e312216852f7dd6fdde59a2f490c47653afc6c43af419,100000,200193524,99894,106,0.00106,0.9669475921708637,22045.3662021185,22022.0,0.9989651582311885,0.9736912501340175,37476,0,37463
00fbe9cbefea2cbc,comments0720-fixed-arm-confirmation,poisson-n04-p025,pretrain_arm,10159,,12,4,4,poisson,,0.0,,,00fbe9cbefea2cbc7e6be3efd0c642b193f300e6aab7d9e8ce0aadc89bbf12a3,100000,375427508,75591,24409,0.24409,0.39017603100090364,37727.329134858366,116257.0,0.9987761319981052,0.6577902209996696,24991,0,24068
0100a382d7e13870,comments0720-fixed-arm-confirmation,poisson-n04-p025,pretrain_arm,10259,,21,4,4,poisson,,0.0,,,0100a382d7e1387084a89674d7485f5af389b268e51178b1591220104f670f10,100000,350443751,70145,29855,0.29855,0.3879620384499309,37962.36696750645,118183.0,0.9984284418835288,0.6420373267778198,24990,0,23891
014ede937f0ee725,comments0720-fixed-arm-confirmation,poisson-n06-p045,pretrain_arm,10103,,5,6,6,poisson,,0.0,,,014ede937f0ee7252e357b4e1db4d50fde0d33e2ffce0de7dc3e5f8a6fae8dcf,100000,200185491,99916,84,0.00084,0.9671947404020405,22040.47042160474,22022.0,0.9989878941987548,0.9738362115335985,37480,0,37467
0157c07281643334,comments0720-fixed-arm-confirmation,poisson-n04-p025,pretrain_arm,10247,,19,4,4,poisson,,0.0,,,0157c07281643334f69f0dc49167e4f58b6831390fcdd8e39bd224fcc059cb81,100000,346679364,69285,30715,0.30715,0.38720304102092445,38022.42708258152,118220.0,0.9989737277947972,0.6397914229385738,24991,0,23925
0181faa30c348373,comments0720-fixed-arm-confirmation,poisson-n04-p025,pretrain_arm,10253,,21,4,4,poisson,,0.0,,,0181faa30c348373c85bc954c823c5cb160bfa5d8a7046aa9e7e3e4c4104abd1,100000,351350461,70243,29757,0.29757,0.387494974711304,38012.369203388625,118203.0,0.9984442317447656,0.6421185688186899,24990,0,23875
018ec361d2426ff5,comments0720-fixed-arm-confirmation,poisson-n04-p025,pretrain_arm,10163,,12,4,4,poisson,,0.0,,,018ec361d2426ff58c0dc21545563f163b70330375ef38d5c194b1e237e26356,100000,378679387,75866,24134,0.24134,0.3882389299420726,37927.7327902133,116256.0,0.9988605507925696,0.6578608269115473,24992,0,24140
019d1e8d93383db5,comments0720-fixed-arm-confirmation,poisson-n04-p025,pretrain_arm,10301,,0,4,4,poisson,,0.0,,,019d1e8d93383db5f543ac373a384dc873840a14b042fc143d83458912c2e42f,100000,376773556,75569,24431,0.24431,0.3886839898073951,37885.360622543376,118214.0,0.9986577554978779,0.6558937484350911,24990,0,24059
01d52c5faaf85da8,comments0720-fixed-arm-confirmation,poisson-n06-p045,pretrain_arm,10273,,20,6,6,poisson,,0.0,,,01d52c5faaf85da8e25f11c42d89c009d603c9b9b47d5c4a843e855fba135603,100000,200185491,99848,152,0.00152,0.9664719457615437,22057.507111663126,22022.0,0.9989543499083077,0.973414098556617,37480,0,37468
02113a4fa5eaaecb,comments0720-fixed-arm-confirmation,poisson-n06-p045,pretrain_arm,10133,,22,6,6,poisson,,0.0,,,02113a4fa5eaaecb9a52087c9c30fb18b4310dc493c75619e93e13dfed7560c9,100000,200185473,99892,108,0.00108,0.9669808607940298,22046.68441129355,22022.0,0.9989665509290744,0.9736978039077013,37479,0,37466
0242b7fb91490cda,comments0720-fixed-arm-confirmation,poisson-n06-p045,pretrain_arm,10141,,15,6,6,poisson,,0.0,,,0242b7fb91490cda66b5c4d2362146ec87bc4239419ca3129ebea7e5d5f24c1c,100000,200193396,99905,95,0.00095,0.9670543577771167,22044.371257245253,22022.0,0.9989600333039008,0.9737526303603391,37480,0,37466
025a44e6fbcc00af,comments0720-fixed-arm-confirmation,poisson-n06-p045,pretrain_arm,10333,,22,6,6,poisson,,0.0,,,025a44e6fbcc00afc0ac482d523c2509c9e6570e73bd96e93f28a17c3a0e62de,100000,200191420,99906,94,0.00094,0.9670727496712896,22043.751426512103,22022.0,0.9989709200935015,0.973764889921597,37482,0,37469
026b3a4b6a190279,comments0720-fixed-arm-confirmation,poisson-n06-p045,pretrain_arm,10259,,7,6,6,poisson,,0.0,,,026b3a4b6a1902795b547f13a3e4bf2840b813c2315cb0fe3a316232d37b2f34,100000,200191446,99918,82,0.00082,0.9671581921637151,22039.622184853764,22022.0,0.998969023983517,0.9738227387157441,37478,0,37465
0296602d1b307e73,comments0720-fixed-arm-confirmation,poisson-n04-p025,pretrain_arm,10247,,20,4,4,poisson,,0.0,,,0296602d1b307e7302722f601dc1e988d099e81e89c2607326899d19291226f3,100000,349718093,69936,30064,0.30064,0.38754165916145494,38001.91396865347,118189.0,0.9990446772303182,0.6415761121305911,24991,0,23942
02b5846660994be2,comments0720-fixed-arm-confirmation,poisson-n06-p045,pretrain_arm,10289,,7,6,6,poisson,,0.0,,,02b5846660994be23cebbde8dc6fdfb62f165aedbb3fcc064284acf49db09031,100000,200185432,99908,92,0.00092,0.9671388025877927,22043.07115400016,22022.0,0.9989315514760989,0.973778784687964,37485,0,37471
02ffc686823e61ca,comments0720-fixed-arm-confirmation,poisson-n06-p045,pretrain_arm,10259,,22,6,6,poisson,,0.0,,,02ffc686823e61ca86085dd214a70fc0c4b8dfaebb00ec735bcc4e38dbe35dd4,100000,200191441,99903,97,0.00097,0.9670086494856691,22043.231602446667,22022.0,0.9989639833051969,0.9737337109302887,37479,0,37467
035a656364c0389e,comments0720-fixed-arm-confirmation,poisson-n04-p025,pretrain_arm,10223,,17,4,4,poisson,,0.0,,,035a656364c0389e3b4456186f4e22caa9bc4683d1633d94efc6147732c4ddf4,100000,390505049,77609,22391,0.22391,0.3850051347223426,38250.661718276824,118273.0,0.9990898322780499,0.6598721556667976,24990,0,24126
040db2d8adfaab69,comments0720-fixed-arm-confirmation,poisson-n04-p025,pretrain_arm,10271,,3,4,4,poisson,,0.0,,,040db2d8adfaab695b99e1d6675708b1ef2f5bef80c5abadc878ab627b40f7d7,100000,380938127,76864,23136,0.23136,0.3909811133186991,37639.238484958885,116271.0,0.9989344921968932,0.661284535171864,24988,0,24161
0434d714c83e0494,comments0720-fixed-arm-confirmation,poisson-n04-p025,pretrain_arm,10163,,18,4,4,poisson,,0.0,,,0434d714c83e0494cef81b9e8e88fd7e7797f0a4351e5e4a33630b2124f7d279,100000,346514435,69393,30607,0.30607,0.3880738590298554,37944.573870433094,116289.0,0.9988455490112923,0.6415963026803825,24991,0,23880
047504ff0173a02f,comments0720-fixed-arm-confirmation,poisson-n06-p045,pretrain_arm,10211,,23,6,6,poisson,,0.0,,,047504ff0173a02f6e29e326eb92557cc897af2f3df1db15f8c7823f136bfbff,100000,200193485,99822,178,0.00178,0.9661702527432399,22063.191784390343,22022.0,0.9989779161967369,0.973256389646659,37479,0,37461
0482f3ba64ff3259,comments0720-fixed-arm-confirmation,poisson-n04-p025,pretrain_arm,10243,,6,4,4,poisson,,0.0,,,0482f3ba64ff3259ca0da7c14407f28d86bcb59162c1f5edfd9fb16ee49c4eb7,100000,342199599,68584,31416,0.31416,0.3884361419137724,37909.40502508166,116278.0,0.9983615498761398,0.6395405639299707,24990,0,23810
048bf79a940663e8,comments0720-fixed-arm-confirmation,poisson-n04-p025,pretrain_arm,10159,,16,4,4,poisson,,0.0,,,048bf79a940663e8858ea34e555a7be16bbfe2da9ee8331f99b295a48dadf459,100000,383224771,77220,22780,0.2278,0.39048578360296027,37698.01204475988,116253.0,0.9987060298006099,0.6619452711345235,24991,0,24171
048d7cce2be11d6d,comments0720-fixed-arm-confirmation,poisson-n04-p025,pretrain_arm,10151,,6,4,4,poisson,,0.0,,,048d7cce2be11d6d2ea61a1fcf2473dc9be6d10ad4b9a4f784920dd1b46356cb,100000,342804484,68463,31537,0.31537,0.38694890875464744,38047.97439193631,116321.0,0.9989920678941737,0.6389238255496069,24989,0,23788
04e631a950e6fa29,comments0720-fixed-arm-confirmation,poisson-n06-p045,pretrain_arm,10211,,13,6,6,poisson,,0.0,,,04e631a950e6fa29ea7907951a83317a6d7440622a6b358feaef21d4e521ed54,100000,200193449,99715,285,0.00285,0.9651647392318017,22089.011664643993,22022.0,0.9989799612617883,0.97265440016453,37478,0,37464
050b6305ead3a523,comments0720-fixed-arm-confirmation,poisson-n06-p045,pretrain_arm,10331,,5,6,6,poisson,,0.0,,,050b6305ead3a523cfb73210ce617d9fa0514a523c9e7362f36e4257bbaddb36,100000,200187418,99868,132,0.00132,0.9667320500632063,22052.861180099342,22022.0,0.9989647905654702,0.9735542802095589,37482,0,37467
0540675af70235c3,comments0720-fixed-arm-confirmation,poisson-n04-p025,pretrain_arm,10259,,9,4,4,poisson,,0.0,,,0540675af70235c3d8a5df1e33f879f6a7c455d95edb3fd4157b820572c787c5,100000,349731532,69966,30034,0.30034,0.3876866241503211,37984.1488893336,118232.0,0.9984418569572131,0.6414698270358448,24990,0,23874
054fcdb4e382cfff,comments0720-fixed-arm-confirmation,poisson-n06-p045,pretrain_arm,10223,,3,6,6,poisson,,0.0,,,054fcdb4e382cfffb2e5bc13e19c6fc41fb56d71acfe2d1eac4cfa7637727be6,100000,200193427,99878,122,0.00122,0.9667129680536415,22050.413664310177,22022.0,0.998956436997696,0.9735701350171125,37481,0,37466
0575cdd9a63f92ac,comments0720-fixed-arm-confirmation,poisson-n04-p025,pretrain_arm,10337,,20,4,4,poisson,,0.0,,,0575cdd9a63f92ac3e478a49edeb58680039e5febc88082ce1a22b09e5e30380,100000,351113067,70229,29771,0.29771,0.38752149887944787,37992.24820210478,118195.0,0.999052327656555,0.6423004421786677,24991,0,23913
05a02e5e7846ca74,comments0720-fixed-arm-confirmation,poisson-n06-p045,pretrain_arm,10343,,9,6,6,poisson,,0.0,,,05a02e5e7846ca74e397bfec5c83f990ee01fa1b280a8e853f05b524ad714c7d,100000,200189456,99898,102,0.00102,0.966932029626975,22044.517369801575,22022.0,0.9989657844845178,0.9736962713704976,37481,0,37469
05a306be204c43bc,comments0720-fixed-arm-confirmation,poisson-n04-p025,pretrain_arm,10259,,12,4,4,poisson,,0.0,,,05a306be204c43bc02812c2fbcad3a5c28188e8aed6e4a068c01de3818fb7a33,100000,378251858,75707,24293,0.24293,0.3878843339349836,37964.85693338089,118194.0,0.9986077128902427,0.6559688489417421,24990,0,24107
05be014436f97280,comments0720-fixed-arm-confirmation,poisson-n06-p045,pretrain_arm,10337,,2,6,6,poisson,,0.0,,,05be014436f972802dfb605e462eef5274c609682e07eadfbae3076423a44f96,100000,200187388,99906,94,0.00094,0.9670942307314585,22043.408813342143,22022.0,0.9989764064587389,0.9737738790633991,37478,0,37464
05fa00738ca2a176,comments0720-fixed-arm-confirmation,poisson-n06-p045,pretrain_arm,10243,,5,6,6,poisson,,0.0,,,05fa00738ca2a1764a8f98130a140ebf67b975c0bca00f188891328985cc4ab1,100000,200191602,99858,142,0.00142,0.9665696216367757,22054.106504016185,22022.0,0.9989561427853934,0.9734722548073897,37477,0,37465
062952dc54af112f,comments0720-fixed-arm-confirmation,poisson-n06-p045,pretrain_arm,10243,,4,6,6,poisson,,0.0,,,062952dc54af112f577a2e75a8a9840bdb53cc127f9714fbb6aef71336a80ca8,100000,200191602,99858,142,0.00142,0.9665696216367757,22054.106504016185,22022.0,0.9989561427853934,0.9734722548073897,37477,0,37465
06317d73fcf051ea,comments0720-fixed-arm-confirmation,poisson-n04-p025,pretrain_arm,10303,,20,4,4,poisson,,0.0,,,06317d73fcf051eab79f89e4220fb29c8009f90437cc4375883fe3a273f3eaad,100000,349537076,70103,29897,0.29897,0.3885995315701502,37884.40965832085,116260.0,0.9989672741654513,0.6436064352452004,24993,0,23919
06660714ee9befc1,comments0720-fixed-arm-confirmation,poisson-n06-p045,pretrain_arm,10303,,21,6,6,poisson,,0.0,,,06660714ee9befc155ad44aedddf9bca4bb220b1126cc814ee3ad3e6ab692288,100000,200193518,99891,109,0.00109,0.9668849467943312,22047.37106899348,22022.0,0.9989746317020199,0.9736660261654504,37480,0,37468
067b791737db0aca,comments0720-fixed-arm-confirmation,poisson-n06-p045,pretrain_arm,10331,,18,6,6,poisson,,0.0,,,067b791737db0aca9845a981566c0d2f750dc6538a90eefd5b98591f7fca2ee4,100000,200187422,99903,97,0.00097,0.9669817567259545,22044.43385289966,22022.0,0.9989776588084122,0.9737293051781222,37482,0,37466
06929365fdf9f5b9,comments0720-fixed-arm-confirmation,poisson-n06-p045,pretrain_arm,10151,,11,6,6,poisson,,0.0,,,06929365fdf9f5b9d7642a79ffbf4fff70fa18ca219eaf5bcc068b724682b2de,100000,200187428,99918,82,0.00082,0.9671772644983481,22040.162883110122,22022.0,0.9989598251493109,0.973826029882553,37479,0,37467
06936b2388cea21c,comments0720-fixed-arm-confirmation,poisson-n06-p045,pretrain_arm,10181,,23,6,6,poisson,,0.0,,,06936b2388cea21c4a95030ef4c39664812d75677a4c484c92a3e1acc42d1bcb,100000,200195509,99867,133,0.00133,0.9665483405024835,22052.28938961494,22022.0,0.9989779571550506,0.9734949325525115,37478,0,37462
06c43cf0374b432c,comments0720-fixed-arm-confirmation,poisson-n06-p045,pretrain_arm,10289,,4,6,6,poisson,,0.0,,,06c43cf0374b432c2513e3bb5ecc264a05c8aa4fc6888b616354a05201373dc1,100000,200185429,99865,135,0.00135,0.9666700566902899,22053.424594153406,22022.0,0.9989461145268237,0.9735198904057045,37485,0,37471
06f46130f74a8306,comments0720-fixed-arm-confirmation,poisson-n06-p045,pretrain_arm,10267,,22,6,6,poisson,,0.0,,,06f46130f74a830646c108d0ef8f36294e09bab1834e61a0b5d4c30d4eec5c28,100000,200191478,99880,120,0.0012,0.9667537046706853,22049.33291945368,22022.0,0.9989717224009294,0.9735938090238717,37484,0,37471
076472eaf5eee648,comments0720-fixed-arm-confirmation,poisson-n04-p025,pretrain_arm,10337,,11,4,4,poisson,,0.0,,,076472eaf5eee6481adfdaa755081234647aaf3ad6d340408612d8727bce7afc,100000,353040528,70580,29420,0.2942,0.3874004006701463,38009.50381171003,118210.0,0.9990388052022968,0.6431230686241477,24991,0,23865
0786612a442b09bc,comments0720-fixed-arm-confirmation,poisson-n06-p045,pretrain_arm,10303,,19,6,6,poisson,,0.0,,,0786612a442b09bc2e0c4bfae220628d928c18ffb933dc588e98476c34176bb5,100000,200193513,99905,95,0.00095,0.967017247956481,22044.000100107114,22022.0,0.9989641813665182,0.9737416431076664,37480,0,37468
07a08be048030e49,comments0720-fixed-arm-confirmation,poisson-n04-p025,pretrain_arm,10181,,12,4,4,poisson,,0.0,,,07a08be048030e49cdfab63d7a28e0bd48d2d23b47df1113b9bc2ff5ac0c23cd,100000,379022117,75853,24147,0.24147,0.38785844521046775,37969.80116026106,116289.0,0.9986944574424262,0.6576241342176313,24990,0,24129
07d9858c55baf978,comments0720-fixed-arm-confirmation,poisson-n06-p045,pretrain_arm,10369,,2,6,6,poisson,,0.0,,,07d9858c55baf978798776c81c791e1c983870ce2e149f92a517a9da95c2275b,100000,200197473,99932,68,0.00068,0.96722934160113,22036.59409527622,22022.0,0.9989573155202213,0.9738775523737838,37483,0,37471
07f1f0f505a9f8e7,comments0720-fixed-arm-confirmation,poisson-n06-p045,pretrain_arm,10337,,3,6,6,poisson,,0.0,,,07f1f0f505a9f8e79f0e5fed30793acaca30092d9ef9a06c0e8ffd8b291bc4d8,100000,200187388,99906,94,0.00094,0.9670942307314585,22043.408813342143,22022.0,0.9989764064587389,0.9737738790633991,37478,0,37464
0807d3796e8be1bc,comments0720-fixed-arm-confirmation,poisson-n04-p025,pretrain_arm,10369,,23,4,4,poisson,,0.0,,,0807d3796e8be1bc9545c502ac037705eb9f13cbace45405643639baee111b3d,100000,352133203,70604,29396,0.29396,0.3885846373879148,37895.18442971273,118161.0,0.9986833206651579,0.6434919860176909,24992,0,23908
0809e1c979a0ad50,comments0720-fixed-arm-confirmation,poisson-n04-p025,pretrain_arm,10333,,13,4,4,poisson,,0.0,,,0809e1c979a0ad509d24ab1827ed7200e06064afc75e672c2499b189417ae92c,100000,378754793,75713,24287,0.24287,0.3873864323612665,38018.19542962816,118167.0,0.9987271634148503,0.655875698592039,24992,0,24058
08629afebf4b0ebd,comments0720-fixed-arm-confirmation,poisson-n06-p045,pretrain_arm,10301,,5,6,6,poisson,,0.0,,,08629afebf4b0ebddd425c740cd23ae7b458f198eca9d0e46423608e0a6356ce,100000,200185435,99888,112,0.00112,0.966934632382221,22047.405032239978,22022.0,0.9989676840592261,0.9736727721471491,37480,0,37467
0877c6c01c50da6e,comments0720-fixed-arm-confirmation,poisson-n06-p045,pretrain_arm,10273,,7,6,6,poisson,,0.0,,,0877c6c01c50da6ea3f21c82f03c76380a256332ac55d0ed7c2b1e5b61601a71,100000,200185489,99856,144,0.00144,0.9666231751693051,22055.57909338568,22022.0,0.99896476214276,0.9734879791040216,37480,0,37467
0897aa254a616650,comments0720-fixed-arm-confirmation,poisson-n06-p045,pretrain_arm,10271,,14,6,6,poisson,,0.0,,,0897aa254a61665070daf1af959954a7731dc55fc9b15d54416ed4eafd07896a,100000,200199482,99844,156,0.00156,0.9664034944905602,22058.2666880359,22022.0,0.9989441007893084,0.9733778650932895,37479,0,37464
08aa607aaa7df552,comments0720-fixed-arm-confirmation,poisson-n06-p045,pretrain_arm,10313,,1,6,6,poisson,,0.0,,,08aa607aaa7df552b999e7a6ee4fd65b24b8cd79e6bcdc5ebd54810f94ea3d6a,100000,200185410,99900,100,0.001,0.966970395095227,22043.069557904855,22022.0,0.9989568609648136,0.973711085353347,37482,0,37469
08b8a9fa9c899500,comments0720-fixed-arm-confirmation,poisson-n04-p025,pretrain_arm,10271,,0,4,4,poisson,,0.0,,,08b8a9fa9c8995005a3231e1eb79186d8c5f802521aab47306da0ef29d1d4d99,100000,374941562,75663,24337,0.24337,0.39100469742002086,37636.83738021281,116235.0,0.9989771443286793,0.6583281139162334,24988,0,24120
08c982ddb95a2ca7,comments0720-fixed-arm-confirmation,poisson-n06-p045,pretrain_arm,10301,,13,6,6,poisson,,0.0,,,08c982ddb95a2ca74c020281c78ed804de0ea1cbfcda11e568376321eddda3fb,100000,200185413,99878,122,0.00122,0.9668285271115133,22049.81027576953,22022.0,0.9989601839734181,0.9736099036949772,37480,0,37468
08d89b48d6866ebe,comments0720-fixed-arm-confirmation,poisson-n06-p045,pretrain_arm,10223,,1,6,6,poisson,,0.0,,,08d89b48d6866ebed4151b07990b1b422a9c19e0ed9030fe69c8bea7b9d80186,100000,200193427,99871,129,0.00129,0.9666929124501176,22052.099480267178,22022.0,0.9989563220369508,0.9735459114956895,37481,0,37468
08f8903fa6deb039,comments0720-fixed-arm-confirmation,poisson-n06-p045,pretrain_arm,10141,,17,6,6,poisson,,0.0,,,08f8903fa6deb039452af9b849348a1a4bf037b30a744b4a64debeae21fad954,100000,200193409,99909,91,0.00091,0.9670561132209902,22043.409862158023,22022.0,0.9989653182194531,0.9737649771468144,37480,0,37467
094a8169b77d2190,comments0720-fixed-arm-confirmation,poisson-n04-p025,pretrain_arm,10243,,7,4,4,poisson,,0.0,,,094a8169b77d2190a7d6da1f17efb0479a3cd8bcf83d9f0a400808d8705d2596,100000,342199599,68584,31416,0.31416,0.3884361419137724,37909.40502508166,116278.0,0.9983615498761398,0.6395405639299707,24990,0,23810
09599bb82314e3fc,comments0720-fixed-arm-confirmation,poisson-n04-p025,pretrain_arm,10243,,12,4,4,poisson,,0.0,,,09599bb82314e3fcde4676981fbfd373d85b4cd4c53bba28ad89ab21ddae480a,100000,377511449,75711,24289,0.24289,0.3887317335374377,37885.98356736193,116251.0,0.9984337559332834,0.657498663156907,24990,0,24065
0994c62396ea3856,comments0720-fixed-arm-confirmation,poisson-n04-p025,pretrain_arm,10313,,23,4,4,poisson,,0.0,,,0994c62396ea3856c6956bb52795297f4897150720da06606f1414b1f8e7dbaf,100000,355139190,70683,29317,0.29317,0.38565671955269143,38188.219186416696,118222.0,0.9992361883483175,0.6428571359670031,24993,0,23955
099a6d50d3ebe822,comments0720-fixed-arm-confirmation,poisson-n06-p045,pretrain_arm,10141,,2,6,6,poisson,,0.0,,,099a6d50d3ebe8223135cdf6affc02ff7adb7e965125e8e0186416d5f149b9d6,100000,200193399,99895,105,0.00105,0.966919688495823,22046.7788011974,22022.0,0.9989666929360762,0.9736849604772997,37480,0,37467
099cf8ef146ed6a7,comments0720-fixed-arm-confirmation,poisson-n06-p045,pretrain_arm,10303,,2,6,6,poisson,,0.0,,,099cf8ef146ed6a7aac0af08ba6af4e82d93b0101974590808b035571131911f,100000,200193494,99908,92,0.00092,0.9669697158090462,22043.275886922398,22022.0,0.9989596310631871,0.9737317822907444,37480,0,37467
09ce2aee74ace144,comments0720-fixed-arm-confirmation,poisson-n06-p045,pretrain_arm,10301,,16,6,6,poisson,,0.0,,,09ce2aee74ace144b8d5b9783c713ec004865f5c51ee144980d68c053dfdf417,100000,200185435,99896,104,0.00104,0.9669269545009606,22045.47920587882,22022.0,0.9989694652061214,0.9736908065690273,37481,0,37468
0a45a81e327889c1,comments0720-fixed-arm-confirmation,poisson-n06-p045,pretrain_arm,10177,,14,6,6,poisson,,0.0,,,0a45a81e327889c1bcbfbabff1fd169d373dabb43e5bb701772782731b64e7cb,100000,200193521,99856,144,0.00144,0.9665857168274692,22054.677536957654,22022.0,0.998961851163917,0.9734745226637954,37477,0,37462
0a72d501a9001152,comments0720-fixed-arm-confirmation,poisson-n06-p045,pretrain_arm,10181,,1,6,6,poisson,,0.0,,,0a72d501a9001152e960b00bb1f75c56255fbd5936fbc63f7bff904a6b841add,100000,200195475,99820,180,0.0018,0.9661448242024452,22063.61152412632,22022.0,0.9989662032806894,0.973239009161045,37477,0,37463
0a88fe14a0bb710b,comments0720-fixed-arm-confirmation,poisson-n04-p025,pretrain_arm,10273,,21,4,4,poisson,,0.0,,,0a88fe14a0bb710b430d468c50128f08b4c966369d4c16275f0e45fd335230bb,100000,350631156,70169,29831,0.29831,0.38772525679378017,37972.7218682744,118198.0,0.9990040910870754,0.6422002826269518,24990,0,23893
0a90fb491f67d1ea,comments0720-fixed-arm-confirmation,poisson-n04-p025,pretrain_arm,10267,,17,4,4,poisson,,0.0,,,0a90fb491f67d1ea9f31df3ea6d9c209a467b97046d576cfa6e2e085b092681c,100000,390744917,77433,22567,0.22567,0.3840339885982445,38368.02532773652,118253.0,0.998964321201222,0.6590799365998221,24992,0,24136
0ab667049b1b780c,comments0720-fixed-arm-confirmation,poisson-n04-p025,pretrain_arm,10193,,9,4,4,poisson,,0.0,,,0ab667049b1b780cf605732fe02610d9ac75c896c2796113c32c2f72178c895a,100000,346603503,69517,30483,0.30483,0.38858565142661006,37881.585665165665,116270.0,0.9987593773866219,0.6420608429377441,24993,0,23903
0ab94c172a26583b,comments0720-fixed-arm-confirmation,poisson-n04-p025,pretrain_arm,10333,,2,4,4,poisson,,0.0,,,0ab94c172a26583b0d87f0cf43c7b61a20e7ed81c42cd40adcd5be76bfbfbb42,100000,383764064,76690,23310,0.2331,0.38723828503129465,38029.85498552463,118188.0,0.9987269988781696,0.6582547613031547,24992,0,24135
0aee2a30e8a82671,comments0720-fixed-arm-confirmation,poisson-n06-p045,pretrain_arm,10181,,3,6,6,poisson,,0.0,,,0aee2a30e8a826717f5e377de35d982aaa00f077c1dae754e60a272631f63e9e,100000,200195489,99830,170,0.0017,0.9663197455962657,22061.202718948487,22022.0,0.9989799036403734,0.9733268830788797,37477,0,37462
0b4086324d0e1f0c,comments0720-fixed-arm-confirmation,poisson-n06-p045,pretrain_arm,10267,,3,6,6,poisson,,0.0,,,0b4086324d0e1f0c576f5f5c63a78c73678b8c3f031696c9fe481b6137bb3fb0,100000,200191446,99857,143,0.00143,0.9665734868611718,22054.608322900494,22022.0,0.9989555790426237,0.9734708553012651,37485,0,37473
0b8d2fb741f61630,comments0720-fixed-arm-confirmation,poisson-n06-p045,pretrain_arm,10163,,11,6,6,poisson,,0.0,,,0b8d2fb741f6163045c8388787817411b957ab251535f434742303f3015d6405,100000,200187597,99874,126,0.00126,0.9667720223446211,22049.985419879435,22022.0,0.9989831089884007,0.9735887104443407,37480,0,37467
0bd99afe762e047d,comments0720-fixed-arm-confirmation,poisson-n04-p025,pretrain_arm,10193,,6,4,4,poisson,,0.0,,,0bd99afe762e047d595bedd828fe477361a227f4160fbc1c1f16ef50706ed8e2,100000,341654615,68519,31481,0.31481,0.38867580348651226,37883.8419815796,116280.0,0.9987586733667217,0.6395889922844112,24993,0,23877
0c3251894a73265b,comments0720-fixed-arm-confirmation,poisson-n06-p045,pretrain_arm,10253,,10,6,6,poisson,,0.0,,,0c3251894a73265bad39bb13083dbd7edd2c27adca3bbbdcfeba6aa4fd5eeb96,100000,200191473,99891,109,0.00109,0.9669339862442593,22047.56660559277,22022.0,0.9989781769952114,0.9736835544131569,37479,0,37464
0c34746352d191c3,comments0720-fixed-arm-confirmation,poisson-n06-p045,pretrain_arm,10331,,16,6,6,poisson,,0.0,,,0c34746352d191c35aa4491eeca92a85dae4667f707a3a706cc0d7dc3b45deee,100000,200187410,99855,145,0.00145,0.9665986387455635,22055.99194735735,22022.0,0.9989729108934975,0.9734800165463535,37481,0,37467
0c89410de9b6635c,comments0720-fixed-arm-confirmation,poisson-n06-p045,pretrain_arm,10301,,23,6,6,poisson,,0.0,,,0c89410de9b6635c7a0fa3979d1e89a547484852d2fdd50d1c6dcbfa790d283f,100000,200185430,99920,80,0.0008,0.9671564409058142,22039.702135965086,22022.0,0.9989586535577889,0.9738236981545344,37480,0,37468
0cb9de4db3dcdef2,comments0720-fixed-arm-confirmation,poisson-n04-p025,pretrain_arm,10159,,2,4,4,poisson,,0.0,,,0cb9de4db3dcdef29c30fa3c858929a71465c4be81b759ed6bda6affd15e9527,100000,380020250,76575,23425,0.23425,0.3904802415134457,37695.30834432589,116245.0,0.998713639287193,0.660338793600213,24991,0,24141
0cc3bfa32fc8d5e8,comments0720-fixed-arm-confirmation,poisson-n06-p045,pretrain_arm,10253,,9,6,6,poisson,,0.0,,,0cc3bfa32fc8d5e872e50fb99c60ec8afe49dcc509aa21cded322322f8bda756,100000,200191474,99866,134,0.00134,0.9666205065256676,22053.58741762974,22022.0,0.9989607653778708,0.9735107573011794,37479,0,37465
0cc88a3b051f229c,comments0720-fixed-arm-confirmation,poisson-n06-p045,pretrain_arm,10141,,4,6,6,poisson,,0.0,,,0cc88a3b051f229c5cd4cd241ab0a2cd6aa39c4c52facff4ada6ba3d643eee7d,100000,200193409,99909,91,0.00091,0.9670561132209902,22043.409862158023,22022.0,0.9989653182194531,0.9737649771468144,37480,0,37467
0cf2d8db27828173,comments0720-fixed-arm-confirmation,poisson-n04-p025,pretrain_arm,10169,,14,4,4,poisson,,0.0,,,0cf2d8db27828173fb2e1ecdfafac0c423c671d1031ffa780fc989178843d39b,100000,386455635,76641,23359,0.23359,0.38422376736724256,38333.01192697663,118264.0,0.9989565666870237,0.6571532780180889,24993,0,24152
0d21e57a6d952a3a,comments0720-fixed-arm-confirmation,poisson-n04-p025,pretrain_arm,10103,,20,4,4,poisson,,0.0,,,0d21e57a6d952a3a56c5271b314591050d4022e4425f3080f1169628a828e741,100000,350907615,69862,30138,0.30138,0.38584451066985254,38176.6714003493,118215.0,0.9984939228135011,0.6406244778277846,24987,0,23802
0d2e68eacbe21b0f,comments0720-fixed-arm-confirmation,poisson-n06-p045,pretrain_arm,10301,,19,6,6,poisson,,0.0,,,0d2e68eacbe21b0fcc836b907c8a25e4f2b9dfcbcf165085140ce8772616066c,100000,200185429,99905,95,0.00095,0.9670953873470981,22043.312003844112,22022.0,0.9989574103434923,0.9737654325635301,37480,0,37468
0d5da6995f8f617c,comments0720-fixed-arm-confirmation,poisson-n06-p045,pretrain_arm,10271,,23,6,6,poisson,,0.0,,,0d5da6995f8f617c158e1e2b383a7a9064b0399cf4c6dca25cdcd3ae10ef02db,100000,200199495,99886,114,0.00114,0.9668254907436205,22048.151040310793,22022.0,0.9989386584692372,0.973621716404286,37480,0,37464
0d85d97810b7a701,comments0720-fixed-arm-confirmation,poisson-n06-p045,pretrain_arm,10193,,2,6,6,poisson,,0.0,,,0d85d97810b7a7010ca2c35e1757667aee59a236715a5a489079538c34a930dd,100000,200189487,99773,227,0.00227,0.9657302233858065,22076.074237427452,22022.0,0.9989424464185162,0.9729753899347743,37476,0,37460
0d90dd6ea1c8783b,comments0720-fixed-arm-confirmation,poisson-n04-p025,pretrain_arm,10103,,18,4,4,poisson,,0.0,,,0d90dd6ea1c8783bf1a73abd16eea1e5d95665e39d8c985f27b28f0e3f57de07,100000,348346080,69370,30630,0.3063,0.38598102496230186,38169.30892996165,118241.0,0.998496136721659,0.6394233872279869,24987,0,23875
0d91cdf200a63dfc,comments0720-fixed-arm-confirmation,poisson-n04-p025,pretrain_arm,10223,,14,4,4,poisson,,0.0,,,0d91cdf200a63dfcd9b003def03623a99c683c32ff7395525a7bc6790e8b4d37,100000,387124078,76925,23075,0.23075,0.3850028155572385,38258.37909694866,118251.0,0.9991230350722258,0.658187116876488,24990,0,24109
0dc54a06b382dc3e,comments0720-fixed-arm-confirmation,poisson-n06-p045,pretrain_arm,10139,,22,6,6,poisson,,0.0,,,0dc54a06b382dc3eb1ef5a8468bbfba0d6b9d9d5fd80fa7aa452d9a05bda2c16,100000,200189493,99861,139,0.00139,0.966553729170991,22054.114212460816,22022.0,0.9989378380500135,0.9734683557403349,37481,0,37468
0dff384798f69255,comments0720-fixed-arm-confirmation,poisson-n04-p025,pretrain_arm,10169,,10,4,4,poisson,,0.0,,,0dff384798f6925509f59463ddb1a02a769341ed41c27e3a03cf0f0332c234e5,100000,355632913,70537,29463,0.29463,0.38423046912983555,38329.87881580627,118307.0,0.998998686402658,0.6418808851774979,24993,0,23925
0e44fe9aa2d21446,comments0720-fixed-arm-confirmation,poisson-n06-p045,pretrain_arm,10181,,10,6,6,poisson,,0.0,,,0e44fe9aa2d2144657311d6cbf07d6b6f89a4a3674d652d884a5f06e4da20805,100000,200195511,99854,146,0.00146,0.9664232331363314,22055.421435868673,22022.0,0.9989708201834574,0.9734183511065964,37478,0,37462
0e50c9afca4f1d6b,comments0720-fixed-arm-confirmation,poisson-n06-p045,pretrain_arm,10331,,2,6,6,poisson,,0.0,,,0e50c9afca4f1d6be36bef1773d063fa81d52a92e3e71af679a279919d92277d,100000,200187413,99857,143,0.00143,0.9665741921546286,22055.51053132355,22022.0,0.9989764507475242,0.9734780476340509,37481,0,37468
0e6463987d3cc304,comments0720-fixed-arm-confirmation,poisson-n06-p045,pretrain_arm,10321,,14,6,6,poisson,,0.0,,,0e6463987d3cc30428f9fee8c2cfdcc6e0c3b84e57126dff996828b548f19bce,100000,200185372,99935,65,0.00065,0.9673443522137072,22035.92754420904,22022.0,0.9989692826654581,0.9739273782930551,37482,0,37469
0e73c0f83e8423cb,comments0720-fixed-arm-confirmation,poisson-n06-p045,pretrain_arm,10357,,6,6,6,poisson,,0.0,,,0e73c0f83e8423cb77f0cad89859b49f0a3b15b8b67480137972f8410f7b62a1,100000,200185441,99940,60,0.0006,0.9674413285629498,22035.310653670644,22022.0,0.9989528997939333,0.9739667427856277,37478,0,37465
0e82adf04e033279,comments0720-fixed-arm-confirmation,poisson-n04-p025,pretrain_arm,10321,,3,4,4,poisson,,0.0,,,0e82adf04e033279e4ca165bc1d95c0ff462f4e6fe3fc253628c0e7e0a72f006,100000,383118004,76769,23231,0.23231,0.38828981266043555,37917.07667956384,118215.0,0.9988009516467764,0.6588094214357373,24992,0,24115
0ead6f25f6fb5f26,comments0720-fixed-arm-confirmation,poisson-n04-p025,pretrain_arm,10151,,13,4,4,poisson,,0.0,,,0ead6f25f6fb5f2622dcbffddadd30484f809b9101666187f1a4d82106118191,100000,380267688,75992,24008,0.24008,0.38722747329507523,38025.80024742051,118137.0,0.9990358919199318,0.6566431217383358,24989,0,24115
0eb771c97bc83c01,comments0720-fixed-arm-confirmation,poisson-n04-p025,pretrain_arm,10273,,15,4,4,poisson,,0.0,,,0eb771c97bc83c01dd78e13535546f3b1d268d044d4b386ca4986ca491d570a3,100000,383301639,76673,23327,0.23327,0.3875869834201257,37989.06708406704,118177.0,0.9990301508067219,0.6584368780756159,24990,0,24146
0ee35e601bae181c,comments0720-fixed-arm-confirmation,poisson-n04-p025,pretrain_arm,10301,,17,4,4,poisson,,0.0,,,0ee35e601bae181c357d9acbcb15daa4f61da77a682854519c8990f137d744ac,100000,385263643,77298,22702,0.22702,0.38883948880688957,37869.19451416742,118212.0,0.9986773017180335,0.6602759301749743,24990,0,24141
0f59d63f63d50648,comments0720-fixed-arm-confirmation,poisson-n04-p025,pretrain_arm,10247,,18,4,4,poisson,,0.0,,,0f59d63f63d5064854f50b0db183cec5c8f3c3b6588ca77b794c2dfd739c399e,100000,346679364,69285,30715,0.30715,0.38720304102092445,38022.42708258152,118220.0,0.9989737277947972,0.6397914229385738,24991,0,23925
0f627233e4dd95c3,comments0720-fixed-arm-confirmation,poisson-n06-p045,pretrain_arm,10271,,2,6,6,poisson,,0.0,,,0f627233e4dd95c36d4dc3a2d8ecd0a1a04f503131a0f967d39cfe3d830169b5,100000,200199484,99844,156,0.00156,0.9663690441879461,22058.266668002245,22022.0,0.9989365741815746,0.9733638727898402,37479,0,37464
0f85e878cdd4e08f,comments0720-fixed-arm-confirmation,poisson-n04-p025,pretrain_arm,10369,,7,4,4,poisson,,0.0,,,0f85e878cdd4e08f4c950818cef57b38e3ba7f28ff31d6b3afc585572640437b,100000,341956032,68531,31469,0.31469,0.38835285408856307,37912.86054317529,118192.0,0.9986156037426105,0.6381889859437245,24992,0,23873
0f8a07574395672d,comments0720-fixed-arm-confirmation,poisson-n04-p025,pretrain_arm,10267,,2,4,4,poisson,,0.0,,,0f8a07574395672d952d0187bdca900f1a8d982a93ff344bcf775185952b02b3,100000,388079696,76868,23132,0.23132,0.3837454201675112,38385.226151444185,118272.0,0.9989444393243103,0.6575519531639404,24992,0,24125
0f913b664930df67,comments0720-fixed-arm-confirmation,poisson-n04-p025,pretrain_arm,10133,,11,4,4,poisson,,0.0,,,0f913b664930df67ae0e34c74b4a9caed9ae84bfce373f1395cfb31e67f3afb1,100000,355401265,70690,29310,0.2931,0.3854139995815716,38216.41688124275,118247.0,0.9991309098194588,0.6427419698003435,24993,0,23900
0fa46bf14d73c633,comments0720-fixed-arm-confirmation,poisson-n06-p045,pretrain_arm,10133,,20,6,6,poisson,,0.0,,,0fa46bf14d73c633b213477d58b140c4e43771cf6ecfd77be5af4de655c6fe3a,100000,200185483,99877,123,0.00123,0.9668291781177759,22050.29719120813,22022.0,0.9989681248735848,0.9736102676637869,37479,0,37466
0fa5ef57ae34a1c1,comments0720-fixed-arm-confirmation,poisson-n06-p045,pretrain_arm,10141,,1,6,6,poisson,,0.0,,,0fa5ef57ae34a1c171e30e23446ca4f89ad1e36da9024bbc43eee3e5f36bc202,100000,200193404,99904,96,0.00096,0.9670076142968227,22044.612641652984,22022.0,0.9989593939911928,0.9737343360960052,37480,0,37466
0ffa3052d303c8e1,comments0720-fixed-arm-confirmation,poisson-n06-p045,pretrain_arm,10193,,9,6,6,poisson,,0.0,,,0ffa3052d303c8e145482329f151c3c1fa88e1414d9c7947d2e8041a98241227,100000,200189540,99802,198,0.00198,0.9660437153709429,22069.083765908406,22022.0,0.998945270203601,0.973153328524848,37476,0,37460
10206a29fd5668d9,comments0720-fixed-arm-confirmation,poisson-n04-p025,pretrain_arm,10151,,16,4,4,poisson,,0.0,,,10206a29fd5668d9350d09a0e74ddd2ac1a538e5c964161db306149b005a770f,100000,386935456,77348,22652,0.22652,0.38735752610895396,38015.497957072665,116278.0,0.9990535243117058,0.6613216834735532,24989,0,24154
102a999b3f473156,comments0720-fixed-arm-confirmation,poisson-n04-p025,pretrain_arm,10301,,14,4,4,poisson,,0.0,,,102a999b3f4731564303adbe98a8d9a902978c2c875ad2268cd67bf6f684a211,100000,381715441,76599,23401,0.23401,0.38888927733997536,37866.839576451544,118204.0,0.998689090747885,0.6585542893626201,24990,0,24139
102c54c4302dcbd2,comments0720-fixed-arm-confirmation,poisson-n04-p025,pretrain_arm,10193,,20,4,4,poisson,,0.0,,,102c54c4302dcbd20b88bc754788a39acb1e647b2cef64f0dfafa91370a54752,100000,349857489,70149,29851,0.29851,0.38847099825837944,37891.77231576396,116273.0,0.9987921982274557,0.6436115654952785,24993,0,23906
103e7103b4086d4c,comments0720-fixed-arm-confirmation,poisson-n06-p045,pretrain_arm,10111,,12,6,6,poisson,,0.0,,,103e7103b4086d4c1c9608f23932434f8ea7e7d61393873097192923c8ad3639,100000,200189374,99905,95,0.00095,0.966992608708592,22043.08495089746,22022.0,0.9989703475623356,0.9737354854236425,37483,0,37471
107955980aa3cf3e,comments0720-fixed-arm-confirmation,poisson-n06-p045,pretrain_arm,10247,,4,6,6,poisson,,0.0,,,107955980aa3cf3ea4317d6bc4a782657cda17448c112f040a00a388f82a8d69,100000,200187444,99887,113,0.00113,0.9668989979211683,22048.368080100125,22022.0,0.9989707349759743,0.9736594109657143,37478,0,37464
10bc298ca729756d,comments0720-fixed-arm-confirmation,poisson-n06-p045,pretrain_arm,10337,,12,6,6,poisson,,0.0,,,10bc298ca729756d8333560a97e9f70ef0115513b08e0541f8e055b7f23d48f2,100000,200187377,99921,79,0.00079,0.9671950344801211,22039.797775976138,22022.0,0.9989714535791837,0.9738433293531017,37478,0,37464
10c1d1d3ab025373,comments0720-fixed-arm-confirmation,poisson-n04-p025,pretrain_arm,10253,,8,4,4,poisson,,0.0,,,10c1d1d3ab02537305644679bcf15a15c74c1dd23e81b0df3f68aa33e547e7dd,100000,347436558,69503,30497,0.30497,0.38773782694450937,37982.74907547305,118215.0,0.9984450454534767,0.6403417907993287,24990,0,23835
110f272737a5af35,comments0720-fixed-arm-confirmation,poisson-n04-p025,pretrain_arm,10313,,19,4,4,poisson,,0.0,,,110f272737a5af356810fd514f28f4e77770e46539966cf8c6a497bcad599eb5,100000,347731426,69220,30780,0.3078,0.38562350128227985,38182.22786511009,118236.0,0.9992475088991682,0.6391830033938161,24992,0,23911
11248be8014e5c12,comments0720-fixed-arm-confirmation,poisson-n04-p025,pretrain_arm,10243,,16,4,4,poisson,,0.0,,,11248be8014e5c12fd086fa4cbb36c3f5fe59995c40fbeb4b9054baae36c5178,100000,386547765,77500,22500,0.225,0.3885756861121678,37897.70316935942,116283.0,0.9984200440475444,0.6618932433865707,24990,0,24138
114bc24b2e135e8d,comments0720-fixed-arm-confirmation,poisson-n06-p045,pretrain_arm,10333,,20,6,6,poisson,,0.0,,,114bc24b2e135e8d5a4823db82ec550823a076b858e54013e5f320a9151a1f33,100000,200191430,99887,113,0.00113,0.9668080696561286,22048.32670838548,22022.0,0.9989688413794808,0.9736284703452033,37482,0,37469
1169e2b7c8631675,comments0720-fixed-arm-confirmation,poisson-n06-p045,pretrain_arm,10313,,0,6,6,poisson,,0.0,,,1169e2b7c8631675260458be389b1e09d79bcad9d13d80e61b307d4aad27d974,100000,200185410,99900,100,0.001,0.966970395095227,22043.069557904855,22022.0,0.9989568609648136,0.973711085353347,37482,0,37469
1170228407c6f8a1,comments0720-fixed-arm-confirmation,poisson-n04-p025,pretrain_arm,10111,,0,4,4,poisson,,0.0,,,1170228407c6f8a108b3bcb727c8646534022d3bc518dc12c8a35d2fb21df519,100000,380915580,75831,24169,0.24169,0.38574929384615875,38175.15478153067,118216.0,0.9989541918058229,0.6556679952173273,24991,0,24087
11820cb4909c94c8,comments0720-fixed-arm-confirmation,poisson-n06-p045,pretrain_arm,10369,,12,6,6,poisson,,0.0,,,11820cb4909c94c8ab1d8bf688e4d0fc3e2189575af36eec2ae97888b1980ab2,100000,200197471,99911,89,0.00089,0.9671131959504123,22041.64672319042,22022.0,0.9989464071575965,0.973782701036003,37483,0,37471
11a3eedbefc0f0ce,comments0720-fixed-arm-confirmation,poisson-n06-p045,pretrain_arm,10151,,9,6,6,poisson,,0.0,,,11a3eedbefc0f0ce5c5387445b517d6cc234a9f6ef13fb171fdbd3788782ae77,100000,200187424,99917,83,0.00083,0.9671244882995248,22040.40330313798,22022.0,0.9989573508165286,0.9738051130386844,37479,0,37467
11a82e8a9f4cd4a1,comments0720-fixed-arm-confirmation,poisson-n06-p045,pretrain_arm,10267,,23,6,6,poisson,,0.0,,,11a82e8a9f4cd4a1fa2ccf6682db0c8702ee65cbeed271ce368bd3acd02c3002,100000,200191478,99880,120,0.0012,0.9667537046706853,22049.33291945368,22022.0,0.9989717224009294,0.9735938090238717,37484,0,37471
11baf18fabf857f7,comments0720-fixed-arm-confirmation,poisson-n04-p025,pretrain_arm,10273,,0,4,4,poisson,,0.0,,,11baf18fabf857f77f2ab86ebdf6f9199cb89b47dc4b84a0068c9966e2c96a6c,100000,378934690,75817,24183,0.24183,0.38766190553839236,37981.22242741627,118188.0,0.9990230643046483,0.6563121566143468,24990,0,24125
11bfc79ea6e29864,comments0720-fixed-arm-confirmation,poisson-n04-p025,pretrain_arm,10151,,2,4,4,poisson,,0.0,,,11bfc79ea6e29864bc29a136311c2dcd50f0ede93024b5964ac91968e2ec5f76,100000,384177463,76757,23243,0.23243,0.3871110549761739,38034.716660803395,118170.0,0.9990539877551035,0.6585008475770924,24989,0,24116
11fefe866272fca4,comments0720-fixed-arm-confirmation,poisson-n06-p045,pretrain_arm,10193,,6,6,6,poisson,,0.0,,,11fefe866272fca4ce2ba185ca8e9ab05c32ba7e0bbd08b5e20ed2e07830b3b2,100000,200189514,99816,184,0.00184,0.9661477923364158,22065.704520860887,22022.0,0.9989606515858105,0.9732281479740754,37476,0,37462
1219931627360851,comments0720-fixed-arm-confirmation,poisson-n04-p025,pretrain_arm,10337,,15,4,4,poisson,,0.0,,,1219931627360851cd0b26a1bb3474d8999f5b6edd8e387625a4f490ab815aa5,100000,382576015,76626,23374,0.23374,0.3880401493543708,37939.900493356654,118189.0,0.9990731667489278,0.6584767720344329,24991,0,24104
1279214e6124340e,comments0720-fixed-arm-confirmation,poisson-n04-p025,pretrain_arm,10193,,5,4,4,poisson,,0.0,,,1279214e6124340ec157a3977bbefa6278b14a6b35171629ac15b2e3f231d1ca,100000,386036747,77420,22580,0.2258,0.3886270391766616,37885.58746705937,116264.0,0.9988108059563645,0.6618532817110088,24993,0,24172
1292ccf79f366e27,comments0720-fixed-arm-confirmation,poisson-n04-p025,pretrain_arm,10181,,18,4,4,poisson,,0.0,,,1292ccf79f366e2764087974abbd4f2188a38c319ad21325eef08fab1dcf4767,100000,346638126,69417,30583,0.30583,0.38808461594325605,37941.41187742224,116272.0,0.9987496109919939,0.6416392423117501,24990,0,23904
129cb9bba849198c,comments0720-fixed-arm-confirmation,poisson-n06-p045,pretrain_arm,10289,,15,6,6,poisson,,0.0,,,129cb9bba849198c91475fe8d82ce22b4941654b11658c543837fa4aa233c955,100000,200185436,99871,129,0.00129,0.9666735995719489,22051.98015201434,22022.0,0.9989222829022817,0.9735281274914102,37483,0,37471
12d7909530f15785,comments0720-fixed-arm-confirmation,poisson-n04-p025,pretrain_arm,10253,,23,4,4,poisson,,0.0,,,12d7909530f15785266f6c20fac07dbb35c5f8553f82ed39893be8723ac45941,100000,352718766,70549,29451,0.29451,0.38764970049821507,37993.12903134347,118214.0,0.9984610683387037,0.6429334229456397,24990,0,23895
12ec707857ce04a8,comments0720-fixed-arm-confirmation,poisson-n04-p025,pretrain_arm,10159,,11,4,4,poisson,,0.0,,,12ec707857ce04a8a8baecb4abc5a08a10351268061f023b91c37e73500792a6,100000,348304648,70236,29764,0.29764,0.39076964887359183,37666.399327903404,116276.0,0.9988368027603202,0.6446081505446374,24991,0,23917
135a7eea94881129,comments0720-fixed-arm-confirmation,poisson-n04-p025,pretrain_arm,10253,,6,4,4,poisson,,0.0,,,135a7eea94881129439a7226c95518d023802472e20e86be2dbeeedbdcbb9cd7,100000,344467383,68895,31105,0.31105,0.3875821299458126,37994.39557536255,118223.0,0.9984308108953566,0.6387598136137232,24990,0,23837
13605faf36bb83d1,comments0720-fixed-arm-confirmation,poisson-n04-p025,pretrain_arm,10331,,1,4,4,poisson,,0.0,,,13605faf36bb83d192ab91a95d2f68ef2e6f6ca9291ef0257eb0fd7e51b3b166,100000,378510341,75749,24251,0.24251,0.3877851411198301,37970.21125942356,118223.0,0.9988004063687087,0.6560856824961796,24992,0,24073
1394a7984fa75e6f,comments0720-fixed-arm-confirmation,poisson-n04-p025,pretrain_arm,10247,,11,4,4,poisson,,0.0,,,1394a7984fa75e6f67654fd94bfe572b7867eeef32739884b989848a26b70d39,100000,351325348,70242,29758,0.29758,0.38741991369208006,38006.741022866416,118213.0,0.9990170697526987,0.6422753278149261,24991,0,23901
1398fb356d1d208e,comments0720-fixed-arm-confirmation,poisson-n04-p025,pretrain_arm,10259,,3,4,4,poisson,,0.0,,,1398fb356d1d208ee7d53233fae1dba7fa0d31c9cff1c119cf8b75151e5097e4,100000,383354846,76814,23186,0.23186,0.38832922174668427,37921.64202015468,118170.0,0.9986380674554867,0.6589107630673902,24990,0,24128
13bc2e898a027e81,comments0720-fixed-arm-confirmation,poisson-n06-p045,pretrain_arm,10177,,17,6,6,poisson,,0.0,,,13bc2e898a027e818bd8df70af5aa9c31fd1e79643cc997269220c73a3a06515,100000,200193516,99869,131,0.00131,0.9666828120447217,22051.545520093736,22022.0,0.9989512076500897,0.9735358398982704,37475,0,37462
13c4a7931a6ea1fa,comments0720-fixed-arm-confirmation,poisson-n06-p045,pretrain_arm,10343,,2,6,6,poisson,,0.0,,,13c4a7931a6ea1fa3abff84dd4acba18d47486368fd57866ee6152ffd8e7827f,100000,200189437,99890,110,0.0011,0.9668515527120445,22046.44068763892,22022.0,0.9989575775797447,0.973646710097263,37481,0,37469
13ca8dd61442520d,comments0720-fixed-arm-confirmation,poisson-n06-p045,pretrain_arm,10211,,22,6,6,poisson,,0.0,,,13ca8dd61442520d92d37d95430ef08a0fcfa27392dd82cc6831148251b4c284,100000,200193485,99822,178,0.00178,0.9661702527432399,22063.191784390343,22022.0,0.9989779161967369,0.973256389646659,37479,0,37461
141a20519c8efc6a,comments0720-fixed-arm-confirmation,poisson-n06-p045,pretrain_arm,10151,,6,6,6,poisson,,0.0,,,141a20519c8efc6a738094758b0eb0c2bbb0bdef464a17c07e7b3d8009ff9ef0,100000,200187458,99878,122,0.00122,0.9668410795245724,22049.79554603168,22022.0,0.9989574598334354,0.9736131797860027,37479,0,37466
146dcae55b8afed7,comments0720-fixed-arm-confirmation,poisson-n06-p045,pretrain_arm,10253,,5,6,6,poisson,,0.0,,,146dcae55b8afed76f18b8d41c9aeb2c528bbfd13bb0c472e2966f43c1202b0a,100000,200191456,99878,122,0.00122,0.9667617583040108,22050.69513147618,22022.0,0.9989787309508319,0.9735938297516142,37479,0,37465
147839151f60b417,comments0720-fixed-arm-confirmation,poisson-n06-p045,pretrain_arm,10243,,23,6,6,poisson,,0.0,,,147839151f60b4172e87456293c3ec42c633b45cc02606de56aa56476fb0ad38,100000,200191592,99863,137,0.00137,0.9666473604945407,22053.06097084656,22022.0,0.9989707976613551,0.973515552718632,37477,0,37465
148a535b950883c6,comments0720-fixed-arm-confirmation,poisson-n06-p045,pretrain_arm,10211,,15,6,6,poisson,,0.0,,,148a535b950883c68d27d4626c2d68e12797fc4e755532b0e38bb3b115036686,100000,200193445,99789,211,0.00211,0.9658579230703582,22071.14556460908,22022.0,0.9989805725115898,0.9730706651939826,37478,0,37463
14ae77505a77a99e,comments0720-fixed-arm-confirmation,poisson-n06-p045,pretrain_arm,10337,,22,6,6,poisson,,0.0,,,14ae77505a77a99eced8abcd67425886e28eeb2d11c9a236ec40416f9c0e77cb,100000,200187386,99930,70,0.0007,0.9672962910859928,22037.633329330052,22022.0,0.9989809343399796,0.9739027418086574,37484,0,37468
14b1e1fd30e2c838,comments0720-fixed-arm-confirmation,poisson-n04-p025,pretrain_arm,10337,,1,4,4,poisson,,0.0,,,14b1e1fd30e2c83880444b57b5cec78446647f6d5e2f729f758fb2e96d0585f2,100000,378812205,75898,24102,0.24102,0.38822567504127803,37926.37724337857,118156.0,0.9990693267860852,0.6567393339424543,24991,0,24091
1519d925a4694f7b,comments0720-fixed-arm-confirmation,poisson-n04-p025,pretrain_arm,10289,,5,4,4,poisson,,0.0,,,1519d925a4694f7b56a7ef97959c73ded9eba5aa8565e8e25cb5cc07f298af26,100000,384320751,77352,22648,0.22648,0.3900166582470068,37741.76095107571,116349.0,0.998753112172187,0.6620705901397312,24993,0,24166
15696a34c0b88ab7,comments0720-fixed-arm-confirmation,poisson-n06-p045,pretrain_arm,10177,,10,6,6,poisson,,0.0,,,15696a34c0b88ab79e8211217f4986aa655ddae2dd73e7679563d6f0255edd61,100000,200193537,99894,106,0.00106,0.9668826721414089,22045.36760377245,22022.0,0.9989581160026277,0.973667262714679,37478,0,37463
1576b99a634962ee,comments0720-fixed-arm-confirmation,poisson-n06-p045,pretrain_arm,10159,,22,6,6,poisson,,0.0,,,1576b99a634962eea050c775900848ee3cb2b632e900a0db95df467379e95674,100000,200201532,99887,113,0.00113,0.9668490648712917,22048.55372215269,22022.0,0.9989653838076895,0.9736409828929938,37479,0,37467
1596bc7f7aa9ed88,comments0720-fixed-arm-confirmation,poisson-n06-p045,pretrain_arm,10273,,14,6,6,poisson,,0.0,,,1596bc7f7aa9ed8853dbc1dbfccf891393826fbd7a38611824d368552a46ffac,100000,200185451,99842,158,0.00158,0.9663729808216682,22058.94802163678,22022.0,0.9989596597252216,0.9733678801822966,37480,0,37466
163733112c470938,comments0720-fixed-arm-confirmation,poisson-n06-p045,pretrain_arm,10301,,4,6,6,poisson,,0.0,,,163733112c470938f2fb06d7820124041778f1328f2d7fe9e70624e885dcfe5d,100000,200185435,99888,112,0.00112,0.966934632382221,22047.405032239978,22022.0,0.9989676840592261,0.9736727721471491,37480,0,37467
1638b4710bec6761,comments0720-fixed-arm-confirmation,poisson-n04-p025,pretrain_arm,10369,,3,4,4,poisson,,0.0,,,1638b4710bec6761c608dd918a77e499f8c9bb0d7cf59efbb652fa49620231cd,100000,382454618,76624,23376,0.23376,0.38822359833552855,37928.21445912081,118132.0,0.9987626097099673,0.6584674026818318,24992,0,24193
1642f237c6063130,comments0720-fixed-arm-confirmation,poisson-n04-p025,pretrain_arm,10259,,18,4,4,poisson,,0.0,,,1642f237c60631304fd93ebf5b58b0598e24abe9245bfd8355e840322146ee57,100000,347228404,69447,30553,0.30553,0.3876215725715803,37993.111723959155,118221.0,0.9984764674354936,0.6401695133356913,24990,0,23870
166c70152dd3f005,comments0720-fixed-arm-confirmation,poisson-n04-p025,pretrain_arm,10151,,7,4,4,poisson,,0.0,,,166c70152dd3f0057d34fb70811118412ad2944e9da56dfdf6be74887612f00c,100000,342804484,68463,31537,0.31537,0.38694890875464744,38047.97439193631,116321.0,0.9989920678941737,0.6389238255496069,24989,0,23788
167124613f4c30d1,comments0720-fixed-arm-confirmation,poisson-n06-p045,pretrain_arm,10337,,10,6,6,poisson,,0.0,,,167124613f4c30d1553f95d31732043a39fa11233f4fefd7c8fed25fc1a3603f,100000,200187401,99921,79,0.00079,0.9671620693052506,22039.800708644867,22022.0,0.9989794509965717,0.9738350067672741,37484,0,37468
16782c4e82237589,comments0720-fixed-arm-confirmation,poisson-n04-p025,pretrain_arm,10289,,18,4,4,poisson,,0.0,,,16782c4e8223758904401d46939c36d8fe575d45abfbd5f07e59b97360e0441d,100000,343760139,69316,30684,0.30684,0.39064904788161026,37667.77158480984,116297.0,0.9989808876074272,0.6423019784963457,24992,0,23890
168495b881e232c3,comments0720-fixed-arm-confirmation,poisson-n06-p045,pretrain_arm,10259,,16,6,6,poisson,,0.0,,,168495b881e232c3993bf19b78d3c9420c7bbf992e4925b27ef199b310d70af7,100000,200191438,99907,93,0.00093,0.9671692952223062,22042.268461884978,22022.0,0.9989724687389535,0.9738000879870867,37478,0,37465
16a6427e45b7007a,comments0720-fixed-arm-confirmation,poisson-n04-p025,pretrain_arm,10267,,18,4,4,poisson,,0.0,,,16a6427e45b7007a448e9c8bb4d1cc6e156af09a0ebb301de1934447f245ac76,100000,349889835,69236,30764,0.30764,0.3834205557872237,38425.42933495118,118291.0,0.9989283692281735,0.6383456416717991,24992,0,23901
16bf5f5f2a69027e,comments0720-fixed-arm-confirmation,poisson-n06-p045,pretrain_arm,10357,,9,6,6,poisson,,0.0,,,16bf5f5f2a69027e5f07d1f17c4613ac16a9225ca1c96f6ea53c14ee91f06190,100000,200185437,99946,54,0.00054,0.9674560542583325,22033.86719234695,22022.0,0.9989524988137108,0.9739865176906811,37478,0,37465
16e116a5dc1a4181,comments0720-fixed-arm-confirmation,poisson-n06-p045,pretrain_arm,10337,,18,6,6,poisson,,0.0,,,16e116a5dc1a418199586c93248824cb10e1f20dda454847f089e970b7f39c7b,100000,200187396,99929,71,0.00071,0.9672935652752085,22037.874976230272,22022.0,0.9989753516426114,0.9738974723059399,37483,0,37467
17b6b141bbb1652c,comments0720-fixed-arm-confirmation,poisson-n04-p025,pretrain_arm,10223,,19,4,4,poisson,,0.0,,,17b6b141bbb1652c19b1b48573f35e664d0615051c3c236a61bc1a22faf74f69,100000,350721774,69605,30395,0.30395,0.38446385994842736,38309.403954193425,118290.0,0.9991164200702219,0.6396792600062164,24990,0,23861
17e7b03f14440481,comments0720-fixed-arm-confirmation,poisson-n04-p025,pretrain_arm,10369,,17,4,4,poisson,,0.0,,,17e7b03f144404815a7c48b8eff9abe199fe9fc611922c4b98951c1d38a60d25,100000,386671632,77444,22556,0.22556,0.3880801941012316,37939.89956867607,118162.0,0.9987817483515132,0.6604559808175816,24992,0,24182
1808af0643446a7b,comments0720-fixed-arm-confirmation,poisson-n04-p025,pretrain_arm,10181,,11,4,4,poisson,,0.0,,,1808af0643446a7bb047db6b8943bf517bfd8df0b3250772c58139a5cd7b0d0f,100000,351734663,70389,29611,0.29611,0.3877716624136075,37973.203407169545,118175.0,0.9987388345285446,0.6426926656473839,24990,0,23931
1821a8e4a60d9272,comments0720-fixed-arm-confirmation,poisson-n06-p045,pretrain_arm,10337,,6,6,6,poisson,,0.0,,,1821a8e4a60d9272816648602f4b23e07bb2489ae938446c7af005c81cf2f526,100000,200187396,99929,71,0.00071,0.9672935652752085,22037.874976230272,22022.0,0.9989753516426114,0.9738974723059399,37483,0,37467
1829cac0bb399462,comments0720-fixed-arm-confirmation,poisson-n06-p045,pretrain_arm,10369,,19,6,6,poisson,,0.0,,,1829cac0bb39946274fd54755af713279a9c54fdd5135bb16716db45d5c75010,100000,200197483,99930,70,0.0007,0.9672833299307764,22037.076342600933,22022.0,0.9989556322008792,0.9738899873772184,37484,0,37472
188dfbbc74bb0ec4,comments0720-fixed-arm-confirmation,poisson-n06-p045,pretrain_arm,10141,,8,6,6,poisson,,0.0,,,188dfbbc74bb0ec4a78bd11f7e56a4f93c0e991f20e7049d90d5a34973b9ce3c,100000,200193419,99920,80,0.0008,0.9670397556874735,22040.763932818194,22022.0,0.9989536447515797,0.9737831334796844,37480,0,37467
188ed5ac3336dbe0,comments0720-fixed-arm-confirmation,poisson-n04-p025,pretrain_arm,10343,,14,4,4,poisson,,0.0,,,188ed5ac3336dbe081586cf28c04463de1e403182941952a65497a873894dc32,100000,385951242,76860,23140,0.2314,0.3858815927841994,38168.20726851611,118209.0,0.9990928895973603,0.6583354941271866,24994,0,24090
18dd7c9481fcc0da,comments0720-fixed-arm-confirmation,poisson-n04-p025,pretrain_arm,10357,,2,4,4,poisson,,0.0,,,18dd7c9481fcc0da655ed7b0e12c283a7a829bf2fe8eed0f0c653e13061bfea1,100000,382284937,76511,23489,0.23489,0.38787569597595734,37968.241336941035,118247.0,0.9989580455968939,0.6580574138576171,24989,0,24144
18f235703f337258,comments0720-fixed-arm-confirmation,poisson-n06-p045,pretrain_arm,10357,,12,6,6,poisson,,0.0,,,18f235703f337258f8355ea8573f4136c2639c1779c12aed184df5e174e96820,100000,200185425,99934,66,0.00066,0.9673379168338554,22036.751936510478,22022.0,0.9989590491798978,0.9739193220045844,37477,0,37464
1916c5643c812f04,comments0720-fixed-arm-confirmation,poisson-n04-p025,pretrain_arm,10273,,2,4,4,poisson,,0.0,,,1916c5643c812f045aeb201fed4d87130a35d0b5bf05989a7b509f96ce7c9ded,100000,383298600,76667,23333,0.23333,0.3875418303119291,37993.42254660249,118181.0,0.999007043380046,0.6583964578973251,24990,0,24139
193a82f9aa3e8389,comments0720-fixed-arm-confirmation,poisson-n04-p025,pretrain_arm,10253,,7,4,4,poisson,,0.0,,,193a82f9aa3e8389fcfc604bdc9658165665ac1ad86fe277194a57606548af5b,100000,344467383,68895,31105,0.31105,0.3875821299458126,37994.39557536255,118223.0,0.9984308108953566,0.6387598136137232,24990,0,23837
1943161e7e14f9e1,comments0720-fixed-arm-confirmation,poisson-n04-p025,pretrain_arm,10289,,23,4,4,poisson,,0.0,,,1943161e7e14f9e13933e94498cee3f98506c7794695002dd18e8a4bd3a9f1d1,100000,350381003,70609,29391,0.29391,0.3903755364271276,37685.987181484685,116278.0,0.9989390657488164,0.645442034058648,24992,0,23933
19612c1991694511,comments0720-fixed-arm-confirmation,poisson-n06-p045,pretrain_arm,10139,,17,6,6,poisson,,0.0,,,19612c199169451123c698a03ba81727ea478f72ac8cd4163a843f369abe6ebb,100000,200189460,99855,145,0.00145,0.9665672008905963,22055.55546207546,22022.0,0.9989334727787024,0.9734563912230995,37481,0,37469
19631eb5177b20b2,comments0720-fixed-arm-confirmation,poisson-n06-p045,pretrain_arm,10321,,7,6,6,poisson,,0.0,,,19631eb5177b20b264491a5481c679a5c9c358c5f90af478f8c7d0c2b936b107,100000,200185376,99944,56,0.00056,0.9673876527324353,22033.763289036546,22022.0,0.9989761800982336,0.9739666109435562,37482,0,37469
19747f99048cb879,comments0720-fixed-arm-confirmation,poisson-n06-p045,pretrain_arm,10247,,11,6,6,poisson,,0.0,,,19747f99048cb8792dd9347fab286dc54ca6ba942f4e0c4b6edc0ca60fd64534,100000,200187453,99904,96,0.00096,0.9669562957075037,22044.276528650942,22022.0,0.998954581618515,0.9737156257753395,37478,0,37464
1997d4aad6229db2,comments0720-fixed-arm-confirmation,poisson-n06-p045,pretrain_arm,10193,,12,6,6,poisson,,0.0,,,1997d4aad6229db2344309c76320d0e6c9f56c6384fcda452aa3067aed5621b1,100000,200189477,99794,206,0.00206,0.9659234086514947,22071.00595297749,22022.0,0.9989533269267233,0.973095911859406,37476,0,37462
19e8ebc516ae1435,comments0720-fixed-arm-confirmation,poisson-n06-p045,pretrain_arm,10289,,14,6,6,poisson,,0.0,,,19e8ebc516ae14351f7865e7b00719e58d1abd55b7f96a90a0e16f0479b5bb76,100000,200185436,99871,129,0.00129,0.9666735995719489,22051.98015201434,22022.0,0.9989222829022817,0.9735281274914102,37483,0,37471
1a1308472a8375af,comments0720-fixed-arm-confirmation,poisson-n04-p025,pretrain_arm,10333,,8,4,4,poisson,,0.0,,,1a1308472a8375af81626554da750c8c8a4379bd33b1ec56b291f724ba7f8415,100000,348404835,69573,30427,0.30427,0.3870350249301219,38058.268683964634,118231.0,0.9986561075861597,0.6403422108387605,24993,0,23895
1a278c45e10926a1,comments0720-fixed-arm-confirmation,poisson-n04-p025,pretrain_arm,10289,,9,4,4,poisson,,0.0,,,1a278c45e10926a16726375cfc506772b859084fbae84c0168fc80aae3d6a921,100000,344991456,69548,30452,0.30452,0.39052645118260554,37676.76806154731,116293.0,0.9989360334266109,0.6428288282030721,24992,0,23847
1a3f5ee7646f98bc,comments0720-fixed-arm-confirmation,poisson-n06-p045,pretrain_arm,10133,,17,6,6,poisson,,0.0,,,1a3f5ee7646f98bc989b8a663a9a327ebf7c6eae84b9685ea9f5b66e8f82b421,100000,200185459,99872,128,0.00128,0.9667919436645995,22051.498547967152,22022.0,0.998949932194252,0.9735792919529506,37479,0,37467
1a9b3d0924e247aa,comments0720-fixed-arm-confirmation,poisson-n04-p025,pretrain_arm,10177,,6,4,4,poisson,,0.0,,,1a9b3d0924e247aa21ea76776efff89c45b570fa46aca0accd90ef4c23af812e,100000,343287712,68576,31424,0.31424,0.387118050995079,38045.24892077937,118243.0,0.9989763118059305,0.6379761209336698,24993,0,23784
1ae73ac6507ddc8e,comments0720-fixed-arm-confirmation,poisson-n04-p025,pretrain_arm,10289,,10,4,4,poisson,,0.0,,,1ae73ac6507ddc8eef8d14010f9f11626525e00252e3012e6785ca29fcfeb8c4,100000,349765146,70474,29526,0.29526,0.39039582863410865,37697.04407799506,116294.0,0.9989276458080281,0.6450968248140455,24992,0,23927
1b51f87a3ae11170,comments0720-fixed-arm-confirmation,poisson-n04-p025,pretrain_arm,10267,,19,4,4,poisson,,0.0,,,1b51f87a3ae11170786998202977d52ccb4fd12e8449f6080398b9ed37e9eb6f,100000,349889835,69236,30764,0.30764,0.3834205557872237,38425.42933495118,118291.0,0.9989283692281735,0.6383456416717991,24992,0,23901
1b83b3aad8b7c483,comments0720-fixed-arm-confirmation,poisson-n04-p025,pretrain_arm,10159,,21,4,4,poisson,,0.0,,,1b83b3aad8b7c483f65c61512569a00dfa58f44f0d6a218b2f801355a2542760,100000,348432977,70227,29773,0.29773,0.3906000234874439,37685.64858514077,116257.0,0.9988312482871036,0.6445399239248493,24991,0,23934
1b90d254b34691f4,comments0720-fixed-arm-confirmation,poisson-n04-p025,pretrain_arm,10267,,14,4,4,poisson,,0.0,,,1b90d254b34691f4977670beb42163f0358111df0bf03bdd8a152351595e09b5,100000,388401405,76937,23063,0.23063,0.38380426301496,38380.32449401396,118258.0,0.9989473720214175,0.6577543783454591,24992,0,24154
1b971074b98b5904,comments0720-fixed-arm-confirmation,poisson-n06-p045,pretrain_arm,10357,,19,6,6,poisson,,0.0,,,1b971074b98b590484a20281d31e71b780acba35c63679be723f276b42c58880,100000,200185441,99940,60,0.0006,0.9674413285629498,22035.310653670644,22022.0,0.9989528997939333,0.9739667427856277,37478,0,37465
1b9f5e934c2010ff,comments0720-fixed-arm-confirmation,poisson-n06-p045,pretrain_arm,10139,,9,6,6,poisson,,0.0,,,1b9f5e934c2010ff83af273070a43e22561c187b673e938ef7f565670eec4199,100000,200189499,99856,144,0.00144,0.9665469615866314,22055.29938704379,22022.0,0.9989455346056164,0.973456165397416,37482,0,37469
1c19d6be0401bc7e,comments0720-fixed-arm-confirmation,poisson-n06-p045,pretrain_arm,10169,,16,6,6,poisson,,0.0,,,1c19d6be0401bc7e22941efb6f503b4268e084c85bea74d9515fdf63405dfd5e,100000,200187471,99899,101,0.00101,0.9669439102909692,22044.459999799772,22022.0,0.9989769130973652,0.9737064411294448,37478,0,37465
1c3a3ab8b5829e46,comments0720-fixed-arm-confirmation,poisson-n06-p045,pretrain_arm,10301,,6,6,6,poisson,,0.0,,,1c3a3ab8b5829e4623197ede4397d17c222ec19bdd33742b4ec520fad82352a1,100000,200185436,99883,117,0.00117,0.9667982689809662,22048.608865436414,22022.0,0.998941917628783,0.9736062288699164,37480,0,37468
1c52fcf22b65edd6,comments0720-fixed-arm-confirmation,poisson-n04-p025,pretrain_arm,10331,,9,4,4,poisson,,0.0,,,1c52fcf22b65edd631fbcf8575aec8164b1246ee5c373f70e3159a67b2ea5eb3,100000,348303066,69673,30327,0.30327,0.3876046729947534,37986.895901815835,118229.0,0.9987955590316758,0.6408299106754763,24992,0,23833
1c5b930760114a19,comments0720-fixed-arm-confirmation,poisson-n04-p025,pretrain_arm,10247,,12,4,4,poisson,,0.0,,,1c5b930760114a1908536c81455c479b6ce9de86ff53292c7e7820023a5d9672,100000,378929576,75743,24257,0.24257,0.3872844171973528,38019.21845910081,118176.0,0.998979569659369,0.6559948289522405,24991,0,24137
1c8b7865f1de0466,comments0720-fixed-arm-confirmation,poisson-n04-p025,pretrain_arm,10211,,17,4,4,poisson,,0.0,,,1c8b7865f1de04663cb572d7bb929fb218d4cc5a346526a7adce1647d5af04e6,100000,388185813,77501,22499,0.22499,0.3869079007274282,38066.42234782496,118228.0,0.9984095957559475,0.6600396654944585,24990,0,24166
1c962aac184364cb,comments0720-fixed-arm-confirmation,poisson-n06-p045,pretrain_arm,10271,,4,6,6,poisson,,0.0,,,1c962aac184364cb07bee08bd295cf3bb5b61871452919cb147c6cb3b7d1b306,100000,200199499,99848,152,0.00152,0.9663798858957184,22057.304619576105,22022.0,0.9989345633777631,0.9733768164244937,37480,0,37464
1cb0cf057fd4163e,comments0720-fixed-arm-confirmation,poisson-n06-p045,pretrain_arm,10271,,16,6,6,poisson,,0.0,,,1cb0cf057fd4163eb6a1d63493b9423f81138c52213e6d34c06b95dbd9db0d8a,100000,200199475,99851,149,0.00149,0.9664881538775264,22056.578992177405,22022.0,0.998932724181794,0.9734197926864401,37480,0,37465
1cb8549cf15fe6f3,comments0720-fixed-arm-confirmation,poisson-n06-p045,pretrain_arm,10181,,8,6,6,poisson,,0.0,,,1cb8549cf15fe6f3b6ce30d6660919f3fff63505b0929108ffdbf5266c806e31,100000,200195511,99858,142,0.00142,0.9664695228855557,22054.4576648038,22022.0,0.9989727536453584,0.9734444255103047,37478,0,37462
1cc07966ff277ffd,comments0720-fixed-arm-confirmation,poisson-n04-p025,pretrain_arm,10111,,19,4,4,poisson,,0.0,,,1cc07966ff277ffda4e0e08dc20513d98a7804d07f04a5002e1aa7ed5e620e3d,100000,347615836,69240,30760,0.3076,0.38598467648637275,38154.82908192743,118223.0,0.9989153373505684,0.6392513379456471,24991,0,23864
1cc74ebc143a3d17,comments0720-fixed-arm-confirmation,poisson-n06-p045,pretrain_arm,10273,,10,6,6,poisson,,0.0,,,1cc74ebc143a3d178ad626b8362f2b012471666bbe51555d09379ab5e8e7c373,100000,200185509,99849,151,0.00151,0.9665265781051114,22057.26814707974,22022.0,0.9989553241475324,0.9734351340842146,37480,0,37467
1cc750b62f52defa,comments0720-fixed-arm-confirmation,poisson-n04-p025,pretrain_arm,10331,,19,4,4,poisson,,0.0,,,1cc750b62f52defae5acdcfd3e9bd08ba98b3337c3e861b4a876a6e6ecd24f20,100000,346305882,69239,30761,0.30761,0.3874530176186843,38007.88323150034,118236.0,0.9988406052775763,0.6397047076320869,24992,0,23839
1cd7e8feb40d3d12,comments0720-fixed-arm-confirmation,poisson-n04-p025,pretrain_arm,10301,,20,4,4,poisson,,0.0,,,1cd7e8feb40d3d12cf97b7c70998363e15bf4ea9b65cfcd711f013cdeb9d2714,100000,348155563,69951,30049,0.30049,0.38933909265152256,37814.240996239794,118241.0,0.9987060057420262,0.6420651994645162,24989,0,23873
1ce1bc0ba543f62a,comments0720-fixed-arm-confirmation,poisson-n04-p025,pretrain_arm,10223,,8,4,4,poisson,,0.0,,,1ce1bc0ba543f62a683e4ecc30afb1539cdba654a44e30f16cd7f4a2367e7d67,100000,350739124,69619,30381,0.30381,0.384519948792482,38303.98218672336,118315.0,0.9991148330464799,0.6397157606129873,24990,0,23847
1cf32ce6c9f74673,comments0720-fixed-arm-confirmation,poisson-n06-p045,pretrain_arm,10369,,3,6,6,poisson,,0.0,,,1cf32ce6c9f746737db85071b02c994f300bb0e5a6bcb197fb78ba82ce038f55,100000,200197473,99932,68,0.00068,0.96722934160113,22036.59409527622,22022.0,0.9989573155202213,0.9738775523737838,37483,0,37471
1d1d5374c0e7582d,comments0720-fixed-arm-confirmation,poisson-n06-p045,pretrain_arm,10289,,17,6,6,poisson,,0.0,,,1d1d5374c0e7582de4071bec1380d611566cd92c4ef468cf17f3796597812c13,100000,200185430,99864,136,0.00136,0.9666688230007549,22053.665524976965,22022.0,0.9989351195647928,0.9735133141885158,37485,0,37473
1d2707e14ab376bd,comments0720-fixed-arm-confirmation,poisson-n06-p045,pretrain_arm,10139,,21,6,6,poisson,,0.0,,,1d2707e14ab376bdfaddd667f9912fd3962cd2f78a766ca0c69c10a744b7a96c,100000,200189475,99864,136,0.00136,0.9666525475427716,22053.36937667748,22022.0,0.9989396988164408,0.9735094154530709,37482,0,37470
1d38de3ed0583572,comments0720-fixed-arm-confirmation,poisson-n04-p025,pretrain_arm,10253,,20,4,4,poisson,,0.0,,,1d38de3ed05835729217a8fa816c56376954a83d0ea9594fc5e6803259523fb8,100000,351350461,70243,29757,0.29757,0.387494974711304,38012.369203388625,118203.0,0.9984442317447656,0.6421185688186899,24990,0,23875
1d9e7373d974699f,comments0720-fixed-arm-confirmation,poisson-n04-p025,pretrain_arm,10151,,23,4,4,poisson,,0.0,,,1d9e7373d974699fde9239a6e15e374e2479dc61f8803b47aa6f3fe9a6382813,100000,354102827,70700,29300,0.293,0.3868353555957349,38062.80215583093,118207.0,0.9990588918279454,0.6432434158078933,24989,0,23932
1e9bfbbcbb6b35be,comments0720-fixed-arm-confirmation,poisson-n04-p025,pretrain_arm,10169,,1,4,4,poisson,,0.0,,,1e9bfbbcbb6b35beb84eadd9e9f59a1dc760733c5bb56a750eed35b4e132c41f,100000,382395680,75882,24118,0.24118,0.38445010152834364,38310.04313730659,118269.0,0.9989772409853264,0.6553347808378899,24993,0,24121
1ed2cbfa14342d3c,comments0720-fixed-arm-confirmation,poisson-n06-p045,pretrain_arm,10313,,4,6,6,poisson,,0.0,,,1ed2cbfa14342d3c61d8f9fcfda1beb469f9fb7b7245a7a8e0cd8996992657e0,100000,200185400,99910,90,0.0009,0.9671043692497056,22040.661895133035,22022.0,0.9989594305384812,0.9737815999293955,37482,0,37469
1f15a922a58d90e5,comments0720-fixed-arm-confirmation,poisson-n04-p025,pretrain_arm,10103,,8,4,4,poisson,,0.0,,,1f15a922a58d90e5db86f964626adc98a7274006e905b68f12d7532bab93da6c,100000,349572588,69599,30401,0.30401,0.3858635277203143,38177.455030104466,118242.0,0.9985032191730956,0.6399584156311366,24987,0,23842
1f85093f223848f7,comments0720-fixed-arm-confirmation,poisson-n04-p025,pretrain_arm,10243,,15,4,4,poisson,,0.0,,,1f85093f223848f74291b6ef3a799a79729b33690ca4bbbd3f0005ab0944bba3,100000,383345881,76884,23116,0.23116,0.38872037339042126,37882.92798792861,116277.0,0.9984163910942306,0.6604042548282173,24991,0,24099
1fa6805eba72cbeb,comments0720-fixed-arm-confirmation,poisson-n04-p025,pretrain_arm,10151,,12,4,4,poisson,,0.0,,,1fa6805eba72cbeb03b141ade1e72e55be10561537020a48b85e0ad54a24b29d,100000,380267688,75992,24008,0.24008,0.38722747329507523,38025.80024742051,118137.0,0.9990358919199318,0.6566431217383358,24989,0,24115
1fc2b63034ae0ff7,comments0720-fixed-arm-confirmation,poisson-n06-p045,pretrain_arm,10289,,6,6,6,poisson,,0.0,,,1fc2b63034ae0ff7fc37f574add595fe7d52717c58a251abaa9cb7119a253999,100000,200185432,99908,92,0.00092,0.9671388025877927,22043.07115400016,22022.0,0.9989315514760989,0.973778784687964,37485,0,37471
1fca800f9ea2b4cb,comments0720-fixed-arm-confirmation,poisson-n04-p025,pretrain_arm,10181,,13,4,4,poisson,,0.0,,,1fca800f9ea2b4cb9d5d613afaaf5b8529f7aadcf73923250d93232b11b2b93c,100000,379022117,75853,24147,0.24147,0.38785844521046775,37969.80116026106,116289.0,0.9986944574424262,0.6576241342176313,24990,0,24129
2076749b4b262792,comments0720-fixed-arm-confirmation,poisson-n04-p025,pretrain_arm,10301,,7,4,4,poisson,,0.0,,,2076749b4b262792a3ff1880e7e368d2bf1814d5884078ddbda6a670904112d3,100000,339366451,68201,31799,0.31799,0.38945513503336837,37804.26872259616,118233.0,0.9987209265344185,0.6377391871892623,24989,0,23794
2083bb8e6d2c8071,comments0720-fixed-arm-confirmation,poisson-n04-p025,pretrain_arm,10169,,4,4,4,poisson,,0.0,,,2083bb8e6d2c80710608088f7b0e102d833df8e3c3474516836097480ee448c9,100000,390779676,77442,22558,0.22558,0.38395771125006,38362.60723971382,118315.0,0.9989235275842373,0.6590220796114324,24993,0,24167
20d33ff9d431c0e2,comments0720-fixed-arm-confirmation,poisson-n04-p025,pretrain_arm,10223,,3,4,4,poisson,,0.0,,,20d33ff9d431c0e243318647a90986f95b3633935a0cb9cda8560d3cf3ae637b,100000,385931118,76679,23321,0.23321,0.3849146002266653,38262.49829792229,118254.0,0.9991149524551284,0.6575380175605979,24990,0,24137
20ef7170f6e3203f,comments0720-fixed-arm-confirmation,poisson-n06-p045,pretrain_arm,10369,,6,6,6,poisson,,0.0,,,20ef7170f6e3203f4b534bec2e354b5d6b94ca4cbd3f0c113d9590e31de7e773,100000,200197483,99934,66,0.00066,0.9672477450678039,22036.114028942575,22022.0,0.998951897887509,0.9738868809851043,37484,0,37472
20fc9c77b3af7f9d,comments0720-fixed-arm-confirmation,poisson-n06-p045,pretrain_arm,10243,,10,6,6,poisson,,0.0,,,20fc9c77b3af7f9d60bdd531e95f5f0a37b340b6723b42be82865df75092278a,100000,200191594,99873,127,0.00127,0.966709341452169,22050.65261713782,22022.0,0.9989632373102358,0.9735586929208017,37477,0,37464
2123b1b5842a87d5,comments0720-fixed-arm-confirmation,poisson-n06-p045,pretrain_arm,10159,,4,6,6,poisson,,0.0,,,2123b1b5842a87d531d3564d97b5353a6d3689803c408d5f8d8277c599342a8d,100000,200201518,99878,122,0.00122,0.9667457716279654,22050.719253800093,22022.0,0.9989530807706128,0.9735799507995262,37479,0,37466
2159e247ec4010cf,comments0720-fixed-arm-confirmation,poisson-n06-p045,pretrain_arm,10223,,17,6,6,poisson,,0.0,,,2159e247ec4010cfba295631d8f7a82c147e7fa23ff84c1307853919356a72ba,100000,200193443,99862,138,0.00138,0.9666533633671508,22054.269514271407,22022.0,0.9989522603339126,0.9735088745670211,37481,0,37468
215bc46acc337cfe,comments0720-fixed-arm-confirmation,poisson-n06-p045,pretrain_arm,10193,,19,6,6,poisson,,0.0,,,215bc46acc337cfe67513adf973919accb065ca49dcb39df01fa7c29cf463200,100000,200189517,99810,190,0.0019,0.966162179211412,22067.151866770877,22022.0,0.9989680682747016,0.9732204158287046,37476,0,37462
218e5f8ea93ebd5f,comments0720-fixed-arm-confirmation,poisson-n06-p045,pretrain_arm,10151,,21,6,6,poisson,,0.0,,,218e5f8ea93ebd5fdd77e3ef4d4c00a0a29d04a6dfd3a0040234d9ac77308c55,100000,200187428,99910,90,0.0009,0.9670558732589342,22042.08810987207,22022.0,0.9989592728111085,0.9737653820233476,37479,0,37467
2192f74d633fb0af,comments0720-fixed-arm-confirmation,poisson-n06-p045,pretrain_arm,10243,,15,6,6,poisson,,0.0,,,2192f74d633fb0af5146717f960c60da0a2fe71f015167c7403fe5860547785a,100000,200191567,99863,137,0.00137,0.9666183441183613,22052.91760723478,22022.0,0.9989674618052257,0.9735047686411956,37477,0,37464
219efcdc0a7a5278,comments0720-fixed-arm-confirmation,poisson-n04-p025,pretrain_arm,10247,,15,4,4,poisson,,0.0,,,219efcdc0a7a5278eec450e55905884e68a0e6e107793ddb8f4ab8005451ffeb,100000,383823677,76637,23363,0.23363,0.3869012854045479,38062.64398595832,118202.0,0.9989880621898157,0.6580876158647877,24991,0,24189
21c11e8037465eb3,comments0720-fixed-arm-confirmation,poisson-n06-p045,pretrain_arm,10289,,20,6,6,poisson,,0.0,,,21c11e8037465eb3826dafdbabc3a1b8c18930b71a70e66e47c3236409e2d9cb,100000,200185438,99899,101,0.00101,0.9670140292622084,22045.238369357376,22022.0,0.998939302178475,0.9737172771468946,37485,0,37472
21fb20b6b181d596,comments0720-fixed-arm-confirmation,poisson-n04-p025,pretrain_arm,10337,,21,4,4,poisson,,0.0,,,21fb20b6b181d596aaa9d1453d81751804864dc81e22b2fd06005f182675ad94,100000,351113067,70229,29771,0.29771,0.38752149887944787,37992.24820210478,118195.0,0.999052327656555,0.6423004421786677,24991,0,23913
2242f9ad9afeed5b,comments0720-fixed-arm-confirmation,poisson-n06-p045,pretrain_arm,10331,,10,6,6,poisson,,0.0,,,2242f9ad9afeed5b06d33d7041477d66ca0096a6f7d03dfca55a0c7022300a07,100000,200187426,99892,108,0.00108,0.9669115281995784,22047.08259911894,22022.0,0.9989823425397795,0.9736799569131193,37482,0,37467
2247e9c5e164896f,comments0720-fixed-arm-confirmation,poisson-n04-p025,pretrain_arm,10177,,12,4,4,poisson,,0.0,,,2247e9c5e164896f147cb692d8ad968b6e1e7ff908d8d1d32dd9fa8a3e1726fa,100000,380337503,75893,24107,0.24107,0.3866166781875307,38091.102299532184,118199.0,0.9990955045097876,0.656170560899106,24992,0,24071
225fd45bcaa4a901,comments0720-fixed-arm-confirmation,poisson-n04-p025,pretrain_arm,10211,,2,4,4,poisson,,0.0,,,225fd45bcaa4a9011237a4289af59509ec0b9de75af0aa427579d1f0092e4e50,100000,383886844,76661,23339,0.23339,0.3870447407153135,38055.38498167064,118225.0,0.9984012975565052,0.6579845127572729,24990,0,24111
2265c0621169a61b,comments0720-fixed-arm-confirmation,poisson-n04-p025,pretrain_arm,10271,,14,4,4,poisson,,0.0,,,2265c0621169a61b7bfed54675a7ff596e3097d74c189b46cefc81cdbcaaf750,100000,380545565,76777,23223,0.23223,0.39094254324051836,37644.78927692167,116231.0,0.9989458798280396,0.6610846410228527,24988,0,24165
226c33994d1b2f4f,comments0720-fixed-arm-confirmation,poisson-n04-p025,pretrain_arm,10303,,19,4,4,poisson,,0.0,,,226c33994d1b2f4faa402d307449e80878839e4328fd2d1f2d0594e394973ec2,100000,345768944,69338,30662,0.30662,0.38855856875335804,37891.25241598154,116262.0,0.9989742506420564,0.6416812731318049,24992,0,23888
2272fb84b7b09c8f,comments0720-fixed-arm-confirmation,poisson-n04-p025,pretrain_arm,10337,,6,4,4,poisson,,0.0,,,2272fb84b7b09c8ff3ef3538ba908e0e00e24f8726b6c6bcadc3b5eb928daea2,100000,343366140,68665,31335,0.31335,0.3875455279312049,37999.99864544038,118218.0,0.9991048714988531,0.6384006331433527,24991,0,23794
228da89e04c94bab,comments0720-fixed-arm-confirmation,poisson-n06-p045,pretrain_arm,10357,,15,6,6,poisson,,0.0,,,228da89e04c94bab12f0a2d29b73a0c8a3e8e2d9c98d3ef686dd68cfbcd2a8a4,100000,200185423,99927,73,0.00073,0.9671994299005477,22038.435990592003,22022.0,0.9989483698688167,0.9738520999231215,37477,0,37465
22b312c30119a557,comments0720-fixed-arm-confirmation,poisson-n06-p045,pretrain_arm,10193,,13,6,6,poisson,,0.0,,,22b312c30119a55789a8276a1facc67c0754a0f60fc9d0889a3ce62055178aee,100000,200189477,99794,206,0.00206,0.9659234086514947,22071.00595297749,22022.0,0.9989533269267233,0.973095911859406,37476,0,37462
22b82b9c1dcc6c75,comments0720-fixed-arm-confirmation,poisson-n04-p025,pretrain_arm,10321,,21,4,4,poisson,,0.0,,,22b82b9c1dcc6c7590028cf3860e69e07d8faa5d8d63b3413a334624c504d7d7,100000,348339082,69923,30077,0.30077,0.3889592354153359,37848.150253879714,118203.0,0.9988256979380573,0.6419338111177977,24993,0,23922
22f87a6a68f99a18,comments0720-fixed-arm-confirmation,poisson-n06-p045,pretrain_arm,10357,,10,6,6,poisson,,0.0,,,22f87a6a68f99a1845471d962a1a7c43d2e08f211682349cbd6bc78d45af681f,100000,200185435,99937,63,0.00063,0.9673266139467139,22036.03161371028,22022.0,0.9989516220041517,0.9739205786502885,37478,0,37465
22fdc32f098628c2,comments0720-fixed-arm-confirmation,poisson-n06-p045,pretrain_arm,10313,,3,6,6,poisson,,0.0,,,22fdc32f098628c2bd9fa71741f52bf96ae7782aaf04e6967563015d0c483bd6,100000,200185398,99916,84,0.00084,0.9671269230136356,22039.2175588565,22022.0,0.998955600826332,0.9738028412799892,37482,0,37469
230ec4ca30f14a80,comments0720-fixed-arm-confirmation,poisson-n04-p025,pretrain_arm,10243,,9,4,4,poisson,,0.0,,,230ec4ca30f14a80608233b348d93e2715d2faf447068eeac84a52fe369c082a,100000,347012983,69597,30403,0.30403,0.3886945319276426,37884.30338128153,118154.0,0.9983049569332606,0.6408896629536345,24989,0,23854
2342423e8a03a36a,comments0720-fixed-arm-confirmation,poisson-n04-p025,pretrain_arm,10163,,6,4,4,poisson,,0.0,,,2342423e8a03a36aa94fcc2876cdb0b92703414c7df23f6c34697480aa048669,100000,344245181,68958,31042,0.31042,0.3882315813739743,37932.18707759246,118179.0,0.9988203184610979,0.6392929666116907,24991,0,23841
234d75671c713764,comments0720-fixed-arm-confirmation,poisson-n04-p025,pretrain_arm,10223,,5,4,4,poisson,,0.0,,,234d75671c7137643fbf3cf3502fc8901bf31dd05ba7d664cdbfe01a26d7f356,100000,390738900,77648,22352,0.22352,0.3850721952690147,38255.00243431221,118261.0,0.999087219414496,0.6599991382278368,24990,0,24136
23799814981d4035,comments0720-fixed-arm-confirmation,poisson-n04-p025,pretrain_arm,10211,,18,4,4,poisson,,0.0,,,23799814981d4035379091a381a062ce35021c768408a4056f135fad4cc228d1,100000,346242094,69250,30750,0.3075,0.38770519912578855,37994.33101296901,118241.0,0.9984773179207324,0.639691839015507,24989,0,23917
23c28ed0ebaa9254,comments0720-fixed-arm-confirmation,poisson-n04-p025,pretrain_arm,10139,,13,4,4,poisson,,0.0,,,23c28ed0ebaa9254d13ecc3738bc45c42ff7633f2d8f30c90be51613a5ddb65b,100000,383747717,76033,23967,0.23967,0.3839494086162863,38368.93616573496,120185.0,0.9990437521050706,0.6542902202404522,24992,0,24106
23e2928d95db729c,comments0720-fixed-arm-confirmation,poisson-n06-p045,pretrain_arm,10271,,18,6,6,poisson,,0.0,,,23e2928d95db729cf003e4919fd7ae1c7e7928e76f1163c0772d3d464dde6bfa,100000,200199511,99883,117,0.00117,0.9667083952068195,22048.875329174636,22022.0,0.9989425421122323,0.9735764791063506,37480,0,37465
240e8670eedcda48,comments0720-fixed-arm-confirmation,poisson-n06-p045,pretrain_arm,10243,,22,6,6,poisson,,0.0,,,240e8670eedcda48063770419fe0c57a1cca1558837ae8ee546ae098f480748f,100000,200191592,99863,137,0.00137,0.9666473604945407,22053.06097084656,22022.0,0.9989707976613551,0.973515552718632,37477,0,37465
247ef26c369f243b,comments0720-fixed-arm-confirmation,poisson-n04-p025,pretrain_arm,10321,,10,4,4,poisson,,0.0,,,247ef26c369f243bb625cd534a027612a3a2f3b712576869e0fa32297ccab53c,100000,350393661,70334,29666,0.29666,0.38893334888270137,37849.647456132865,118174.0,0.998796938298053,0.6429624290602515,24993,0,23905
24aba36504cf3c6d,comments0720-fixed-arm-confirmation,poisson-n06-p045,pretrain_arm,10141,,9,6,6,poisson,,0.0,,,24aba36504cf3c6d916ff9b0121a4ac8140aebbc7b391e0c5ef32f443d1208fc,100000,200193419,99920,80,0.0008,0.9670397556874735,22040.763932818194,22022.0,0.9989536447515797,0.9737831334796844,37480,0,37467
24af168c106921ea,comments0720-fixed-arm-confirmation,poisson-n06-p045,pretrain_arm,10181,,19,6,6,poisson,,0.0,,,24af168c106921eafc4b715d87bceaae5ba5dd686c60869f3011ace02f34d393,100000,200195501,99880,120,0.0012,0.9668028953357948,22049.15746785757,22022.0,0.9989807748445679,0.9736132233934544,37478,0,37460
24d6e99a973b791a,comments0720-fixed-arm-confirmation,poisson-n06-p045,pretrain_arm,10193,,3,6,6,poisson,,0.0,,,24d6e99a973b791affff7221d4b35b02d7f96c33dfc2e8ee3dfd32fa75b23cc2,100000,200189487,99773,227,0.00227,0.9657302233858065,22076.074237427452,22022.0,0.9989424464185162,0.9729753899347743,37476,0,37460
24e045104de00954,comments0720-fixed-arm-confirmation,poisson-n06-p045,pretrain_arm,10193,,21,6,6,poisson,,0.0,,,24e045104de009545c4ddf368b85f1b2adb376999b8c9cadcef6f691f1866ebd,100000,200189536,99787,213,0.00213,0.9659760638038544,22072.701919318468,22022.0,0.9989609740729861,0.9730985126256135,37476,0,37460
25144b106cae995f,comments0720-fixed-arm-confirmation,poisson-n04-p025,pretrain_arm,10151,,3,4,4,poisson,,0.0,,,25144b106cae995ff573a743092ff081563bbfaa6b554c434e91ed5afb2447e3,100000,384177463,76757,23243,0.23243,0.3871110549761739,38034.716660803395,118170.0,0.9990539877551035,0.6585008475770924,24989,0,24116
253cd825c6b8d6fd,comments0720-fixed-arm-confirmation,poisson-n06-p045,pretrain_arm,10141,,23,6,6,poisson,,0.0,,,253cd825c6b8d6fd9bbe38f366c7acf71e706d03c7d92c3a88c12a8d25284c3f,100000,200193416,99913,87,0.00087,0.9670990678334797,22042.448043563127,22022.0,0.9989550555448209,0.9737858744594335,37480,0,37466
258d4cb7fbd4a9fa,comments0720-fixed-arm-confirmation,poisson-n06-p045,pretrain_arm,10181,,13,6,6,poisson,,0.0,,,258d4cb7fbd4a9fad214930de3313d7eb23e7b3071d33bddaa9c4f57b294c125,100000,200195473,99825,175,0.00175,0.9661988011087543,22062.405868974984,22022.0,0.9989552456989881,0.9732658489359141,37477,0,37462
2594c84abd61a436,comments0720-fixed-arm-confirmation,poisson-n04-p025,pretrain_arm,10343,,13,4,4,poisson,,0.0,,,2594c84abd61a43679010504b3d0a03114fd0a2a207ab175a1c3541ce175a90a,100000,380754377,75830,24170,0.2417,0.3858552176276098,38167.76721795785,118199.0,0.9991088275439579,0.6557636817238559,24994,0,24124
25ccccb2e883dbe0,comments0720-fixed-arm-confirmation,poisson-n04-p025,pretrain_arm,10253,,9,4,4,poisson,,0.0,,,25ccccb2e883dbe052fb625b2155a10f23c95153da98f4bfea173fc93d1b1c04,100000,347436558,69503,30497,0.30497,0.38773782694450937,37982.74907547305,118215.0,0.9984450454534767,0.6403417907993287,24990,0,23835
25d09c887f1cf630,comments0720-fixed-arm-confirmation,poisson-n04-p025,pretrain_arm,10267,,4,4,4,poisson,,0.0,,,25d09c887f1cf6308b177a3b4835cc77e9931ca9318602b56ead8ee4c172b870,100000,390600969,77419,22581,0.22581,0.38408760066337677,38359.18291974009,118273.0,0.9989699405128049,0.6590513470587271,24992,0,24204
25d0d37ec2f02489,comments0720-fixed-arm-confirmation,poisson-n06-p045,pretrain_arm,10271,,3,6,6,poisson,,0.0,,,25d0d37ec2f02489fc90b629d4c18c2c1c7476a7688c3edb8bcae146ccc6c83f,100000,200199484,99844,156,0.00156,0.9663690441879461,22058.266668002245,22022.0,0.9989365741815746,0.9733638727898402,37479,0,37464
25d9216fd8c470eb,comments0720-fixed-arm-confirmation,poisson-n04-p025,pretrain_arm,10321,,17,4,4,poisson,,0.0,,,25d9216fd8c470ebb17c426c24cd8ca581a6c76b1f3c3b24a553caf563bff5b9,100000,386467216,77475,22525,0.22525,0.3884503854008667,37902.46994203984,118237.0,0.9987883840422926,0.6606090898143865,24992,0,24118
25f98d6e1e483508,comments0720-fixed-arm-confirmation,poisson-n04-p025,pretrain_arm,10301,,1,4,4,poisson,,0.0,,,25f98d6e1e483508eed73fa1fc460a7a95abe7e1f4f861835819558d7ef745d3,100000,376773556,75569,24431,0.24431,0.3886839898073951,37885.360622543376,118214.0,0.9986577554978779,0.6558937484350911,24990,0,24059
26070bde2453b5b9,comments0720-fixed-arm-confirmation,poisson-n06-p045,pretrain_arm,10223,,4,6,6,poisson,,0.0,,,26070bde2453b5b9dfebd65cab288afa14a7af918609f141b20ea72072fea8e7,100000,200193441,99876,124,0.00124,0.9667784670327936,22050.896999919893,22022.0,0.9989541503983084,0.9735862058103673,37481,0,37468
2630dd3ff97e0235,comments0720-fixed-arm-confirmation,poisson-n06-p045,pretrain_arm,10141,,12,6,6,poisson,,0.0,,,2630dd3ff97e02357463ee1a71221ce28d3f589f4136c6b9c4d53dfd6fe87527,100000,200193404,99904,96,0.00096,0.9670076142968227,22044.612641652984,22022.0,0.9989593939911928,0.9737343360960052,37480,0,37466
2637b3b8cc22e00d,comments0720-fixed-arm-confirmation,poisson-n04-p025,pretrain_arm,10223,,21,4,4,poisson,,0.0,,,2637b3b8cc22e00d8ea8a25ba86c0968c59a468880759d48e521d7930994cb8e,100000,355288851,70471,29529,0.29529,0.384287130360868,38332.06268538098,118288.0,0.9991412327269432,0.6417949543626038,24990,0,23878
267ae09ef417a522,comments0720-fixed-arm-confirmation,poisson-n04-p025,pretrain_arm,10133,,21,4,4,poisson,,0.0,,,267ae09ef417a5226cb69101b35d91243041fe8be8d2da75bdf440290a084ffc,100000,352141119,70066,29934,0.29934,0.3855406786504816,38202.48255730966,118236.0,0.9991200946390857,0.6412279244298558,24993,0,23904
26bbbd93bc31fa14,comments0720-fixed-arm-confirmation,poisson-n04-p025,pretrain_arm,10141,,13,4,4,poisson,,0.0,,,26bbbd93bc31fa14d56d0ce51a2a61a28187b44abf6293a1a9a864e2532cc153,100000,376863628,75630,24370,0.2437,0.3888412919487152,37862.02415963609,118173.0,0.9987163638283972,0.6561455519257042,24992,0,24068
26c40949180a93d5,comments0720-fixed-arm-confirmation,poisson-n04-p025,pretrain_arm,10253,,11,4,4,poisson,,0.0,,,26c40949180a93d5c68ece296e073a32eee7357e6224242e4ec72a151e60d1e5,100000,352514272,70541,29459,0.29459,0.3878148229981452,37974.63780074575,116299.0,0.9984419763068768,0.6442387664350073,24990,0,23913
26d074c7f80dc919,comments0720-fixed-arm-confirmation,poisson-n06-p045,pretrain_arm,10181,,15,6,6,poisson,,0.0,,,26d074c7f80dc919b7f1c5d1c453e07bb3a0287a6bc0c22489f8e95e91f5bacf,100000,200195460,99848,152,0.00152,0.9664539195843902,22056.861152289755,22022.0,0.998977042720671,0.9734156541016871,37477,0,37464
26f298c16bbc1d2d,comments0720-fixed-arm-confirmation,poisson-n06-p045,pretrain_arm,10193,,8,6,6,poisson,,0.0,,,26f298c16bbc1d2dc08ddb4d13c88928f1432272b8bf275a8ff42b3a185c2e48,100000,200189540,99802,198,0.00198,0.9660437153709429,22069.083765908406,22022.0,0.998945270203601,0.973153328524848,37476,0,37460
270146e30e751cd0,comments0720-fixed-arm-confirmation,poisson-n06-p045,pretrain_arm,10169,,19,6,6,poisson,,0.0,,,270146e30e751cd0f196f4c69cd4d15a3f8a91528cb13a93cacde3a487bcc2a1,100000,200187488,99931,69,0.00069,0.9672959480864258,22036.80135910087,22022.0,0.998983627832756,0.9739060253063939,37476,0,37462
271444433817a27b,comments0720-fixed-arm-confirmation,poisson-n04-p025,pretrain_arm,10273,,8,4,4,poisson,,0.0,,,271444433817a27b236549dc6a32a9dc11ebb5e501a95cfd3ce90b86700194e8,100000,347326173,69430,30570,0.3057,0.3873850589428514,38016.73944858978,118240.0,0.9989932136173352,0.6402077575200621,24990,0,23858
272524fb96cfbf93,comments0720-fixed-arm-confirmation,poisson-n04-p025,pretrain_arm,10337,,4,4,4,poisson,,0.0,,,272524fb96cfbf9381ec68dcdbb5e10a14a14783f926aff05905710eb5c520c2,100000,385783065,77265,22735,0.22735,0.3880437260769858,37939.96184164542,118174.0,0.9990336961811779,0.6600723074193879,24991,0,24149
2739057c777fc3c4,comments0720-fixed-arm-confirmation,poisson-n06-p045,pretrain_arm,10267,,4,6,6,poisson,,0.0,,,2739057c777fc3c4218c612fa81cdd491afb93b849ea5b72df06169e652efbc6,100000,200191460,99866,134,0.00134,0.966604784240047,22052.44192521081,22022.0,0.9989655606183666,0.9735071149528045,37485,0,37471
2752fd067214a26c,comments0720-fixed-arm-confirmation,poisson-n06-p045,pretrain_arm,10259,,12,6,6,poisson,,0.0,,,2752fd067214a26ca2a7e59e16acb7c3fdaf63f212ef1ec06bd32c4e439635f3,100000,200191426,99903,97,0.00097,0.9669620665971979,22043.229750427967,22022.0,0.9989715816556491,0.9737207160842823,37478,0,37466
2756f92641a781a2,comments0720-fixed-arm-confirmation,poisson-n04-p025,pretrain_arm,10273,,4,4,4,poisson,,0.0,,,2756f92641a781a2fb81006d22a3b0b625d53c0b0ad803cd9e27fae660b1140b,100000,386897577,77414,22586,0.22586,0.3876887163860424,37980.51344856988,118166.0,0.9990405345660435,0.6603340836506952,24990,0,24166
276a23ba9f06ca62,comments0720-fixed-arm-confirmation,poisson-n06-p045,pretrain_arm,10159,,2,6,6,poisson,,0.0,,,276a23ba9f06ca622002ee6313a0806e34dc7ab15abbf61f5b89d1a811e0ec18,100000,200201497,99858,142,0.00142,0.9664901556655193,22055.534282795506,22022.0,0.9989620746568143,0.9734477434407779,37479,0,37467
277635c371ae5331,comments0720-fixed-arm-confirmation,poisson-n04-p025,pretrain_arm,10301,,6,4,4,poisson,,0.0,,,277635c371ae5331000b7eb0ba13d41d7672b5e9d7c8e34d8d42bc48ef4244b0,100000,339366451,68201,31799,0.31799,0.38945513503336837,37804.26872259616,118233.0,0.9987209265344185,0.6377391871892623,24989,0,23794
27b581de997ed388,comments0720-fixed-arm-confirmation,poisson-n04-p025,pretrain_arm,10333,,20,4,4,poisson,,0.0,,,27b581de997ed38875181c46bc2704deeb4bcb7155f91d66e264e6da9e1840ae,100000,350359300,69962,30038,0.30038,0.3869544607492936,38060.45654287103,118220.0,0.998642457471762,0.6412906394070186,24993,0,23942
27d6fef36a1c3b77,comments0720-fixed-arm-confirmation,poisson-n06-p045,pretrain_arm,10211,,4,6,6,poisson,,0.0,,,27d6fef36a1c3b770b1a7893e5e0abbe1e26fd08cce2de7f89b0631b4f651c23,100000,200193467,99784,216,0.00216,0.9659126039312761,22072.354508278877,22022.0,0.9989978003542105,0.9730821347618289,37478,0,37462
27e3522617500995,comments0720-fixed-arm-confirmation,poisson-n04-p025,pretrain_arm,10223,,7,4,4,poisson,,0.0,,,27e35226175009956e4e2b3c067986527b7e1d3aeb58c607d2dc229de669dac4,100000,346635210,68834,31166,0.31166,0.3847529712864426,38286.18718216953,118297.0,0.9991629099764342,0.6378589604209589,24990,0,23813
280cd5ff4d5d41c5,comments0720-fixed-arm-confirmation,poisson-n04-p025,pretrain_arm,10243,,5,4,4,poisson,,0.0,,,280cd5ff4d5d41c504167aa131186dcdc838b9e73c16f7a2b655a3862490e6a7,100000,386067522,77429,22571,0.22571,0.38871430889231856,37883.792084834866,116296.0,0.9984171354589347,0.6617523147837512,24990,0,24065
2844d0fc0943be68,comments0720-fixed-arm-confirmation,poisson-n04-p025,pretrain_arm,10313,,11,4,4,poisson,,0.0,,,2844d0fc0943be68de09d0b690b9fefed1c5bd064b2c4149658e4489a1a09eb9,100000,353358435,70322,29678,0.29678,0.38557256458304157,38193.253306596125,118249.0,0.9992213874023831,0.6419036506618082,24993,0,23941
288544da53867f03,comments0720-fixed-arm-confirmation,poisson-n06-p045,pretrain_arm,10111,,0,6,6,poisson,,0.0,,,288544da53867f0362b2bf31f47e42aa3a81f87a7a4204070b8253b575ad8d18,100000,200189373,99899,101,0.00101,0.9669328051694333,22044.529177971108,22022.0,0.998966175525709,0.9736991602317141,37483,0,37471
289dd55e1daa24ab,comments0720-fixed-arm-confirmation,poisson-n04-p025,pretrain_arm,10289,,22,4,4,poisson,,0.0,,,289dd55e1daa24ab2a913e9bea2b33de43e05d34febd5d7d829b7456b3d991d5,100000,350381003,70609,29391,0.29391,0.3903755364271276,37685.987181484685,116278.0,0.9989390657488164,0.645442034058648,24992,0,23933
28aeeb9e20a37faa,comments0720-fixed-arm-confirmation,poisson-n06-p045,pretrain_arm,10177,,18,6,6,poisson,,0.0,,,28aeeb9e20a37faaf0eca02c7ed0683f3410558e81db59d48a5ae2cc705b147b,100000,200193521,99889,111,0.00111,0.9668684232792928,22046.569620633378,22022.0,0.9989585354746072,0.9736501529179666,37476,0,37464
291a3384432933ec,comments0720-fixed-arm-confirmation,poisson-n06-p045,pretrain_arm,10139,,23,6,6,poisson,,0.0,,,291a3384432933ec50ba3fe4c8be9a285f2d2b1e0e0df43c345509b5dfe22f4c,100000,200189493,99861,139,0.00139,0.966553729170991,22054.114212460816,22022.0,0.9989378380500135,0.9734683557403349,37481,0,37468
2934e33c3c901b5c,comments0720-fixed-arm-confirmation,poisson-n06-p045,pretrain_arm,10333,,18,6,6,poisson,,0.0,,,2934e33c3c901b5ce26ff0f162270f601cec061c62253a7274f6c6f0b18b7b2b,100000,200191420,99881,119,0.00119,0.9667222501343964,22049.770249026224,22022.0,0.9989588398893746,0.9735815300079238,37482,0,37469
293ddd123ade2a7c,comments0720-fixed-arm-confirmation,poisson-n04-p025,pretrain_arm,10169,,3,4,4,poisson,,0.0,,,293ddd123ade2a7c546c99542b74ca97f327df835e83d233b2f1bc9495babf03,100000,388016199,76923,23077,0.23077,0.3840581485619883,38349.949957745564,118274.0,0.9989103357724146,0.6577809947781342,24993,0,24159
2943b4b5d1f2dea4,comments0720-fixed-arm-confirmation,poisson-n06-p045,pretrain_arm,10139,,11,6,6,poisson,,0.0,,,2943b4b5d1f2dea4914921fa7a8b82e10d93462db675619bc58a4426301fc1de,100000,200189482,99860,140,0.0014,0.9667040249397318,22054.35371765083,22022.0,0.9989483614578573,0.9735194621325297,37481,0,37468
29678fa6a7a74700,comments0720-fixed-arm-confirmation,poisson-n06-p045,pretrain_arm,10103,,23,6,6,poisson,,0.0,,,29678fa6a7a74700fab67224701c294810c61f48cad0596a0eac8770d69aa5dc,100000,200185511,99926,74,0.00074,0.967256761154907,22038.06696759213,22022.0,0.99897497350301,0.9738775782193057,37480,0,37467
29867ea8f254484c,comments0720-fixed-arm-confirmation,poisson-n06-p045,pretrain_arm,10111,,3,6,6,poisson,,0.0,,,29867ea8f254484c3f212d5741abaa594ab397083f00a071209603cba5679f1f,100000,200189372,99911,89,0.00089,0.967130942395883,22041.64087728606,22022.0,0.9989639370649833,0.9737944598202888,37483,0,37471
298d9fa001fe0d61,comments0720-fixed-arm-confirmation,poisson-n04-p025,pretrain_arm,10289,,21,4,4,poisson,,0.0,,,298d9fa001fe0d617af6f6353459a23f9b272015d96eddf6228c628ee2652298,100000,348630034,70247,29753,0.29753,0.39045224944675877,37695.16671649653,116302.0,0.9989175411170359,0.6445394301879316,24992,0,23914
29924c6d3296d268,comments0720-fixed-arm-confirmation,poisson-n04-p025,pretrain_arm,10103,,23,4,4,poisson,,0.0,,,29924c6d3296d2685b7ffaaa00d4361af9749fd7e027507489cce7f33f110613,100000,354965492,70679,29321,0.29321,0.3858423257661339,38172.438482545884,118254.0,0.9985219490943945,0.6426495916201761,24987,0,23938
299420550d43b27f,comments0720-fixed-arm-confirmation,poisson-n04-p025,pretrain_arm,10369,,21,4,4,poisson,,0.0,,,299420550d43b27f42e350d5ebb77177bf667219397ceb5a692dc61bd9667445,100000,350677479,70329,29671,0.29671,0.38861579417251374,37886.4478605253,116331.0,0.9986339178840377,0.6440184040188505,24992,0,23915
29c7db1c6cb312a9,comments0720-fixed-arm-confirmation,poisson-n06-p045,pretrain_arm,10141,,19,6,6,poisson,,0.0,,,29c7db1c6cb312a9409b7772993a3cbccc8a30864ed290177e9f55228c56d84f,100000,200193409,99918,82,0.00082,0.9671035723259,22041.24414950053,22022.0,0.9989592134510746,0.9738012619256582,37480,0,37466
29e334507d8e4141,comments0720-fixed-arm-confirmation,poisson-n04-p025,pretrain_arm,10369,,5,4,4,poisson,,0.0,,,29e334507d8e414192cc05cedf8740f044aa613a52df65b6f3be845773d1af91,100000,385984634,77315,22685,0.22685,0.38811802803528184,37935.243949448304,118165.0,0.9987682977936962,0.6601396086096594,24992,0,24184
2a2c10b02f11943e,comments0720-fixed-arm-confirmation,poisson-n04-p025,pretrain_arm,10193,,2,4,4,poisson,,0.0,,,2a2c10b02f11943e8b34699c0473135bc0360076e9a791527f8aa50e4732808d,100000,382888199,76789,23211,0.23211,0.38860875678228984,37884.9282895508,116267.0,0.9988184537084994,0.6602702368302631,24993,0,24162
2a8154d5fb61465b,comments0720-fixed-arm-confirmation,poisson-n06-p045,pretrain_arm,10169,,3,6,6,poisson,,0.0,,,2a8154d5fb61465b10a265afb0ce722f939f89b1ccc167003c1acf6774f212f6,100000,200187467,99924,76,0.00076,0.9671864922492875,22038.422732004165,22022.0,0.998976236724678,0.9738495763246551,37476,0,37463
2a86dd0fe0c8db39,comments0720-fixed-arm-confirmation,poisson-n06-p045,pretrain_arm,10331,,14,6,6,poisson,,0.0,,,2a86dd0fe0c8db39d0678c193734c402ac99007bf3867c6415e60a1c03fd4a8f,100000,200187407,99849,151,0.00151,0.9665012944595461,22057.437402966836,22022.0,0.9989690392570032,0.9734312779055164,37481,0,37467
2a87e6c2db064e08,comments0720-fixed-arm-confirmation,poisson-n04-p025,pretrain_arm,10111,,11,4,4,poisson,,0.0,,,2a87e6c2db064e08c99f3f966e14fbb90fdf6a40d522055d9c44b52999f832ce,100000,354844492,70617,29383,0.29383,0.3855726327576757,38190.88614765823,118239.0,0.9989247256176983,0.6425489527917915,24991,0,23887
2a966dc8ef94df95,comments0720-fixed-arm-confirmation,poisson-n04-p025,pretrain_arm,10141,,22,4,4,poisson,,0.0,,,2a966dc8ef94df951ac31a2738e33d06c9b551a3d7b98c663f46a38791c96564,100000,352002310,70730,29270,0.2927,0.38936433116021313,37814.51088770114,118136.0,0.9986428236665227,0.644070051608912,24991,0,23884
2b13c1325d23e651,comments0720-fixed-arm-confirmation,poisson-n06-p045,pretrain_arm,10271,,11,6,6,poisson,,0.0,,,2b13c1325d23e651c15fb14b9d627958985161aae074c146a2b405b9b83b05f6,100000,200199508,99878,122,0.00122,0.9668221662163126,22050.079156069132,22022.0,0.9989435907437105,0.9736022523200077,37480,0,37465
2b780b5aa130531c,comments0720-fixed-arm-confirmation,poisson-n06-p045,pretrain_arm,10271,,9,6,6,poisson,,0.0,,,2b780b5aa130531c9aa1e7dc3e540acdb00cb98cda7c2b184f2aa89928c5d8b1,100000,200199498,99886,114,0.00114,0.966749502039211,22048.15145082804,22022.0,0.9989251745602896,0.9735918921998334,37480,0,37465
2b81a7a10d63385a,comments0720-fixed-arm-confirmation,poisson-n06-p045,pretrain_arm,10133,,21,6,6,poisson,,0.0,,,2b81a7a10d63385afaa70fa5aaf0e7f2e22fef3d045c532755b0bd65f99ff181,100000,200185483,99877,123,0.00123,0.9668291781177759,22050.29719120813,22022.0,0.9989681248735848,0.9736102676637869,37479,0,37466
2b8a593b7f6cd272,comments0720-fixed-arm-confirmation,poisson-n04-p025,pretrain_arm,10357,,21,4,4,poisson,,0.0,,,2b8a593b7f6cd2727f4df000a086029a12cc636d3988b854b77be25cdfe884e7,100000,349800049,70038,29962,0.29962,0.3879539050607737,37953.95713265743,118296.0,0.9989414570984031,0.6418627873863924,24990,0,23904
2b8edf4c9603416a,comments0720-fixed-arm-confirmation,poisson-n04-p025,pretrain_arm,10369,,15,4,4,poisson,,0.0,,,2b8edf4c9603416a840bda7348373ed5459c4854e9ae4de2ddad96861124d98b,100000,383733509,76880,23120,0.2312,0.3882720104070974,37925.44646945572,116322.0,0.9987816168570277,0.660336542421375,24992,0,24154
2b9872cc5b7fd6c0,comments0720-fixed-arm-confirmation,poisson-n04-p025,pretrain_arm,10193,,11,4,4,poisson,,0.0,,,2b9872cc5b7fd6c0a8f2f066090aed75c6919c74eb71d152bdbe4abd88ef63cd,100000,350297068,70257,29743,0.29743,0.38861497122208283,37882.21204572307,116285.0,0.9988049092517632,0.6439257934912821,24993,0,23939
2b9ca74384d86cce,comments0720-fixed-arm-confirmation,poisson-n06-p045,pretrain_arm,10211,,19,6,6,poisson,,0.0,,,2b9ca74384d86cce40f41a5f678951fbc6523db957148e001d5f4ade0c558fbd,100000,200193475,99809,191,0.00191,0.9660413407579842,22066.325029810516,22022.0,0.9989837077363722,0.9731828494981187,37478,0,37464
2bae7086366b5b2c,comments0720-fixed-arm-confirmation,poisson-n04-p025,pretrain_arm,10133,,23,4,4,poisson,,0.0,,,2bae7086366b5b2cd4c372764f55c05172b61fc1c66251f3d4263aa6ff48d004,100000,354992765,70611,29389,0.29389,0.3854413117405365,38214.844581675,118245.0,0.999138388409024,0.6425574000498535,24993,0,23931
2be592eeea47b9e6,comments0720-fixed-arm-confirmation,poisson-n04-p025,pretrain_arm,10331,,2,4,4,poisson,,0.0,,,2be592eeea47b9e608b408816e6f97a1f2c6b9f13bc1460b44b7ab19237cfe59,100000,382580067,76597,23403,0.23403,0.38791040569293433,37955.604146809594,118189.0,0.998787888910378,0.6582659315344374,24992,0,24157
2c3257d4c32db9d7,comments0720-fixed-arm-confirmation,poisson-n04-p025,pretrain_arm,10343,,5,4,4,poisson,,0.0,,,2c3257d4c32db9d79ae4e6c3ecafe4df4a579143767cf1420efc0e0a5d1a59d1,100000,388933186,77406,22594,0.22594,0.3856481714573978,38193.03177084679,118211.0,0.9990843026554863,0.6596184913709613,24994,0,24111
2c36e6618095feec,comments0720-fixed-arm-confirmation,poisson-n06-p045,pretrain_arm,10247,,12,6,6,poisson,,0.0,,,2c36e6618095feec45ff50b27f71b2fded6e3e7b625fbba2cfc169afba75457c,100000,200187429,99861,139,0.00139,0.9666494143346034,22054.62827870084,22022.0,0.9989683637188976,0.9735104260178338,37478,0,37464
2c84d6c2724c6a55,comments0720-fixed-arm-confirmation,poisson-n04-p025,pretrain_arm,10301,,8,4,4,poisson,,0.0,,,2c84d6c2724c6a55dcecb90ca8a85a949c13fa4df51ebca9ed4be868c19d509a,100000,347926099,69885,30115,0.30115,0.38922600917041295,37827.898965324785,118198.0,0.9987103878575151,0.6418926323426427,24989,0,23843
2ca1ef10d9239b9e,comments0720-fixed-arm-confirmation,poisson-n06-p045,pretrain_arm,10111,,2,6,6,poisson,,0.0,,,2ca1ef10d9239b9e27b36f8c91cdb3aa549998909bb506456c91da7a958a60c9,100000,200189372,99911,89,0.00089,0.967130942395883,22041.64087728606,22022.0,0.9989639370649833,0.9737944598202888,37483,0,37471
2cfc29515c62f357,comments0720-fixed-arm-confirmation,poisson-n06-p045,pretrain_arm,10303,,20,6,6,poisson,,0.0,,,2cfc29515c62f357e9170fc2be2040f97c065ae4ea65b635410f6758d3b5e470,100000,200193518,99891,109,0.00109,0.9668849467943312,22047.37106899348,22022.0,0.9989746317020199,0.9736660261654504,37480,0,37468
2d301eb3edb56434,comments0720-fixed-arm-confirmation,poisson-n06-p045,pretrain_arm,10369,,10,6,6,poisson,,0.0,,,2d301eb3edb56434326dd6c6a9a9b95dcad010f7862dd44f3d60405ba3274e8c,100000,200197477,99946,54,0.00054,0.9673607824737971,22033.227440110473,22022.0,0.9989557541930548,0.9739558455556173,37484,0,37472
2d5e9009d8f6ac25,comments0720-fixed-arm-confirmation,poisson-n04-p025,pretrain_arm,10289,,11,4,4,poisson,,0.0,,,2d5e9009d8f6ac25cf8c4826d0f747e05d7ae94e22486f79e6a0bf764fd6b656,100000,349765146,70474,29526,0.29526,0.39039582863410865,37697.04407799506,116294.0,0.9989276458080281,0.6450968248140455,24992,0,23927
2d7b0528edb18b5e,comments0720-fixed-arm-confirmation,poisson-n06-p045,pretrain_arm,10133,,5,6,6,poisson,,0.0,,,2d7b0528edb18b5e235672adad4447f2c0a41b581f7891f0d2914ff710e962b1,100000,200185459,99871,129,0.00129,0.9666970566528511,22051.739592825885,22022.0,0.9989486702615202,0.9735447423047904,37479,0,37467
2db8af4a07fcba40,comments0720-fixed-arm-confirmation,poisson-n06-p045,pretrain_arm,10211,,18,6,6,poisson,,0.0,,,2db8af4a07fcba4043818bb3b988adb9af34f281a0e64599a0599de77ed69f12,100000,200193475,99809,191,0.00191,0.9660413407579842,22066.325029810516,22022.0,0.9989837077363722,0.9731828494981187,37478,0,37464
2de198b631631768,comments0720-fixed-arm-confirmation,poisson-n06-p045,pretrain_arm,10267,,15,6,6,poisson,,0.0,,,2de198b631631768cb632e3e6bd85b7b95c7bc46f2b2a6e8058a79ff84a250ab,100000,200191460,99876,124,0.00124,0.9666289011529263,22050.293929744454,22022.0,0.9989647252895317,0.9735398754808193,37484,0,37472
2e1baffc1817eafe,comments0720-fixed-arm-confirmation,poisson-n06-p045,pretrain_arm,10357,,17,6,6,poisson,,0.0,,,2e1baffc1817eafeb9258eef1456a6ee473571463cbc505af516e8ad1a304385,100000,200185428,99918,82,0.00082,0.9671401756575408,22040.60201589494,22022.0,0.998954815934667,0.9738119971974026,37478,0,37466
2e35845429f65492,comments0720-fixed-arm-confirmation,poisson-n06-p045,pretrain_arm,10369,,0,6,6,poisson,,0.0,,,2e35845429f65492c8118baa0f43b02eb97fce8ca947bc9394820f5d1b321ed1,100000,200197475,99918,82,0.00082,0.9671368932100667,22039.962534782695,22022.0,0.9989467128484406,0.9738082020195024,37483,0,37471
2e4c598cbc91e16c,comments0720-fixed-arm-confirmation,poisson-n06-p045,pretrain_arm,10273,,1,6,6,poisson,,0.0,,,2e4c598cbc91e16c34e29026100f7bc8edc303ce0ca9ed9ca4fc99f56469d1e2,100000,200185460,99841,159,0.00159,0.9664334462652782,22059.1900750283,22022.0,0.9989663697459313,0.9733877720037364,37480,0,37466
2e74dd43080d6a24,comments0720-fixed-arm-confirmation,poisson-n06-p045,pretrain_arm,10141,,7,6,6,poisson,,0.0,,,2e74dd43080d6a240657a9f8ff4fd86b67fe1d2faa6ba21f3fc3d7455b78ddf7,100000,200193409,99918,82,0.00082,0.9671035723259,22041.24414950053,22022.0,0.9989592134510746,0.9738012619256582,37480,0,37466
2eafce53e60681ca,comments0720-fixed-arm-confirmation,poisson-n06-p045,pretrain_arm,10303,,1,6,6,poisson,,0.0,,,2eafce53e60681caa5a83277c6108f12f40c5bef07ce625685aa6dd6805d1dec,100000,200193492,99890,110,0.0011,0.9669171463376042,22047.608622519474,22022.0,0.9989744705287942,0.9736742056221328,37480,0,37468
2f5a0ae707b2adf0,comments0720-fixed-arm-confirmation,poisson-n04-p025,pretrain_arm,10223,,11,4,4,poisson,,0.0,,,2f5a0ae707b2adf00b4578315c6c427292799abdd4c8e7cec6b3d4fa406a58ca,100000,356190277,70671,29329,0.29329,0.38436570237991086,38318.37121265726,118337.0,0.999167402028882,0.6422972014695977,24990,0,23897
2f73155df42a2545,comments0720-fixed-arm-confirmation,poisson-n06-p045,pretrain_arm,10343,,0,6,6,poisson,,0.0,,,2f73155df42a25455c84ad6c1b4c6859afac22ef04ab6dec930c6ea0d0275e81,100000,200189430,99861,139,0.00139,0.9666471751280774,22053.424010255487,22022.0,0.9989716747263123,0.9735107832847966,37481,0,37468
2f7e29dad7c5b0bf,comments0720-fixed-arm-confirmation,poisson-n06-p045,pretrain_arm,10369,,5,6,6,poisson,,0.0,,,2f7e29dad7c5b0bf30addf725887fe0c0ddbce8119ecbad7bb96bd71f0035c62,100000,200197475,99941,59,0.00059,0.9674344743858533,22034.42953496983,22022.0,0.9989648039113215,0.9739709260990582,37484,0,37472
2fc74fe5efd48288,comments0720-fixed-arm-confirmation,poisson-n04-p025,pretrain_arm,10321,,23,4,4,poisson,,0.0,,,2fc74fe5efd4828844bb292f9196c3d4307397b5f1aef841b2021af2b90835bf,100000,353512737,70930,29070,0.2907,0.3887879689042152,37864.87169002566,118230.0,0.9988333134573493,0.6443787607871881,24993,0,23869
2fe02b5431e83bba,comments0720-fixed-arm-confirmation,poisson-n06-p045,pretrain_arm,10337,,1,6,6,poisson,,0.0,,,2fe02b5431e83bba72397d202aabcc5a4452e4eabf6793721fd9e3e191e20f4d,100000,200187377,99921,79,0.00079,0.9671950344801211,22039.797775976138,22022.0,0.9989714535791837,0.9738433293531017,37478,0,37464
2ffd8ba0d11cb76f,comments0720-fixed-arm-confirmation,poisson-n06-p045,pretrain_arm,10223,,2,6,6,poisson,,0.0,,,2ffd8ba0d11cb76f0ec248d11786300ca14704f5b45183e68ce1f80d4244b758,100000,200193427,99878,122,0.00122,0.9667129680536415,22050.413664310177,22022.0,0.998956436997696,0.9735701350171125,37481,0,37466
3070e1fe5d87eb3a,comments0720-fixed-arm-confirmation,poisson-n06-p045,pretrain_arm,10103,,18,6,6,poisson,,0.0,,,3070e1fe5d87eb3af15947e95d297987ef8b6e21efe81046c52ccb5551e653ff,100000,200185511,99905,95,0.00095,0.9671270214955767,22043.12028870892,22022.0,0.9989963025419021,0.9737889413458263,37480,0,37467
307f81c6c808acdb,comments0720-fixed-arm-confirmation,poisson-n04-p025,pretrain_arm,10151,,19,4,4,poisson,,0.0,,,307f81c6c808acdbe7060cf6e4adb226da6cbb7613409783c4107439625051f4,100000,347945812,69479,30521,0.30521,0.3868715683808834,38056.23916454348,118199.0,0.9990028376610566,0.6401896353473133,24989,0,23873
30b477982afe904e,comments0720-fixed-arm-confirmation,poisson-n04-p025,pretrain_arm,10139,,3,4,4,poisson,,0.0,,,30b477982afe904eb545dd1c84e5e998d38b1b39e3156106a6d0d3966337f655,100000,387107306,76704,23296,0.23296,0.38390514386210006,38367.09917075206,118329.0,0.9990008092044619,0.6571759843555207,24992,0,24117
30bdcdd788e47947,comments0720-fixed-arm-confirmation,poisson-n04-p025,pretrain_arm,10267,,6,4,4,poisson,,0.0,,,30bdcdd788e4794768af79f9089a2f16957ff8f71bdd5465cee1ee0d9cca58b7,100000,348906336,69052,30948,0.30948,0.38346680239134434,38418.593896645616,120121.0,0.9989238296526102,0.6366795440146515,24992,0,23858
3144596f8b8fc5bd,comments0720-fixed-arm-confirmation,poisson-n04-p025,pretrain_arm,10321,,5,4,4,poisson,,0.0,,,3144596f8b8fc5bd00fb315b59d88d97cd67bc6485273fa7973cd3076b6ab7db,100000,386931790,77588,22412,0.22412,0.38856691252998365,37890.19167311163,118214.0,0.9987891927462507,0.660946035092078,24992,0,24151
317f52bf3e76fb04,comments0720-fixed-arm-confirmation,poisson-n04-p025,pretrain_arm,10303,,7,4,4,poisson,,0.0,,,317f52bf3e76fb04ac6525f6acc248d77ad1cf3d953089a6e06967f783ba4bb7,100000,341728400,68564,31436,0.31436,0.38872530348662854,37872.229024447166,116267.0,0.9989632828583482,0.6397948621149923,24992,0,23829
31961a74b4fa6138,comments0720-fixed-arm-confirmation,poisson-n06-p045,pretrain_arm,10169,,5,6,6,poisson,,0.0,,,31961a74b4fa6138bda4cfba975adb2abfb33d842ce29f0db5618e3a3516b920,100000,200187478,99899,101,0.00101,0.9669901630910201,22044.460540410662,22022.0,0.9989798857874546,0.9737228496261582,37478,0,37465
31f86f580207e6ae,comments0720-fixed-arm-confirmation,poisson-n04-p025,pretrain_arm,10181,,2,4,4,poisson,,0.0,,,31f86f580207e6aef4c898563a7971e0e1fac547c8009a66dca0d08983fc75b5,100000,382895934,76621,23379,0.23379,0.3878128410734181,37977.58325610536,116275.0,0.9986894798249832,0.6595366069661338,24990,0,24158
321c7f965959e82e,comments0720-fixed-arm-confirmation,poisson-n06-p045,pretrain_arm,10211,,3,6,6,poisson,,0.0,,,321c7f965959e82e1ac685b77ff234c53d6413c1bb970f04b89e40b63c34d237,100000,200193442,99783,217,0.00217,0.9658275019818082,22072.592797506288,22022.0,0.9989828044440672,0.9730462688086251,37478,0,37463
322966757a9808ce,comments0720-fixed-arm-confirmation,poisson-n04-p025,pretrain_arm,10313,,16,4,4,poisson,,0.0,,,322966757a9808cea99e33c31d68b078ae1c2247e1cd2ab7e08d203cec2e2715,100000,390039199,77493,22507,0.22507,0.3849224216051167,38260.59617990579,118238.0,0.9991966718415539,0.6596135311488901,24993,0,24164
3242ad88ea7b2c46,comments0720-fixed-arm-confirmation,poisson-n06-p045,pretrain_arm,10343,,23,6,6,poisson,,0.0,,,3242ad88ea7b2c463164d5492ed314996e25683881ea0557d2732cae81d28adc,100000,200189465,99891,109,0.00109,0.966856192957007,22046.20341613352,22022.0,0.9989750248803677,0.9736565726124583,37481,0,37469
324bfa67ead73162,comments0720-fixed-arm-confirmation,poisson-n04-p025,pretrain_arm,10211,,7,4,4,poisson,,0.0,,,324bfa67ead73162e08e6871331c4c2b63ade27c02f606f2a0a5188058d7b8bf,100000,342688179,68548,31452,0.31452,0.3877209870142617,37983.652144733,118260.0,0.9984949245054162,0.6379353038398926,24989,0,23816
3274c1e7d92b950c,comments0720-fixed-arm-confirmation,poisson-n04-p025,pretrain_arm,10357,,4,4,4,poisson,,0.0,,,3274c1e7d92b950cc920a4f41191d770b839dec4555780ee659a422f07efc598,100000,386384439,77340,22660,0.2266,0.3878463671773283,37964.72927119433,118240.0,0.9989612897252625,0.6601258856341969,24989,0,24178
32bf0da4509ed350,comments0720-fixed-arm-confirmation,poisson-n06-p045,pretrain_arm,10303,,14,6,6,poisson,,0.0,,,32bf0da4509ed350397ecb26384f3539ea7366732caab2e951e8d89d30a8396d,100000,200193496,99887,113,0.00113,0.9667600839539762,22048.331624530663,22022.0,0.9989677542643632,0.9736121127394465,37480,0,37467
3300f2ae6f9c603c,comments0720-fixed-arm-confirmation,poisson-n04-p025,pretrain_arm,10159,,5,4,4,poisson,,0.0,,,3300f2ae6f9c603ced881d2f31aace7cda69d20558490d1843e98847fbe6bdf5,100000,383706458,77310,22690,0.2269,0.3904645097216477,37700.76206307728,116266.0,0.9986975828940327,0.6621516975385601,24991,0,24190
335fbf775310b00b,comments0720-fixed-arm-confirmation,poisson-n04-p025,pretrain_arm,10211,,12,4,4,poisson,,0.0,,,335fbf775310b00b8756576a546e6efc1334ee1056a7145fa7ea12ababd4635b,100000,379229244,75755,24245,0.24245,0.38714454468601056,38041.93620869474,118203.0,0.9983861543235625,0.6557623996698577,24990,0,24147
33a5d57a725aa197,comments0720-fixed-arm-confirmation,poisson-n04-p025,pretrain_arm,10141,,6,4,4,poisson,,0.0,,,33a5d57a725aa197dc1b79f223a5053a2dabeef465e6e6708df118f83e31f908,100000,341400743,68612,31388,0.31388,0.38944092163267496,37806.18003323422,118220.0,0.9986702542173879,0.6387537252833543,24991,0,23789
33d560e0b266290f,comments0720-fixed-arm-confirmation,poisson-n06-p045,pretrain_arm,10301,,14,6,6,poisson,,0.0,,,33d560e0b266290f0beb810bf7a3eb16d47f3032980e619528477c182fcd32e2,100000,200185414,99894,106,0.00106,0.9669486858817796,22045.957960393265,22022.0,0.9989619925934696,0.9736905594917499,37480,0,37468
340cd3bdfa9bbb94,comments0720-fixed-arm-confirmation,poisson-n04-p025,pretrain_arm,10273,,17,4,4,poisson,,0.0,,,340cd3bdfa9bbb943e9f223cce1986b8f73035a5b9488aa83ab8145fede6905a,100000,387460135,77514,22486,0.22486,0.3876614480609728,37986.63228653266,118186.0,0.9990464471891314,0.6605636317500347,24990,0,24160
341184102ee7ca92,comments0720-fixed-arm-confirmation,poisson-n04-p025,pretrain_arm,10343,,2,4,4,poisson,,0.0,,,341184102ee7ca925f0684e6b1ba537b4d6f38e1bf39d69bf104ad2bcbc59017,100000,385339218,76740,23260,0.2326,0.3859106082475104,38167.917674503464,118215.0,0.9990943775224003,0.6580416619233035,24994,0,24110
342f520774fd42db,comments0720-fixed-arm-confirmation,poisson-n04-p025,pretrain_arm,10273,,6,4,4,poisson,,0.0,,,342f520774fd42dbe8adde93529a945944a1df16f5d7ad2ce084747807bcb69f,100000,343237770,68646,31354,0.31354,0.3874478295322802,37999.17328593491,118199.0,0.9990061680133134,0.6383003325151979,24990,0,23844
34463882c32a9d4d,comments0720-fixed-arm-confirmation,poisson-n04-p025,pretrain_arm,10273,,16,4,4,poisson,,0.0,,,34463882c32a9d4d8182d70cdf0bb4bb5d19f719448f64d73892be7371caba66,100000,387460135,77514,22486,0.22486,0.3876614480609728,37986.63228653266,118186.0,0.9990464471891314,0.6605636317500347,24990,0,24160
345d6285e0a707e5,comments0720-fixed-arm-confirmation,poisson-n06-p045,pretrain_arm,10313,,22,6,6,poisson,,0.0,,,345d6285e0a707e5de3571403fe2c4263bb347de2ed01aa0c830a7ba12fc2269,100000,200185415,99914,86,0.00086,0.9671079483987383,22039.70094692799,22022.0,0.9989475704051128,0.9737888396012837,37483,0,37470
346cebd4d2d8066b,comments0720-fixed-arm-confirmation,poisson-n06-p045,pretrain_arm,10259,,18,6,6,poisson,,0.0,,,346cebd4d2d8066b8fa976bdaea267bc5dbcfb66441c424e88f882546474ca65,100000,200191439,99921,79,0.00079,0.9671815886192816,22038.899598634758,22022.0,0.9989679459889648,0.9738376782027488,37478,0,37466
3487d889c5b21daf,comments0720-fixed-arm-confirmation,poisson-n06-p045,pretrain_arm,10321,,15,6,6,poisson,,0.0,,,3487d889c5b21dafc229c5a58bdc5090c2a922b49c8bd16cfc5a7026d0db345b,100000,200185372,99935,65,0.00065,0.9673443522137072,22035.92754420904,22022.0,0.9989692826654581,0.9739273782930551,37482,0,37469
351e8ed1a674c83e,comments0720-fixed-arm-confirmation,poisson-n06-p045,pretrain_arm,10253,,3,6,6,poisson,,0.0,,,351e8ed1a674c83e447e8424de683d40e094b2a867a6db678e0ae9efea2ce7da,100000,200191451,99870,130,0.0013,0.96664976967473,22052.62117206433,22022.0,0.9989764449048374,0.9735357381931891,37477,0,37463
35466ce54ded5a33,comments0720-fixed-arm-confirmation,poisson-n04-p025,pretrain_arm,10343,,23,4,4,poisson,,0.0,,,35466ce54ded5a33f6e6c4b8ea5d9b2882d7f7f961f72e958da3252977a7ce45,100000,355057847,70608,29392,0.29392,0.38528594187076226,38225.63395184136,118258.0,0.9991305819759827,0.6424868412822483,24994,0,23903
354cd3cb9136baa8,comments0720-fixed-arm-confirmation,poisson-n04-p025,pretrain_arm,10111,,3,4,4,poisson,,0.0,,,354cd3cb9136baa8215b99c2c730be89c28c53454148edd33bf2efe851c2fa9c,100000,385768681,76763,23237,0.23237,0.38561799421970183,38196.36664712396,118229.0,0.998946885403775,0.6579431265411588,24991,0,24111
355a77660c340981,comments0720-fixed-arm-confirmation,poisson-n04-p025,pretrain_arm,10177,,14,4,4,poisson,,0.0,,,355a77660c340981c8ca6c2d2139d98b3339b4a27d35ce12a3407f5327ceef7b,100000,384564992,76727,23273,0.23273,0.3865764333535591,38093.622283919234,118218.0,0.9991078527317704,0.6582335953617765,24991,0,24097
3561af9379553bc7,comments0720-fixed-arm-confirmation,poisson-n04-p025,pretrain_arm,10211,,15,4,4,poisson,,0.0,,,3561af9379553bc7283332a828429c230e834e3734cd2bf6f1c8e48efa6038cf,100000,384209122,76736,23264,0.23264,0.38707872219650213,38049.07526587426,118225.0,0.9984010642447613,0.6581832621470878,24990,0,24160
358148b5827e574c,comments0720-fixed-arm-confirmation,poisson-n04-p025,pretrain_arm,10271,,21,4,4,poisson,,0.0,,,358148b5827e574ca4c88ac5b2b8216a1fd207fea435bfd5e1a4f1c6e7219da2,100000,347413198,70121,29879,0.29879,0.3910407341519593,37628.56866772211,116270.0,0.9990093507807701,0.6444725283109098,24988,0,23898
35823d47dac16c7b,comments0720-fixed-arm-confirmation,poisson-n06-p045,pretrain_arm,10243,,1,6,6,poisson,,0.0,,,35823d47dac16c7b6bc6b4f4e6175db76233d4693e44f3147b855b62690716a0,100000,200191568,99849,151,0.00151,0.9665223712119584,22056.270571030782,22022.0,0.9989677173324559,0.9734378628481382,37478,0,37465
35b21d679abf898d,comments0720-fixed-arm-confirmation,poisson-n04-p025,pretrain_arm,10313,,0,4,4,poisson,,0.0,,,35b21d679abf898d7c0dd12c8614bd545207bd7233442c6bdbc75c5da0827af8,100000,381520538,75827,24173,0.24173,0.38508167285085976,38247.36945884277,118209.0,0.9992016148938075,0.655522595914889,24993,0,24115
35e6390eee83951d,comments0720-fixed-arm-confirmation,poisson-n06-p045,pretrain_arm,10159,,12,6,6,poisson,,0.0,,,35e6390eee83951d50fd968ef1d2e0dc4ea4dc62511530e0b193dbca21cd528f,100000,200201511,99886,114,0.00114,0.966848162299834,22048.791777639824,22022.0,0.9989531094154718,0.9736340905717686,37479,0,37467
36622a2792a78414,comments0720-fixed-arm-confirmation,poisson-n04-p025,pretrain_arm,10337,,0,4,4,poisson,,0.0,,,36622a2792a78414fa26262fc61775801c887fb5e9c7eb89f51eb6f279f7597d,100000,378812205,75898,24102,0.24102,0.38822567504127803,37926.37724337857,118156.0,0.9990693267860852,0.6567393339424543,24991,0,24091
368019384ad09ee2,comments0720-fixed-arm-confirmation,poisson-n04-p025,pretrain_arm,10163,,4,4,4,poisson,,0.0,,,368019384ad09ee2f1ffd99cd337327cbb0ceb967ddc21edb7e985df10a5b639,100000,387629396,77616,22384,0.22384,0.3879803094190514,37950.80784197505,118169.0,0.9988873285433346,0.6608832126541287,24993,0,24154
368676376cb095f9,comments0720-fixed-arm-confirmation,poisson-n06-p045,pretrain_arm,10273,,6,6,6,poisson,,0.0,,,368676376cb095f96fa916af0675fd6e3ae780c7cdd5ab2bbf8dc0d7b01b0a32,100000,200185489,99856,144,0.00144,0.9666231751693051,22055.57909338568,22022.0,0.99896476214276,0.9734879791040216,37480,0,37467
36d66e1515c47592,comments0720-fixed-arm-confirmation,poisson-n06-p045,pretrain_arm,10151,,13,6,6,poisson,,0.0,,,36d66e1515c47592f3f6bbed7f5f849edf4fd325a2f28b5105dd7b0bf1ffdb7e,100000,200187408,99911,89,0.00089,0.9670674990706708,22041.844973423158,22022.0,0.9989562274334006,0.9737707421680238,37479,0,37466
376a9dd5e2f2a81c,comments0720-fixed-arm-confirmation,poisson-n06-p045,pretrain_arm,10289,,5,6,6,poisson,,0.0,,,376a9dd5e2f2a81cd4f1119b30ca79ae002e9e72edc3c7118e9add7e581b4983,100000,200185429,99865,135,0.00135,0.9666700566902899,22053.424594153406,22022.0,0.9989461145268237,0.9735198904057045,37485,0,37471
378ebb64bcd441a0,comments0720-fixed-arm-confirmation,poisson-n06-p045,pretrain_arm,10103,,11,6,6,poisson,,0.0,,,378ebb64bcd441a0f13eb49dd58026f2d2b9144125d8894b06e3171f7245bd0f,100000,200185511,99926,74,0.00074,0.9673388100500441,22038.066987609345,22022.0,0.9989870730542267,0.973908961034757,37480,0,37467
378f237c468eebd4,comments0720-fixed-arm-confirmation,poisson-n04-p025,pretrain_arm,10301,,9,4,4,poisson,,0.0,,,378f237c468eebd4b455e267d88e7ec2878c159459083d47b5dd384a3a2bb35f,100000,347926099,69885,30115,0.30115,0.38922600917041295,37827.898965324785,118198.0,0.9987103878575151,0.6418926323426427,24989,0,23843
37bc78d4aa114c9a,comments0720-fixed-arm-confirmation,poisson-n06-p045,pretrain_arm,10343,,11,6,6,poisson,,0.0,,,37bc78d4aa114c9aa7d4267e16a8a9c8c44de8f86cf2fcae5e357db31861827c,100000,200189452,99887,113,0.00113,0.9668634639151718,22047.16489612015,22022.0,0.9989664947158696,0.9736461528770137,37481,0,37469
37d87527cc022220,comments0720-fixed-arm-confirmation,poisson-n06-p045,pretrain_arm,10177,,0,6,6,poisson,,0.0,,,37d87527cc02222051dfa51884f4bebe3f7382d3954d758b2c6743f972cb0000,100000,200193515,99864,136,0.00136,0.9666301877960433,22052.749879822135,22022.0,0.9989583106525782,0.9735081661495405,37475,0,37461
37f8767df9b73e62,comments0720-fixed-arm-confirmation,poisson-n04-p025,pretrain_arm,10259,,23,4,4,poisson,,0.0,,,37f8767df9b73e6231e10b6d2686e8e2ab46b45e3ba079d437815982b9fdeb9a,100000,352407093,70536,29464,0.29464,0.38788431253283545,37961.56474024501,118211.0,0.9984312308601881,0.6429711811310079,24990,0,23915
3809857e80970fd6,comments0720-fixed-arm-confirmation,poisson-n04-p025,pretrain_arm,10111,,7,4,4,poisson,,0.0,,,3809857e80970fd6e3075ec622b23c86648057b8f56692a0939d782e28b41f8b,100000,343087069,68341,31659,0.31659,0.3860226454643792,38156.550114878606,118177.0,0.9989220788356428,0.6370494081000073,24991,0,23802
384bd02b70e691df,comments0720-fixed-arm-confirmation,poisson-n06-p045,pretrain_arm,10111,,6,6,6,poisson,,0.0,,,384bd02b70e691df26dc0206e3f1b38cf99fde1e1c35e3b7790e4ef141ba8e4c,100000,200189389,99920,80,0.0008,0.9672980969036276,22039.477038875764,22022.0,0.9989778387418554,0.9738773118818277,37483,0,37470
387ea8b582de04ec,comments0720-fixed-arm-confirmation,poisson-n04-p025,pretrain_arm,10159,,15,4,4,poisson,,0.0,,,387ea8b582de04ecb74e057312c678cebab7e13875e8f98b3e1ecf38a3a818b7,100000,380517380,76694,23306,0.23306,0.3905581053879852,37686.08783871893,116232.0,0.9987311994574982,0.6606767682818279,24991,0,24176
388fff005a5905ed,comments0720-fixed-arm-confirmation,poisson-n04-p025,pretrain_arm,10321,,19,4,4,poisson,,0.0,,,388fff005a5905ed676035ae56d7c78b35c5ea81cbd8bf9323f0e8bfde27e21c,100000,346181771,69457,30543,0.30543,0.388709222358216,37867.51843799047,118241.0,0.9988082436968196,0.6406543220183453,24993,0,23850
38d9098692d51062,comments0720-fixed-arm-confirmation,poisson-n04-p025,pretrain_arm,10133,,9,4,4,poisson,,0.0,,,38d9098692d51062047ac4a4b363148f139be8d48fa10f3ed43f65e9aeb4b809,100000,349047329,69520,30480,0.3048,0.38589108069066475,38161.45630970192,118228.0,0.9991508551768923,0.6399953119558522,24993,0,23807
38f477c0e712bd9e,comments0720-fixed-arm-confirmation,poisson-n06-p045,pretrain_arm,10273,,3,6,6,poisson,,0.0,,,38f477c0e712bd9ee0c8e41fc27befdc9f23845001d0e81433376fe5b8bcbc44,100000,200185467,99805,195,0.00195,0.9660525306764651,22067.870371669356,22022.0,0.9989693995832991,0.973171810086588,37480,0,37467
39030e984d3293cd,comments0720-fixed-arm-confirmation,poisson-n06-p045,pretrain_arm,10333,,19,6,6,poisson,,0.0,,,39030e984d3293cde6dca438370bc599a6ef2432ecec7221af56863ca93ef1dd,100000,200191420,99881,119,0.00119,0.9667222501343964,22049.770249026224,22022.0,0.9989588398893746,0.9735815300079238,37482,0,37469
3956ad3918230de0,comments0720-fixed-arm-confirmation,poisson-n06-p045,pretrain_arm,10321,,18,6,6,poisson,,0.0,,,3956ad3918230de081cdfdb0c3baee5f69b3f09f429bff0c554f431d0ec0dd73,100000,200185382,99934,66,0.00066,0.9673729873043377,22036.16902183703,22022.0,0.9989791635770963,0.973937716960478,37482,0,37469
397178f67ca00314,comments0720-fixed-arm-confirmation,poisson-n04-p025,pretrain_arm,10133,,1,4,4,poisson,,0.0,,,397178f67ca003142a3077a0109e0ff3bf2ce71be643c5aa1c41acebf2896417,100000,382087844,76058,23942,0.23942,0.38574704041094804,38186.05368836292,118217.0,0.9991592702549852,0.6563024368886443,24993,0,24088
3976bc053b8aed42,comments0720-fixed-arm-confirmation,poisson-n04-p025,pretrain_arm,10253,,17,4,4,poisson,,0.0,,,3976bc053b8aed4265b681a2301748445853285e2ee37bd0c1625ffac7546dda,100000,388171295,77426,22574,0.22574,0.38654590623451435,38101.439290604256,118217.0,0.9984427336543105,0.6597498799629417,24990,0,24160
39abc27f977d6eec,comments0720-fixed-arm-confirmation,poisson-n04-p025,pretrain_arm,10169,,0,4,4,poisson,,0.0,,,39abc27f977d6eecf290fc868a1111b4321b413b78bd4384da8d0d855a29a5ef,100000,382395680,75882,24118,0.24118,0.38445010152834364,38310.04313730659,118269.0,0.9989772409853264,0.6553347808378899,24993,0,24121
39b1a664632dd52e,comments0720-fixed-arm-confirmation,poisson-n06-p045,pretrain_arm,10139,,10,6,6,poisson,,0.0,,,39b1a664632dd52e5d044c1f3163bb452767187b6fd894a78ae55e258b12e8c4,100000,200189482,99860,140,0.0014,0.9667040249397318,22054.35371765083,22022.0,0.9989483614578573,0.9735194621325297,37481,0,37468
39fc76be62931088,comments0720-fixed-arm-confirmation,poisson-n06-p045,pretrain_arm,10139,,13,6,6,poisson,,0.0,,,39fc76be62931088068227ffe1f7df052d45825aeee6e9a5287e69fb4b6b61e7,100000,200189446,99817,183,0.00183,0.9661714034614992,22064.69310154802,22022.0,0.9989374502671343,0.9732307845762111,37479,0,37467
3a4f7f27b43c1cad,comments0720-fixed-arm-confirmation,poisson-n06-p045,pretrain_arm,10313,,12,6,6,poisson,,0.0,,,3a4f7f27b43c1cadfdc1fd76a11c3d68ff11b3d440748d039c78ba1ae30034e2,100000,200185410,99900,100,0.001,0.966970395095227,22043.069557904855,22022.0,0.9989568609648136,0.973711085353347,37482,0,37469
3ac4ef5b72d4076f,comments0720-fixed-arm-confirmation,poisson-n06-p045,pretrain_arm,10141,,6,6,6,poisson,,0.0,,,3ac4ef5b72d4076fd3e5b073a03ed29c359bfa93e215d8edbdbe6a043725083b,100000,200193409,99918,82,0.00082,0.9671035723259,22041.24414950053,22022.0,0.9989592134510746,0.9738012619256582,37480,0,37466
3acd55bafca21265,comments0720-fixed-arm-confirmation,poisson-n04-p025,pretrain_arm,10343,,18,4,4,poisson,,0.0,,,3acd55bafca2126599896dffa4f9cf4bd7b339acc90d5d9d6f02454957ea0618,100000,348082533,69223,30777,0.30777,0.3853414586591738,38224.942035685905,118227.0,0.9991553492581402,0.6390717693057714,24994,0,23865
3b221821647851bb,comments0720-fixed-arm-confirmation,poisson-n06-p045,pretrain_arm,10303,,0,6,6,poisson,,0.0,,,3b221821647851bb24cd0d70a9c15c9cdee5115ac9a45b69e4e3568ebea8c39f,100000,200193492,99890,110,0.0011,0.9669171463376042,22047.608622519474,22022.0,0.9989744705287942,0.9736742056221328,37480,0,37468
3b234358274dca85,comments0720-fixed-arm-confirmation,poisson-n06-p045,pretrain_arm,10301,,2,6,6,poisson,,0.0,,,3b234358274dca8522f0283a86571eec7584423fff324e7b7fdd8c99e16f881d,100000,200185409,99900,100,0.001,0.9669732422906007,22044.51296452026,22022.0,0.9989555469135821,0.9737115964013943,37480,0,37468
3b44c1893e085c48,comments0720-fixed-arm-confirmation,poisson-n06-p045,pretrain_arm,10103,,20,6,6,poisson,,0.0,,,3b44c1893e085c4842c8bda46b219d2e995115bbaab0024953860f7d006a1a92,100000,200185498,99910,90,0.0009,0.9671042954370251,22041.915223527998,22022.0,0.9989789869485747,0.9737880941285332,37480,0,37468
3b89646343f7897e,comments0720-fixed-arm-confirmation,poisson-n04-p025,pretrain_arm,10303,,9,4,4,poisson,,0.0,,,3b89646343f7897ede7f4625b9c9879a3f0d05c15ce6a3b4065e5be9236222ef,100000,347604269,69717,30283,0.30283,0.3886007711832791,37883.586610050355,116242.0,0.9989464970957681,0.6426469227596824,24993,0,23887
3b929b5fc78f6396,comments0720-fixed-arm-confirmation,poisson-n06-p045,pretrain_arm,10271,,20,6,6,poisson,,0.0,,,3b929b5fc78f6396e9f874beff5c2d0ca31308c79de0f08a541df94eae228827,100000,200199498,99878,122,0.00122,0.9667445569718661,22050.077754190614,22022.0,0.9989452880693225,0.973576948347063,37480,0,37465
3bc11d24432dac68,comments0720-fixed-arm-confirmation,poisson-n06-p045,pretrain_arm,10163,,23,6,6,poisson,,0.0,,,3bc11d24432dac6888355bd769186cd31b45df3d53816d7d8bd079d50a692d27,100000,200187603,99865,135,0.00135,0.9666494882802508,22052.153796080238,22022.0,0.9989760050174343,0.973522997765895,37480,0,37467
3c1e973e54b8cec2,comments0720-fixed-arm-confirmation,poisson-n04-p025,pretrain_arm,10247,,0,4,4,poisson,,0.0,,,3c1e973e54b8cec2803901dee3b5d28c78875e2d4f9aa2c4eea4f10b0bd14c8c,100000,377915672,75547,24453,0.24453,0.38734882897367645,38013.16012920478,118168.0,0.9989666081483544,0.6555273123740103,24991,0,24119
3c329550f3d82a65,comments0720-fixed-arm-confirmation,poisson-n04-p025,pretrain_arm,10313,,18,4,4,poisson,,0.0,,,3c329550f3d82a65cee4b545036526f6f7c77089ce3ca0adad73b0ae24aa5013,100000,347731426,69220,30780,0.3078,0.38562350128227985,38182.22786511009,118236.0,0.9992475088991682,0.6391830033938161,24992,0,23911
3c36276c7bb006a0,comments0720-fixed-arm-confirmation,poisson-n06-p045,pretrain_arm,10169,,20,6,6,poisson,,0.0,,,3c36276c7bb006a095610a36935a62f89f1550d0bcd8ff48cbb31f00aa267ef7,100000,200187489,99926,74,0.00074,0.9672887200258553,22038.004443821686,22022.0,0.998989728647196,0.9738931495576837,37476,0,37461
3c6fbc08acd30dd3,comments0720-fixed-arm-confirmation,poisson-n06-p045,pretrain_arm,10151,,0,6,6,poisson,,0.0,,,3c6fbc08acd30dd3bb57d578b88a0ab680486d4e125635a6b7d6d7539037011f,100000,200187414,99909,91,0.00091,0.9670473839079614,22042.327207023234,22022.0,0.998957502888627,0.9737594622655295,37479,0,37466
3ce05a262af245e0,comments0720-fixed-arm-confirmation,poisson-n06-p045,pretrain_arm,10111,,21,6,6,poisson,,0.0,,,3ce05a262af245e050739bc90efee14d4cb7754aec6863c391be1b4aec0cbe52,100000,200189382,99926,74,0.00074,0.9671519141809429,22038.03270812899,22022.0,0.9989640035146237,0.9738389725651888,37483,0,37470
3ce27e6e3e990fa1,comments0720-fixed-arm-confirmation,poisson-n04-p025,pretrain_arm,10303,,14,4,4,poisson,,0.0,,,3ce27e6e3e990fa1583fafa2ff0f1c56d3241fb2cd42b6a83e04a14f700ad330,100000,384257856,76990,23010,0.2301,0.38820504166868613,37924.31980203164,116231.0,0.9989957988338544,0.6607212801675134,24992,0,24185
3cfe35b6ea7a757b,comments0720-fixed-arm-confirmation,poisson-n06-p045,pretrain_arm,10357,,18,6,6,poisson,,0.0,,,3cfe35b6ea7a757b02ce16bd61a8543248e1c65d4e03cf983f321e26d1cef08a,100000,200185441,99940,60,0.0006,0.9674413285629498,22035.310653670644,22022.0,0.9989528997939333,0.9739667427856277,37478,0,37465
3d35a5682b5af4b6,comments0720-fixed-arm-confirmation,poisson-n06-p045,pretrain_arm,10181,,12,6,6,poisson,,0.0,,,3d35a5682b5af4b67b3d1e2b3c5e495e3375f64f51e60c961bd8bbfec2b2b79d,100000,200195473,99825,175,0.00175,0.9661988011087543,22062.405868974984,22022.0,0.9989552456989881,0.9732658489359141,37477,0,37462
3d39780a65f3e6c9,comments0720-fixed-arm-confirmation,poisson-n06-p045,pretrain_arm,10193,,1,6,6,poisson,,0.0,,,3d39780a65f3e6c96458a1bb6f785b17f4f93b841540fe1b2cd96998640cf3ef,100000,200189462,99763,237,0.00237,0.9656691269793212,22078.484967569246,22022.0,0.9989465526800334,0.9729313932197848,37476,0,37464
3d656f99279349fe,comments0720-fixed-arm-confirmation,poisson-n06-p045,pretrain_arm,10333,,4,6,6,poisson,,0.0,,,3d656f99279349feb8477c7d122293717d98820846df600bb95e3b40ca2608a4,100000,200191408,99905,95,0.00095,0.9670290195471326,22043.990499834825,22022.0,0.998964157499043,0.9737455590153918,37482,0,37469
3d9142e955e27d44,comments0720-fixed-arm-confirmation,poisson-n04-p025,pretrain_arm,10303,,16,4,4,poisson,,0.0,,,3d9142e955e27d44b7d5f681aa2bc937b0227411445f57c62594c9463ac85e12,100000,387440174,77598,22402,0.22402,0.3880643518397759,37941.237698156976,116255.0,0.9990188324341271,0.6621860614246343,24992,0,24175
3da83a244bf82873,comments0720-fixed-arm-confirmation,poisson-n06-p045,pretrain_arm,10223,,10,6,6,poisson,,0.0,,,3da83a244bf828734c66a60f8fda1c314acacfe4ebcfbbdabbde5f9b6d6f3940,100000,200193445,99886,114,0.00114,0.9667548555348553,22048.489226425296,22022.0,0.9989486074656087,0.9736014876668213,37481,0,37468
3db4d8582eda6fa0,comments0720-fixed-arm-confirmation,poisson-n06-p045,pretrain_arm,10163,,10,6,6,poisson,,0.0,,,3db4d8582eda6fa0194970ad76088e58d7261718ed709e78d7ff02e21934d81a,100000,200187597,99874,126,0.00126,0.9667720223446211,22049.985419879435,22022.0,0.9989831089884007,0.9735887104443407,37480,0,37467
3dc44479a50aa1b6,comments0720-fixed-arm-confirmation,poisson-n04-p025,pretrain_arm,10211,,10,4,4,poisson,,0.0,,,3dc44479a50aa1b69320fdf3354463c3d5d8fb43a16fd806cf254024671582fe,100000,353295456,70652,29348,0.29348,0.3875557176710475,38000.06259554951,118259.0,0.9984636786369986,0.6431304654360154,24989,0,23930
3dca4232c1da5803,comments0720-fixed-arm-confirmation,poisson-n04-p025,pretrain_arm,10223,,22,4,4,poisson,,0.0,,,3dca4232c1da58036f532795bd2a309f647918286ed33b005e78347504d9de46,100000,356608735,70726,29274,0.29274,0.38419048260273264,38334.58255323963,118323.0,0.999151100018047,0.6423801942069265,24990,0,23938
3de42c9acc079a32,comments0720-fixed-arm-confirmation,poisson-n04-p025,pretrain_arm,10313,,7,4,4,poisson,,0.0,,,3de42c9acc079a328fead87444a978bf64821d659ea4ee9c92f86b8dfe288c53,100000,344904103,68637,31363,0.31363,0.38553337534520427,38193.7626222151,118237.0,0.9992815243260454,0.6377061332237499,24992,0,23841
3df7d7da54e1bc7a,comments0720-fixed-arm-confirmation,poisson-n04-p025,pretrain_arm,10253,,14,4,4,poisson,,0.0,,,3df7d7da54e1bc7a8c6f2d41fb730e0032a767c020eecf7346bf1dadd965a06f,100000,384207975,76610,23390,0.2339,0.3864273223375959,38112.848907339234,118214.0,0.9984558519555953,0.6576767247643971,24990,0,24133
3e34a64160a58877,comments0720-fixed-arm-confirmation,poisson-n06-p045,pretrain_arm,10289,,19,6,6,poisson,,0.0,,,3e34a64160a5887799252d8331f79898008ed52d539d357674698abaf21b33df,100000,200185442,99884,116,0.00116,0.96684267879979,22048.85006808715,22022.0,0.9989311798330676,0.973619952877619,37485,0,37473
3e4288b02e61e37b,comments0720-fixed-arm-confirmation,poisson-n04-p025,pretrain_arm,10181,,23,4,4,poisson,,0.0,,,3e4288b02e61e37b8d8862ad74f3ed9e5b58d711647e0e4e4a1d9df47ea76446,100000,352638276,70601,29399,0.29399,0.3879683582618241,37957.011984191064,116309.0,0.9987470386766537,0.6445349656461593,24990,0,23914
3e5cdc381a12bf5a,comments0720-fixed-arm-confirmation,poisson-n04-p025,pretrain_arm,10111,,1,4,4,poisson,,0.0,,,3e5cdc381a12bf5a4c6e6fbe37a36900e566fbbcf861eae43353a170ac5478e1,100000,380915580,75831,24169,0.24169,0.38574929384615875,38175.15478153067,118216.0,0.9989541918058229,0.6556679952173273,24991,0,24087
3e7f10d51d87a60e,comments0720-fixed-arm-confirmation,poisson-n04-p025,pretrain_arm,10303,,4,4,4,poisson,,0.0,,,3e7f10d51d87a60e3b9459cf1ec527508ad7cb2d6c38f45d4d38f708256e9102,100000,386253868,77349,22651,0.22651,0.3879647335984736,37946.26511164841,116254.0,0.9990200838680207,0.6615314391554981,24992,0,24207
3e9489f409da8914,comments0720-fixed-arm-confirmation,poisson-n04-p025,pretrain_arm,10259,,19,4,4,poisson,,0.0,,,3e9489f409da89149d99b91f8c6e6236078935669d7c6307abb58bfd8e9a248f,100000,347228404,69447,30553,0.30553,0.3876215725715803,37993.111723959155,118221.0,0.9984764674354936,0.6401695133356913,24990,0,23870
3eb00f5178b14c7e,comments0720-fixed-arm-confirmation,poisson-n06-p045,pretrain_arm,10243,,2,6,6,poisson,,0.0,,,3eb00f5178b14c7edc7106034a02941ac2baee483e0b641f81ca1b46747fc662,100000,200191568,99850,150,0.0015,0.9665389453365988,22056.04974057974,22022.0,0.9989703033594363,0.9734467495653449,37477,0,37464
3ec50afcc77f6731,comments0720-fixed-arm-confirmation,poisson-n06-p045,pretrain_arm,10243,,20,6,6,poisson,,0.0,,,3ec50afcc77f6731e0c58b3ac83255811889b070b05cd17f27fe110bf3047603,100000,200191536,99880,120,0.0012,0.9667457818995904,22048.779238594947,22022.0,0.9989591098329249,0.9735869639108385,37480,0,37466
3f58b944b4d02cb7,comments0720-fixed-arm-confirmation,poisson-n06-p045,pretrain_arm,10321,,4,6,6,poisson,,0.0,,,3f58b944b4d02cb709555bb4fcfed12b44e537d94e9eba1a2e8f75d3743abac3,100000,200185376,99927,73,0.00073,0.9672975412549616,22037.852344492818,22022.0,0.9989859038520922,0.9738973150356846,37482,0,37469
3f76ab03ffc302b9,comments0720-fixed-arm-confirmation,poisson-n04-p025,pretrain_arm,10181,,5,4,4,poisson,,0.0,,,3f76ab03ffc302b9c64349653adcf25dc617f2c6c275dc705b879e183f1cf787,100000,387816745,77600,22400,0.224,0.3877601313991741,37978.875734611815,116276.0,0.9987568860183992,0.6619883391391911,24990,0,24218
3f831ed1472dc2c2,comments0720-fixed-arm-confirmation,poisson-n06-p045,pretrain_arm,10159,,3,6,6,poisson,,0.0,,,3f831ed1472dc2c2254a46266aad4775cddf4c4af6cfddbd3a4cb0eade458c3a,100000,200201497,99858,142,0.00142,0.9664901556655193,22055.534282795506,22022.0,0.9989620746568143,0.9734477434407779,37479,0,37467
3fa5ad3458478509,comments0720-fixed-arm-confirmation,poisson-n06-p045,pretrain_arm,10223,,14,6,6,poisson,,0.0,,,3fa5ad3458478509d51141860fd95f2472b6abd85774e01422e06538783891dc,100000,200193429,99872,128,0.00128,0.9667470154577351,22051.859062687763,22022.0,0.9989533519060065,0.9735654557879139,37481,0,37467
3febc61388c23161,comments0720-fixed-arm-confirmation,poisson-n04-p025,pretrain_arm,10243,,1,4,4,poisson,,0.0,,,3febc61388c231618c25006245fb8ad5b57a6f409d4f5e5d6d3af836320ddffc,100000,378441137,75870,24130,0.2413,0.38850123473759673,37901.05947641771,116260.0,0.9984465448134777,0.6578175931836915,24990,0,24092
402582a7da047828,comments0720-fixed-arm-confirmation,poisson-n04-p025,pretrain_arm,10139,,20,4,4,poisson,,0.0,,,402582a7da0478286f57ad090907f989045b95dc9c15b2941703a403ac30b83a,100000,354358746,70160,29840,0.2984,0.38363608217532186,38398.686224198886,120180.0,0.9989250125856313,0.6394670315869843,24991,0,23907
405f6b8167041518,comments0720-fixed-arm-confirmation,poisson-n04-p025,pretrain_arm,10303,,1,4,4,poisson,,0.0,,,405f6b816704151835ff323da25e8941d40b16b0835f897f33953ff97145275a,100000,378002690,75767,24233,0.24233,0.38832886612526485,37912.231866840906,116243.0,0.998997125236022,0.6576974971204289,24992,0,24136
4066303e80c9d7da,comments0720-fixed-arm-confirmation,poisson-n06-p045,pretrain_arm,10369,,22,6,6,poisson,,0.0,,,4066303e80c9d7daf5a22682f058468e672de5ad2f3631210781076e5b5c0380,100000,200197481,99939,61,0.00061,0.9673330305289906,22034.911385311276,22022.0,0.9989603541689028,0.9739306282326311,37484,0,37472
40b5df3ca13318cc,comments0720-fixed-arm-confirmation,poisson-n04-p025,pretrain_arm,10337,,5,4,4,poisson,,0.0,,,40b5df3ca13318cc0804e44d7191f1a639063d04148ea4dff49c5d3234116690,100000,385783065,77265,22735,0.22735,0.3880437260769858,37939.96184164542,118174.0,0.9990336961811779,0.6600723074193879,24991,0,24149
40f2dfd69c1caa48,comments0720-fixed-arm-confirmation,poisson-n06-p045,pretrain_arm,10289,,9,6,6,poisson,,0.0,,,40f2dfd69c1caa48cc064f2d739e80834a16c11bc17df52ea5539ad5449cad44,100000,200185438,99901,99,0.00099,0.9669531507081949,22044.756689925816,22022.0,0.9989241397930874,0.9736969301670942,37485,0,37471
414fbe63892be223,comments0720-fixed-arm-confirmation,poisson-n06-p045,pretrain_arm,10271,,12,6,6,poisson,,0.0,,,414fbe63892be2237c84abd4db00399cabfbebf552c6d67fe5d3e99c39bd9c2f,100000,200199481,99837,163,0.00163,0.9663513413403904,22059.953308289507,22022.0,0.9989406723669207,0.973341837902437,37480,0,37465
4179682696d64e6f,comments0720-fixed-arm-confirmation,poisson-n04-p025,pretrain_arm,10303,,21,4,4,poisson,,0.0,,,4179682696d64e6fc2f67a05df93bcbdec4536ff898f7a29d92059d05b2e93b8,100000,349537076,70103,29897,0.29897,0.3885995315701502,37884.40965832085,116260.0,0.9989672741654513,0.6436064352452004,24993,0,23919
418556501a35646a,comments0720-fixed-arm-confirmation,poisson-n04-p025,pretrain_arm,10259,,13,4,4,poisson,,0.0,,,418556501a35646a5dddb97076a268ad463a0a6aec5a3d05ee450066c1d425ee,100000,378251858,75707,24293,0.24293,0.3878843339349836,37964.85693338089,118194.0,0.9986077128902427,0.6559688489417421,24990,0,24107
41d6026c0825003e,comments0720-fixed-arm-confirmation,poisson-n06-p045,pretrain_arm,10301,,11,6,6,poisson,,0.0,,,41d6026c0825003ef8a9dbeadafca7bfc9a16e87a085aa05ca52d7a48aee2c7e,100000,200185428,99910,90,0.0009,0.9670586512420875,22042.10840056858,22022.0,0.998954595803536,0.9737647490152079,37480,0,37468
41e6fe3d78218de8,comments0720-fixed-arm-confirmation,poisson-n06-p045,pretrain_arm,10169,,13,6,6,poisson,,0.0,,,41e6fe3d78218de8e97509a21bd6c491db1f58e03847ff9187ab3abfd32a2ba3,100000,200187467,99935,65,0.00065,0.9673315562756983,22035.776708065212,22022.0,0.9989847886541886,0.9739282816432957,37476,0,37462
41fde2117948e759,comments0720-fixed-arm-confirmation,poisson-n06-p045,pretrain_arm,10321,,17,6,6,poisson,,0.0,,,41fde2117948e759486231852c49f36b4f410d4adb5d434de5d22d95478780f0,100000,200185369,99938,62,0.00062,0.9674121438914949,22035.20546204191,22022.0,0.9989792098136099,0.9739607845683682,37482,0,37469
426f394612456764,comments0720-fixed-arm-confirmation,poisson-n04-p025,pretrain_arm,10333,,0,4,4,poisson,,0.0,,,426f3946124567640f3b0cc50197d58f39e86a28e3cc31d0e1cd6facbb7e3f60,100000,378172872,75580,24420,0.2442,0.3872787707522289,38026.32934155507,116330.0,0.9987224949579065,0.6567304219033784,24992,0,24063
42da12afc7bdc0e6,comments0720-fixed-arm-confirmation,poisson-n06-p045,pretrain_arm,10303,,3,6,6,poisson,,0.0,,,42da12afc7bdc0e6bd653b542cdd035d93586603abc584fcd937d9b96f79bf0f,100000,200193494,99908,92,0.00092,0.9669697158090462,22043.275886922398,22022.0,0.9989596310631871,0.9737317822907444,37480,0,37467
42e807702c304626,comments0720-fixed-arm-confirmation,poisson-n04-p025,pretrain_arm,10301,,21,4,4,poisson,,0.0,,,42e807702c304626680f2dea7aed8188e5cc5793b9ab4db00fa05e7fb49fbfce,100000,348155563,69951,30049,0.30049,0.38933909265152256,37814.240996239794,118241.0,0.9987060057420262,0.6420651994645162,24989,0,23873
42ea05437d37d1cb,comments0720-fixed-arm-confirmation,poisson-n06-p045,pretrain_arm,10271,,0,6,6,poisson,,0.0,,,42ea05437d37d1cbd0bd444a20702f754be5a9023abc958241fffb934d32bc95,100000,200199479,99855,145,0.00145,0.9665123703943306,22055.615726690903,22022.0,0.9989438629030916,0.9734415777658074,37480,0,37465
43007a709251098d,comments0720-fixed-arm-confirmation,poisson-n04-p025,pretrain_arm,10331,,16,4,4,poisson,,0.0,,,43007a709251098dec4349754316c4859a41f7994e40f8df2b296e4191970c0a,100000,385731483,77255,22745,0.22745,0.3881136116649312,37940.69628593991,118218.0,0.9988179168864834,0.6599693428504715,24991,0,24121
43017ffa83a19709,comments0720-fixed-arm-confirmation,poisson-n04-p025,pretrain_arm,10181,,6,4,4,poisson,,0.0,,,43017ffa83a19709333d8979b9a049e02dc638fefd7f9d33fdd494a0dc5bc9cc,100000,343779689,68838,31162,0.31162,0.38802669345599416,37950.550501234924,116288.0,0.998794181490299,0.6401766249820977,24990,0,23881
430402ea943f9bd2,comments0720-fixed-arm-confirmation,poisson-n06-p045,pretrain_arm,10253,,14,6,6,poisson,,0.0,,,430402ea943f9bd2f6725a462450593752d1ff25e4d7fe2fd105cb3386e63a4d,100000,200191451,99880,120,0.0012,0.966742995433906,22050.21301117475,22022.0,0.9989748136097867,0.9735912696812309,37477,0,37463
433bce36c28bb322,comments0720-fixed-arm-confirmation,poisson-n04-p025,pretrain_arm,10253,,12,4,4,poisson,,0.0,,,433bce36c28bb3226e87f672e48aa2d19e7e19e56d4923ef425e4f0fe39c268f,100000,380135897,75835,24165,0.24165,0.38660090551774434,38098.54285412848,118191.0,0.998433049835152,0.6558048184509655,24990,0,24100
435d1f6920032ed3,comments0720-fixed-arm-confirmation,poisson-n06-p045,pretrain_arm,10103,,9,6,6,poisson,,0.0,,,435d1f6920032ed370df13f8558392e49e83dfaa7cf8908c1e5bd89e1576587f,100000,200185514,99914,86,0.00086,0.9671370526840418,22040.95471562131,22022.0,0.998982701902256,0.973810251528766,37480,0,37466
437d5723608c17e7,comments0720-fixed-arm-confirmation,poisson-n06-p045,pretrain_arm,10357,,23,6,6,poisson,,0.0,,,437d5723608c17e7305068df08af10ebc4d169c05f367d543bfc061bb6728129,100000,200185435,99937,63,0.00063,0.9674076937715274,22036.031743807856,22022.0,0.9989585957064949,0.9739499298260074,37478,0,37465
43ae84f68d86abd1,comments0720-fixed-arm-confirmation,poisson-n06-p045,pretrain_arm,10163,,21,6,6,poisson,,0.0,,,43ae84f68d86abd12dec153603b5aba6e0b6cedb89deea0afdacc79f348dab44,100000,200187587,99884,116,0.00116,0.9669188579609583,22047.576157481577,22022.0,0.9989809273553029,0.9736619284387538,37480,0,37466
44063a7688df33cc,comments0720-fixed-arm-confirmation,poisson-n06-p045,pretrain_arm,10177,,5,6,6,poisson,,0.0,,,44063a7688df33cc73250042e9365571581462d1370009bd633b49881bddea48,100000,200193521,99865,135,0.00135,0.9666443900549608,22052.509709272632,22022.0,0.9989469896356218,0.9735116265635275,37475,0,37462
4415666c887ac5db,comments0720-fixed-arm-confirmation,poisson-n04-p025,pretrain_arm,10163,,7,4,4,poisson,,0.0,,,4415666c887ac5dbd35be27ba4f9bbf731c2c15cc1a038d035d0c1eed24a103b,100000,344245181,68958,31042,0.31042,0.3882315813739743,37932.18707759246,118179.0,0.9988203184610979,0.6392929666116907,24991,0,23841
442a38ac27ed67e4,comments0720-fixed-arm-confirmation,poisson-n04-p025,pretrain_arm,10303,,10,4,4,poisson,,0.0,,,442a38ac27ed67e49b25702187c6b33ea31270c11621918fb0fda191a43a79e4,100000,351129818,70410,29590,0.2959,0.3885018958999375,37893.00730092895,116270.0,0.998966261101208,0.6443343856670485,24992,0,23929
442c74b78071e228,comments0720-fixed-arm-confirmation,poisson-n06-p045,pretrain_arm,10259,,1,6,6,poisson,,0.0,,,442c74b78071e228d5f2fed37d572812d084fbe5bb8f82d344ccbfa7619528a7,100000,200191432,99899,101,0.00101,0.9670445536350427,22044.1933584951,22022.0,0.998979625430929,0.9737408930219906,37478,0,37466
443c761be1727037,comments0720-fixed-arm-confirmation,poisson-n04-p025,pretrain_arm,10321,,6,4,4,poisson,,0.0,,,443c761be1727037a6f070328612563873d46df1983bbccf55e9caa61514b33c,100000,343360890,68850,31150,0.3115,0.38849429531709334,37891.899000610094,118231.0,0.9988406501583821,0.6390826484918251,24993,0,23855
44524ae3dc9e6f24,comments0720-fixed-arm-confirmation,poisson-n04-p025,pretrain_arm,10289,,8,4,4,poisson,,0.0,,,44524ae3dc9e6f24d49696ee10debb7718d492c3a6cba384de291342d5987808,100000,344991456,69548,30452,0.30452,0.39052645118260554,37676.76806154731,116293.0,0.9989360334266109,0.6428288282030721,24992,0,23847
44790542a95cdc7f,comments0720-fixed-arm-confirmation,poisson-n06-p045,pretrain_arm,10259,,10,6,6,poisson,,0.0,,,44790542a95cdc7f5bf6e39af80cc5d006664579468a5c3ac9468ac3faa8e5f1,100000,200191446,99921,79,0.00079,0.9671052328579514,22038.900439399855,22022.0,0.9989640821679402,0.9738109383419637,37479,0,37466
44ab896b04c95767,comments0720-fixed-arm-confirmation,poisson-n04-p025,pretrain_arm,10181,,21,4,4,poisson,,0.0,,,44ab896b04c95767d578967ec5cfbcf6f8b7dbc6fc0519a37cc2a953826716d4,100000,350069989,70081,29919,0.29919,0.3879211336793569,37956.822413768496,116368.0,0.998768055026644,0.6431868962353335,24990,0,23888
44baf7a77dbf498c,comments0720-fixed-arm-confirmation,poisson-n06-p045,pretrain_arm,10151,,23,6,6,poisson,,0.0,,,44baf7a77dbf498c97fd3c2d30546ff50c339c4a2a7a1a5fc814fd7f8b821db7,100000,200187425,99911,89,0.00089,0.9671483311201989,22041.847315788946,22022.0,0.9989605216310756,0.9737991175837583,37479,0,37467
45442972325fe73c,comments0720-fixed-arm-confirmation,poisson-n04-p025,pretrain_arm,10333,,22,4,4,poisson,,0.0,,,45442972325fe73cd0006542d8b53da7c3971d53446d2cfcd7a9c8a747d5e9b2,100000,354120394,70719,29281,0.29281,0.3870186392032536,38055.77457538431,118180.0,0.9986989872616653,0.643250042154973,24992,0,23910
45c98193dcabc013,comments0720-fixed-arm-confirmation,poisson-n04-p025,pretrain_arm,10111,,12,4,4,poisson,,0.0,,,45c98193dcabc013e470405d088180c3b4a8f1c8c86c1456fd683614ee7bcf00,100000,381816931,76001,23999,0.23999,0.3856496950367033,38181.43319779453,118204.0,0.9989709351985756,0.656073376745093,24991,0,24105
45e6ef556999412f,comments0720-fixed-arm-confirmation,poisson-n06-p045,pretrain_arm,10301,,0,6,6,poisson,,0.0,,,45e6ef556999412f982150fe81cd22cd906d2f2d2a04b6be09131e66e7614afa,100000,200185406,99886,114,0.00114,0.9668335163253609,22047.88316278511,22022.0,0.9989603871750604,0.9736316345001405,37480,0,37468
4608c8b06844a340,comments0720-fixed-arm-confirmation,poisson-n04-p025,pretrain_arm,10223,,16,4,4,poisson,,0.0,,,4608c8b06844a340bbe564d356825eb502d0b025a858577890c4f64f7fd1b0ea,100000,390505049,77609,22391,0.22391,0.3850051347223426,38250.661718276824,118273.0,0.9990898322780499,0.6598721556667976,24990,0,24126
46a311ff4e30ee3c,comments0720-fixed-arm-confirmation,poisson-n04-p025,pretrain_arm,10253,,16,4,4,poisson,,0.0,,,46a311ff4e30ee3c8dba47d3f91ecd7df9f7e8423ce4477ba354dfcc67bbc41a,100000,388171295,77426,22574,0.22574,0.38654590623451435,38101.439290604256,118217.0,0.9984427336543105,0.6597498799629417,24990,0,24160
46c0b1a6a24216f0,comments0720-fixed-arm-confirmation,poisson-n04-p025,pretrain_arm,10163,,11,4,4,poisson,,0.0,,,46c0b1a6a24216f043868572ddb095eb76f99038079bc324da47283ed47084a9,100000,352465004,70606,29394,0.29394,0.3881857672315178,37932.50297458852,116283.0,0.9988544521179021,0.6446730731164733,24992,0,23870
47462a14bdd3350e,comments0720-fixed-arm-confirmation,poisson-n04-p025,pretrain_arm,10163,,21,4,4,poisson,,0.0,,,47462a14bdd3350e5a02c1e3e6569f73341c3f9ca5a8ddfca426dd8de7cbd33e,100000,350229491,70161,29839,0.29839,0.3882201056563795,37927.677333827494,116279.0,0.9988417575912455,0.643570454415875,24991,0,23839
474f3163aa3a59f3,comments0720-fixed-arm-confirmation,poisson-n04-p025,pretrain_arm,10321,,7,4,4,poisson,,0.0,,,474f3163aa3a59f30026edb11c4074d714dce7d20886583c0013bbbdc3725e9a,100000,343360890,68850,31150,0.3115,0.38849429531709334,37891.899000610094,118231.0,0.9988406501583821,0.6390826484918251,24993,0,23855
476aba131d2dcc59,comments0720-fixed-arm-confirmation,poisson-n06-p045,pretrain_arm,10313,,19,6,6,poisson,,0.0,,,476aba131d2dcc595e8eff45c2a9689b72f80d843d8edc7805def5559af9ce5d,100000,200185416,99911,89,0.00089,0.967113208686491,22040.42293716654,22022.0,0.9989533822795313,0.9737850303220075,37483,0,37470
4798f85a4e537f68,comments0720-fixed-arm-confirmation,poisson-n06-p045,pretrain_arm,10331,,12,6,6,poisson,,0.0,,,4798f85a4e537f687e6cd139525b599eaa627e91431aa410a52c32d744729e64,100000,200187405,99871,129,0.00129,0.9667878406236396,22052.137103315676,22022.0,0.9989871094699858,0.9735878166978751,37481,0,37468
47ce032a2b532f0e,comments0720-fixed-arm-confirmation,poisson-n06-p045,pretrain_arm,10243,,11,6,6,poisson,,0.0,,,47ce032a2b532f0e6b69a21217d2ad61039af4e61e6053d0828d3e505fe0bd3b,100000,200191594,99873,127,0.00127,0.966709341452169,22050.65261713782,22022.0,0.9989632373102358,0.9735586929208017,37477,0,37464
4836bfae20d129c0,comments0720-fixed-arm-confirmation,poisson-n04-p025,pretrain_arm,10331,,3,4,4,poisson,,0.0,,,4836bfae20d129c04959cda4bd1bc45f557551e7a4add4add85e409e5bb74b7b,100000,382580067,76597,23403,0.23403,0.38791040569293433,37955.604146809594,118189.0,0.998787888910378,0.6582659315344374,24992,0,24157
48dbeb04376c6935,comments0720-fixed-arm-confirmation,poisson-n06-p045,pretrain_arm,10169,,11,6,6,poisson,,0.0,,,48dbeb04376c6935c1bf679d6566f9224ed91d4857a8bc3455fad27b7bb11ce1,100000,200187484,99920,80,0.0008,0.9672240997843802,22039.42724306362,22022.0,0.9989958523909542,0.9738586507251115,37477,0,37464
4950cc1f31abaf22,comments0720-fixed-arm-confirmation,poisson-n04-p025,pretrain_arm,10139,,21,4,4,poisson,,0.0,,,4950cc1f31abaf22a17399b0420d516e1eb845881c6037c9260992f85b610fb5,100000,354358746,70160,29840,0.2984,0.38363608217532186,38398.686224198886,120180.0,0.9989250125856313,0.6394670315869843,24991,0,23907
4984884dee57c05a,comments0720-fixed-arm-confirmation,poisson-n06-p045,pretrain_arm,10369,,15,6,6,poisson,,0.0,,,4984884dee57c05abf9eef2509b3c2d07a35ecd679ffe0999e458af104206f6d,100000,200197473,99932,68,0.00068,0.96722934160113,22036.59409527622,22022.0,0.9989573155202213,0.9738775523737838,37483,0,37471
49d801b6ce5c408b,comments0720-fixed-arm-confirmation,poisson-n04-p025,pretrain_arm,10139,,14,4,4,poisson,,0.0,,,49d801b6ce5c408ba30c25b8a3fd0893c62dafff4f047730c367c5883dec6d05,100000,388154302,76906,23094,0.23094,0.3839280828066154,38370.4810788317,120194.0,0.9990010466575028,0.6564453764880394,24992,0,24141
49e4557e4c4a5547,comments0720-fixed-arm-confirmation,poisson-n04-p025,pretrain_arm,10223,,0,4,4,poisson,,0.0,,,49e4557e4c4a554706e80fe0be981fc30fd7e95a59a38f24a823e5351c601054,100000,380327630,75583,24417,0.24417,0.38496044055489737,38254.824148197156,118252.0,0.9991473403266415,0.654825426960513,24990,0,24045
49ffa1273d7dfc8e,comments0720-fixed-arm-confirmation,poisson-n04-p025,pretrain_arm,10177,,19,4,4,poisson,,0.0,,,49ffa1273d7dfc8ead74d15c0105545a2f2e38d18326145df34f999386796164,100000,346796356,69310,30690,0.3069,0.3871727360364767,38025.04405356267,118223.0,0.9989443596144434,0.63983203188364,24993,0,23873
4a1b1963631cf0fb,comments0720-fixed-arm-confirmation,poisson-n04-p025,pretrain_arm,10333,,9,4,4,poisson,,0.0,,,4a1b1963631cf0fb924ff6515e0a114ea656ae304179878467812e3fca3753b5,100000,348404835,69573,30427,0.30427,0.3870350249301219,38058.268683964634,118231.0,0.9986561075861597,0.6403422108387605,24993,0,23895
4a37a9ebabb46f84,comments0720-fixed-arm-confirmation,poisson-n04-p025,pretrain_arm,10111,,23,4,4,poisson,,0.0,,,4a37a9ebabb46f84a50731d8022e9c5972302672685daa85a202db56e31240cf,100000,355126726,70676,29324,0.29324,0.3856708238849925,38188.40347823626,118259.0,0.9989114383919852,0.6427114207589926,24991,0,23890
4a39060cbb6d5039,comments0720-fixed-arm-confirmation,poisson-n06-p045,pretrain_arm,10267,,14,6,6,poisson,,0.0,,,4a39060cbb6d50395c6de17af510b2a79880ea6fb8b0de9fc621c44240f78356,100000,200191460,99876,124,0.00124,0.9666289011529263,22050.293929744454,22022.0,0.9989647252895317,0.9735398754808193,37484,0,37472
4a613dbf7ec1ca34,comments0720-fixed-arm-confirmation,poisson-n06-p045,pretrain_arm,10331,,13,6,6,poisson,,0.0,,,4a613dbf7ec1ca34c959c90cf3b56b3e1e9842f026d81bc606a0706a25d87025,100000,200187405,99871,129,0.00129,0.9667878406236396,22052.137103315676,22022.0,0.9989871094699858,0.9735878166978751,37481,0,37468
4a66ffb4ec045713,comments0720-fixed-arm-confirmation,poisson-n06-p045,pretrain_arm,10177,,3,6,6,poisson,,0.0,,,4a66ffb4ec0457135698c9a59ad1c5d8718b1f0f8c3f71c1428a178cc9f86b62,100000,200193515,99880,120,0.0012,0.9667159997665259,22048.896353186206,22022.0,0.9989546007949296,0.9735755335204852,37477,0,37461
4a7b35f0b7b63a57,comments0720-fixed-arm-confirmation,poisson-n06-p045,pretrain_arm,10259,,20,6,6,poisson,,0.0,,,4a7b35f0b7b63a57d710a1774f61b9d957335fc0a69a7dc859753b25f8565fca,100000,200191442,99923,77,0.00077,0.9671284799477092,22038.41887279679,22022.0,0.9989549918559975,0.9738206572679023,37478,0,37464
4ad8e6e6f4f23d34,comments0720-fixed-arm-confirmation,poisson-n06-p045,pretrain_arm,10163,,22,6,6,poisson,,0.0,,,4ad8e6e6f4f23d349b31d102405806f131f120fac5ae62c3cf6624b110fc077f,100000,200187603,99865,135,0.00135,0.9666494882802508,22052.153796080238,22022.0,0.9989760050174343,0.973522997765895,37480,0,37467
4af2591d9a59e5fd,comments0720-fixed-arm-confirmation,poisson-n04-p025,pretrain_arm,10141,,1,4,4,poisson,,0.0,,,4af2591d9a59e5fdaba0cea716435ebe55e9ef4d2ccf893864a3aae8c868c680,100000,377733077,75812,24188,0.24188,0.3889687611339369,37857.17789298718,118177.0,0.9987383483862204,0.6566477031733858,24992,0,24091
4b7ea8019e168fc7,comments0720-fixed-arm-confirmation,poisson-n06-p045,pretrain_arm,10169,,12,6,6,poisson,,0.0,,,4b7ea8019e168fc7af49b1af7ca68cfc695d423befb53d5f53c21dad2908e2b6,100000,200187467,99935,65,0.00065,0.9673315562756983,22035.776708065212,22022.0,0.9989847886541886,0.9739282816432957,37476,0,37462
4b9be7da4d0dffdf,comments0720-fixed-arm-confirmation,poisson-n04-p025,pretrain_arm,10177,,7,4,4,poisson,,0.0,,,4b9be7da4d0dffdf48156bda44ca847443ed01c33c63e3f1198841ee4c449976,100000,343287712,68576,31424,0.31424,0.387118050995079,38045.24892077937,118243.0,0.9989763118059305,0.6379761209336698,24993,0,23784
4bb1aecd040ffd2f,comments0720-fixed-arm-confirmation,poisson-n06-p045,pretrain_arm,10267,,21,6,6,poisson,,0.0,,,4bb1aecd040ffd2f63f7639d7775e244b3ad0bc0e3372ed7a8700a3a24261ecc,100000,200191467,99888,112,0.00112,0.9669780081086073,22047.40520245104,22022.0,0.9989884267752216,0.9736941449612764,37484,0,37471
4c213a793f8baed5,comments0720-fixed-arm-confirmation,poisson-n04-p025,pretrain_arm,10193,,16,4,4,poisson,,0.0,,,4c213a793f8baed5620a2b654fd28d3f73fadbfc48ae4e3d445aea3cb157fc0b,100000,386136751,77417,22583,0.22583,0.3884867384715732,37897.985118009536,116279.0,0.9987802512182894,0.6617788298966207,24993,0,24219
4c3b047916ad64fc,comments0720-fixed-arm-confirmation,poisson-n06-p045,pretrain_arm,10303,,5,6,6,poisson,,0.0,,,4c3b047916ad64fc5990d28284d58b019ba91fb0eee2f999c546ea24d488316a,100000,200193501,99911,89,0.00089,0.967078501714199,22042.55468022703,22022.0,0.998969664965989,0.973778888893396,37481,0,37469
4c63a37d5432488d,comments0720-fixed-arm-confirmation,poisson-n04-p025,pretrain_arm,10289,,0,4,4,poisson,,0.0,,,4c63a37d5432488d1bad30b2d41a62e4010b09904e2c0bfea51151b8e78c234d,100000,376778177,75821,24179,0.24179,0.3899260625171505,37749.917296505875,116270.0,0.9988290217006024,0.6582908614059177,24993,0,24130
4c864f5e6b774f56,comments0720-fixed-arm-confirmation,poisson-n06-p045,pretrain_arm,10301,,21,6,6,poisson,,0.0,,,4c864f5e6b774f569e4c18e5093c2b5e993fadc71c9be1efe8bdc41a541bee51,100000,200185430,99908,92,0.00092,0.9671264487130756,22042.5901437495,22022.0,0.998957936966546,0.9737834618932072,37480,0,37468
4c9b92ef23acb14c,comments0720-fixed-arm-confirmation,poisson-n06-p045,pretrain_arm,10253,,13,6,6,poisson,,0.0,,,4c9b92ef23acb14c0045b55eb68b793971baff3568950973ce74cf3ca5a4e371,100000,200191447,99864,136,0.00136,0.9665477816342474,22054.066137884067,22022.0,0.9989628584325279,0.9734822133555917,37477,0,37463
4cfde4a2271e7cae,comments0720-fixed-arm-confirmation,poisson-n06-p045,pretrain_arm,10111,,16,6,6,poisson,,0.0,,,4cfde4a2271e7cae9dbf0ecf974e4a96a6c6c497a3969a4604d91df5541e2d52,100000,200189378,99909,91,0.00091,0.9670712548994482,22042.122786470063,22022.0,0.9989678410071264,0.9737708653021915,37483,0,37471
4d03e775ccc9e178,comments0720-fixed-arm-confirmation,poisson-n04-p025,pretrain_arm,10181,,8,4,4,poisson,,0.0,,,4d03e775ccc9e1781e3377b4f0ea6342df3d75072e45aeb58c157f8447c9beb0,100000,346999899,69503,30497,0.30497,0.38818105534952907,37938.44298150946,118203.0,0.9988008939294107,0.6406161497596466,24990,0,23891
4d08d2cf10adecea,comments0720-fixed-arm-confirmation,poisson-n04-p025,pretrain_arm,10141,,15,4,4,poisson,,0.0,,,4d08d2cf10adecea5213ca26d115f277adede17686b4982090c674300d286a00,100000,382360844,76727,23273,0.23273,0.3888444576192012,37865.66426830381,118198.0,0.9987305409174103,0.6588771661788705,24992,0,24134
4d11798ea21d594a,comments0720-fixed-arm-confirmation,poisson-n04-p025,pretrain_arm,10169,,22,4,4,poisson,,0.0,,,4d11798ea21d594a6a8c07d59c5bb681f1eb53d9fff4b1210efae9dd3b447692,100000,356922408,70821,29179,0.29179,0.38449433805231975,38311.60930902518,118294.0,0.9990146773944072,0.6426928384822423,24993,0,23920
4d17816b487bb3c6,comments0720-fixed-arm-confirmation,poisson-n04-p025,pretrain_arm,10181,,3,4,4,poisson,,0.0,,,4d17816b487bb3c6955a8faac65374759529b58ca95ebf975453f3e9867704db,100000,382895934,76621,23379,0.23379,0.3878128410734181,37977.58325610536,116275.0,0.9986894798249832,0.6595366069661338,24990,0,24158
4d839ada4003822d,comments0720-fixed-arm-confirmation,poisson-n04-p025,pretrain_arm,10133,,2,4,4,poisson,,0.0,,,4d839ada4003822d88080784e75cc310b1c48b9c9f59c33796353f66db846c2b,100000,386530042,76874,23126,0.23126,0.38536532433357407,38217.06209507454,118233.0,0.9991257334445734,0.6581933525927158,24993,0,24169
4da9b1013f73e2de,comments0720-fixed-arm-confirmation,poisson-n04-p025,pretrain_arm,10133,,6,4,4,poisson,,0.0,,,4da9b1013f73e2de737719fb6f4c2a78ca9fa005ae421128fbd7c092f5129fe4,100000,344913506,68753,31247,0.31247,0.38622235917894154,38128.80674958179,118242.0,0.9991149107226229,0.6381669233005214,24993,0,23814
4daad3fa54f580f2,comments0720-fixed-arm-confirmation,poisson-n06-p045,pretrain_arm,10163,,8,6,6,poisson,,0.0,,,4daad3fa54f580f2809ee7f98394211ff7fb93af17c7563e4e9bfbc43a995fae,100000,200187594,99876,124,0.00124,0.9667201005472896,22049.503414643917,22022.0,0.9989742450271646,0.973573448524818,37480,0,37467
4dd30183a27c1f93,comments0720-fixed-arm-confirmation,poisson-n04-p025,pretrain_arm,10289,,20,4,4,poisson,,0.0,,,4dd30183a27c1f934abd7966d991e9188b12a6fa68627fde9af011dbcd041564,100000,348630034,70247,29753,0.29753,0.39045224944675877,37695.16671649653,116302.0,0.9989175411170359,0.6445394301879316,24992,0,23914
4ddf79805a6d909f,comments0720-fixed-arm-confirmation,poisson-n06-p045,pretrain_arm,10313,,11,6,6,poisson,,0.0,,,4ddf79805a6d909fa410d3ccc560ade2a51b72674bc12372096de5674edabf01,100000,200185415,99913,87,0.00087,0.967099086614277,22039.94170228526,22022.0,0.9989428856750276,0.973781824096435,37483,0,37470
4e116a7cf13aa649,comments0720-fixed-arm-confirmation,poisson-n06-p045,pretrain_arm,10163,,4,6,6,poisson,,0.0,,,4e116a7cf13aa649948fd1af995c5a804da075a125bfe5529637e3c00d997fab,100000,200187581,99861,139,0.00139,0.9665681009452829,22053.114643111097,22022.0,0.998982300320356,0.9734879670885463,37480,0,37467
4e148d24005cd19a,comments0720-fixed-arm-confirmation,poisson-n04-p025,pretrain_arm,10333,,15,4,4,poisson,,0.0,,,4e148d24005cd19a497c64867bf00f50fa385eedc5ced433ac7416361fab1f43,100000,383686076,76680,23320,0.2332,0.38726896359929414,38028.08748956594,118183.0,0.9987338594182529,0.6582456076725155,24992,0,24151
4e7d706f949a1609,comments0720-fixed-arm-confirmation,poisson-n04-p025,pretrain_arm,10273,,7,4,4,poisson,,0.0,,,4e7d706f949a1609b74367f039aff99a2dc575ee08b72ac3e6c8a88428d6b1be,100000,343237770,68646,31354,0.31354,0.3874478295322802,37999.17328593491,118199.0,0.9990061680133134,0.6383003325151979,24990,0,23844
4eada6b5a40bc4ee,comments0720-fixed-arm-confirmation,poisson-n04-p025,pretrain_arm,10303,,15,4,4,poisson,,0.0,,,4eada6b5a40bc4ee9588c72b8a29543597f7c0eaa08c65b695fb5f3bc466ac8d,100000,384257856,76990,23010,0.2301,0.38820504166868613,37924.31980203164,116231.0,0.9989957988338544,0.6607212801675134,24992,0,24185
4eb3274583cef10b,comments0720-fixed-arm-confirmation,poisson-n06-p045,pretrain_arm,10343,,4,6,6,poisson,,0.0,,,4eb3274583cef10b9e80e230ec82f8498b500b7426c46cecf463ae0b9972980d,100000,200189440,99881,119,0.00119,0.9667207720846814,22048.608026514736,22022.0,0.9989604737933597,0.9735815819593471,37481,0,37469
4eb951283926aeac,comments0720-fixed-arm-confirmation,poisson-n04-p025,pretrain_arm,10303,,12,4,4,poisson,,0.0,,,4eb951283926aeac134d2f2d0d61f1222a2f32b65604e862b4b96411b49389b5,100000,377931076,75737,24263,0.24263,0.388275223496043,37918.60197546514,116223.0,0.9989970266400079,0.657617916712017,24992,0,24109
4f09d04f195b5da9,comments0720-fixed-arm-confirmation,poisson-n04-p025,pretrain_arm,10163,,15,4,4,poisson,,0.0,,,4f09d04f195b5da90289f9fcff7b4cb683ba623c12c5a647f4e2689f4db56cb1,100000,383165526,76699,23301,0.23301,0.3878774235028649,37961.73119401233,116314.0,0.9988868249481766,0.6597929161503471,24992,0,24140
4f0d2226d6ac90aa,comments0720-fixed-arm-confirmation,poisson-n06-p045,pretrain_arm,10313,,23,6,6,poisson,,0.0,,,4f0d2226d6ac90aa80bd28d28939bf13bdbf35e209785defa54c7d281007cf00,100000,200185415,99914,86,0.00086,0.9671079483987383,22039.70094692799,22022.0,0.9989475704051128,0.9737888396012837,37483,0,37470
4f31cdc9e686dd2f,comments0720-fixed-arm-confirmation,poisson-n04-p025,pretrain_arm,10259,,16,4,4,poisson,,0.0,,,4f31cdc9e686dd2f7736f70c6b8550786c077fae56d99ae18094849ea1a50802,100000,386396513,77414,22586,0.22586,0.38829204962312897,37922.51707877942,118201.0,0.9986495284466559,0.6603815260232617,24990,0,24177
4f57b98b91975b8b,comments0720-fixed-arm-confirmation,poisson-n04-p025,pretrain_arm,10177,,10,4,4,poisson,,0.0,,,4f57b98b91975b8b49f44218761b92ab427b651be31b1fce175ccb2ced95d907,100000,353678884,70655,29345,0.29345,0.3871038028948316,38042.633784874095,118235.0,0.998957397586748,0.6431679001605265,24992,0,23905
4f6637035b158370,comments0720-fixed-arm-confirmation,poisson-n06-p045,pretrain_arm,10141,,18,6,6,poisson,,0.0,,,4f6637035b158370ceebe12110ef5741041f378f1959d325633fc0c350d1e052,100000,200193409,99918,82,0.00082,0.9671035723259,22041.24414950053,22022.0,0.9989592134510746,0.9738012619256582,37480,0,37466
4fa1f345c6e8a720,comments0720-fixed-arm-confirmation,poisson-n04-p025,pretrain_arm,10169,,16,4,4,poisson,,0.0,,,4fa1f345c6e8a720ad0261de6a41b2ffb016ef8e8e9722010c2a836b5309ca05,100000,391380983,77573,22427,0.22427,0.3840913266856402,38354.34005028041,118293.0,0.9989487370689577,0.6594171879181993,24993,0,24130
4fdfbffa55826fc5,comments0720-fixed-arm-confirmation,poisson-n06-p045,pretrain_arm,10247,,13,6,6,poisson,,0.0,,,4fdfbffa55826fc5a28ae398c6bd04b5481522c6f8fe53a5898b3382223055c7,100000,200187429,99861,139,0.00139,0.9666494143346034,22054.62827870084,22022.0,0.9989683637188976,0.9735104260178338,37478,0,37464
5025272bc9af1839,comments0720-fixed-arm-confirmation,poisson-n04-p025,pretrain_arm,10289,,19,4,4,poisson,,0.0,,,5025272bc9af1839d8f0f73c3aefce636f94114f8cd59470fe7df01f9f2f5e77,100000,343760139,69316,30684,0.30684,0.39064904788161026,37667.77158480984,116297.0,0.9989808876074272,0.6423019784963457,24992,0,23890
5030bde6d14bc435,comments0720-fixed-arm-confirmation,poisson-n04-p025,pretrain_arm,10259,,14,4,4,poisson,,0.0,,,5030bde6d14bc43598084a76734789a84e3f325dd788ed814f3d663c241ef700,100000,383914030,76924,23076,0.23076,0.3882857576213091,37921.74755577513,118191.0,0.9986242406503388,0.6591526660905492,24990,0,24160
50725ad585dc2826,comments0720-fixed-arm-confirmation,poisson-n06-p045,pretrain_arm,10151,,10,6,6,poisson,,0.0,,,50725ad585dc2826e9add5db28abe2b925c3122196952494431aebbe30d58eb8,100000,200187428,99918,82,0.00082,0.9671772644983481,22040.162883110122,22022.0,0.9989598251493109,0.973826029882553,37479,0,37467
5076f801b6c410e2,comments0720-fixed-arm-confirmation,poisson-n04-p025,pretrain_arm,10313,,12,4,4,poisson,,0.0,,,5076f801b6c410e28623c413da9e22fe1117f2022aad698abb54292bd6d7fbc8,100000,381724371,75866,24134,0.24134,0.38505761530222027,38246.2478842047,118221.0,0.9991908788436985,0.6556004980486396,24993,0,24115
50fd3e1abaa304b6,comments0720-fixed-arm-confirmation,poisson-n06-p045,pretrain_arm,10303,,13,6,6,poisson,,0.0,,,50fd3e1abaa304b645ba4bca5195dfd29809a9cc7594253a3f4f14a9e5a5a2c2,100000,200193481,99896,104,0.00104,0.9668929429325424,22046.162838893117,22022.0,0.998966250977478,0.9736783979700068,37480,0,37468
5119348fa3137df1,comments0720-fixed-arm-confirmation,poisson-n06-p045,pretrain_arm,10177,,21,6,6,poisson,,0.0,,,5119348fa3137df1cee4b997bacfa91632a2e431c9a5253c6ce147342e632b39,100000,200193524,99883,117,0.00117,0.9667846548322911,22048.01484915541,22022.0,0.9989554149720905,0.9736061899347939,37476,0,37464
5140a97b0dc62cab,comments0720-fixed-arm-confirmation,poisson-n06-p045,pretrain_arm,10301,,8,6,6,poisson,,0.0,,,5140a97b0dc62cab069a24a44f855a6b1e40efee5cc151a291c8aa0a62534b20,100000,200185427,99915,85,0.00085,0.9671951045667275,22040.90501786733,22022.0,0.9989534708455334,0.9738223584707537,37480,0,37468
5153eb11d677f5f9,comments0720-fixed-arm-confirmation,poisson-n04-p025,pretrain_arm,10253,,22,4,4,poisson,,0.0,,,5153eb11d677f5f9d3dfa3969e886c7157e83ad7acf9c14a77658a6f4c29d663,100000,352718766,70549,29451,0.29451,0.38764970049821507,37993.12903134347,118214.0,0.9984610683387037,0.6429334229456397,24990,0,23895
5190f14727664ebb,comments0720-fixed-arm-confirmation,poisson-n04-p025,pretrain_arm,10333,,19,4,4,poisson,,0.0,,,5190f14727664ebbf1275273aa20b6240ed6b6c41c133d1b6c0b134fa65261cf,100000,347069222,69324,30676,0.30676,0.38707562781236765,38043.79763690923,118198.0,0.9986713360572596,0.6397603212898757,24992,0,23882
5190f4b06d121336,comments0720-fixed-arm-confirmation,poisson-n04-p025,pretrain_arm,10133,,8,4,4,poisson,,0.0,,,5190f4b06d121336b53a4b73186c93076803ff3d5acf0cebaae9ed611518fb72,100000,349047329,69520,30480,0.3048,0.38589108069066475,38161.45630970192,118228.0,0.9991508551768923,0.6399953119558522,24993,0,23807
51f8adb1de9a6152,comments0720-fixed-arm-confirmation,poisson-n06-p045,pretrain_arm,10139,,8,6,6,poisson,,0.0,,,51f8adb1de9a6152094f71b0c1b6c816f358c572a6b94e6756e4a122fcd1962a,100000,200189499,99856,144,0.00144,0.9665469615866314,22055.29938704379,22022.0,0.9989455346056164,0.973456165397416,37482,0,37469
520ee0c151334964,comments0720-fixed-arm-confirmation,poisson-n04-p025,pretrain_arm,10211,,13,4,4,poisson,,0.0,,,520ee0c15133496441816bb3d287d53b1b3fc8a79ea35f31339c0f52082cfaed,100000,379229244,75755,24245,0.24245,0.38714454468601056,38041.93620869474,118203.0,0.9983861543235625,0.6557623996698577,24990,0,24147
5227a9c1f99985df,comments0720-fixed-arm-confirmation,poisson-n06-p045,pretrain_arm,10267,,12,6,6,poisson,,0.0,,,5227a9c1f99985dfce94987ccb708407da50a44f568bb8d411126a633c53119c,100000,200191441,99883,117,0.00117,0.9668124173200792,22048.58610607684,22022.0,0.9989798600888928,0.9736235924696574,37483,0,37470
523c6ea28d7bb91d,comments0720-fixed-arm-confirmation,poisson-n06-p045,pretrain_arm,10271,,1,6,6,poisson,,0.0,,,523c6ea28d7bb91ddf279f23917281e5643d9ec9acf554293acdb9f831f74cef,100000,200199479,99855,145,0.00145,0.9665123703943306,22055.615726690903,22022.0,0.9989438629030916,0.9734415777658074,37480,0,37465
52816d1936be548e,comments0720-fixed-arm-confirmation,poisson-n04-p025,pretrain_arm,10211,,3,4,4,poisson,,0.0,,,52816d1936be548e715b62a2b6867e407e971e80cedacb06e0b867cb7f5bd872,100000,383886844,76661,23339,0.23339,0.3870447407153135,38055.38498167064,118225.0,0.9984012975565052,0.6579845127572729,24990,0,24111
528cc6d77db94066,comments0720-fixed-arm-confirmation,poisson-n06-p045,pretrain_arm,10223,,11,6,6,poisson,,0.0,,,528cc6d77db94066c36423f5e4dc273eaecaac906f30534b1bde37086476126b,100000,200193445,99886,114,0.00114,0.9667548555348553,22048.489226425296,22022.0,0.9989486074656087,0.9736014876668213,37481,0,37468
52f018dd43f5eb06,comments0720-fixed-arm-confirmation,poisson-n06-p045,pretrain_arm,10259,,3,6,6,poisson,,0.0,,,52f018dd43f5eb06ab9b39b805519b0a64eb4365ed1631b76409735409e572fb,100000,200191434,99907,93,0.00093,0.9670806594052371,22042.267861254317,22022.0,0.9989703852366241,0.9737698482139538,37478,0,37466
535d0fe8fc96caa3,comments0720-fixed-arm-confirmation,poisson-n04-p025,pretrain_arm,10331,,21,4,4,poisson,,0.0,,,535d0fe8fc96caa393edb296e43e14bb11c4ed08f4658e556ce25f99e1f0f44d,100000,351010092,70200,29800,0.298,0.38759769334495375,37998.05942272623,118235.0,0.998783781346646,0.6421371582305332,24992,0,23852
538d9ceb82fb693b,comments0720-fixed-arm-confirmation,poisson-n06-p045,pretrain_arm,10141,,0,6,6,poisson,,0.0,,,538d9ceb82fb693bfc4d72eb1a6a875cc7a522005199cb67961b39c19b1958a9,100000,200193404,99904,96,0.00096,0.9670076142968227,22044.612641652984,22022.0,0.9989593939911928,0.9737343360960052,37480,0,37466
53c46d84e6d3351d,comments0720-fixed-arm-confirmation,poisson-n06-p045,pretrain_arm,10133,,10,6,6,poisson,,0.0,,,53c46d84e6d3351d8347f2accaca6b0247c47a0c35cffca0a9968da72da96df1,100000,200185483,99881,119,0.00119,0.9668357170534688,22049.33403758924,22022.0,0.9989567150490674,0.9736186440341787,37479,0,37464
53cd8ae0be7b58e8,comments0720-fixed-arm-confirmation,poisson-n04-p025,pretrain_arm,10313,,21,4,4,poisson,,0.0,,,53cd8ae0be7b58e8ff24eea3d6fecef3a3c118bdae111e3ff17146acb5de8a6e,100000,352510660,70156,29844,0.29844,0.38557534118259007,38188.99833209785,118205.0,0.9992184798072961,0.6415179403299621,24993,0,23930
53e95c7f3735750f,comments0720-fixed-arm-confirmation,poisson-n06-p045,pretrain_arm,10333,,2,6,6,poisson,,0.0,,,53e95c7f3735750f51e270282b5b753feb8b14c5042e09b73706a7c4bde46c86,100000,200191410,99893,107,0.00107,0.9669170720162269,22046.879526636698,22022.0,0.9989576149132853,0.9736760623098375,37482,0,37470
544327c88c34c796,comments0720-fixed-arm-confirmation,poisson-n06-p045,pretrain_arm,10289,,11,6,6,poisson,,0.0,,,544327c88c34c7963be779f29a30ab0250ac8ebfa23f6be57710e738d5112b15,100000,200185443,99897,103,0.00103,0.9670735798706402,22045.720388446713,22022.0,0.9989337729995018,0.9737302842900473,37485,0,37471
5448ce7553447c7e,comments0720-fixed-arm-confirmation,poisson-n04-p025,pretrain_arm,10111,,2,4,4,poisson,,0.0,,,5448ce7553447c7ef5c5a69ed69975ea5fa9e68a17af9ee0a92f865c86a06d4a,100000,385768681,76763,23237,0.23237,0.38561799421970183,38196.36664712396,118229.0,0.998946885403775,0.6579431265411588,24991,0,24111
545a1c5b499a0e83,comments0720-fixed-arm-confirmation,poisson-n04-p025,pretrain_arm,10369,,4,4,4,poisson,,0.0,,,545a1c5b499a0e83060ae312fd8e7469df74279b44a5c0fa5f7ab354d08ad4ae,100000,385984634,77315,22685,0.22685,0.38811802803528184,37935.243949448304,118165.0,0.9987682977936962,0.6601396086096594,24992,0,24184
5462018b23589e92,comments0720-fixed-arm-confirmation,poisson-n06-p045,pretrain_arm,10253,,1,6,6,poisson,,0.0,,,5462018b23589e92f53901cc98daf0d3bd634fb45b6eba8a486acacf49ab8e8d,100000,200191455,99828,172,0.00172,0.9663237324490198,22062.742365953352,22022.0,0.9989694992022595,0.9733197438837596,37477,0,37462
54739650299bf2bd,comments0720-fixed-arm-confirmation,poisson-n04-p025,pretrain_arm,10273,,20,4,4,poisson,,0.0,,,54739650299bf2bd91976deaa0f968bb9f45bb061acc6931de75bea67039dbae,100000,350631156,70169,29831,0.29831,0.38772525679378017,37972.7218682744,118198.0,0.9990040910870754,0.6422002826269518,24990,0,23893
549ad4ef84fa8f44,comments0720-fixed-arm-confirmation,poisson-n06-p045,pretrain_arm,10159,,1,6,6,poisson,,0.0,,,549ad4ef84fa8f44a739dc73f0a7868bb22cac24f636002a98c3a476c3855081,100000,200201516,99874,126,0.00126,0.9666920903835713,22051.682251507078,22022.0,0.9989488658322518,0.973550652071941,37479,0,37467
54f88b510eec97a3,comments0720-fixed-arm-confirmation,poisson-n06-p045,pretrain_arm,10133,,3,6,6,poisson,,0.0,,,54f88b510eec97a374a3114aadcab6ad019d45865630216ca4bee960f4fbd17d,100000,200185461,99862,138,0.00138,0.9666911774377062,22053.907781672508,22022.0,0.998953497902101,0.9735218917799358,37479,0,37464
550c9f9fd627f3f7,comments0720-fixed-arm-confirmation,poisson-n04-p025,pretrain_arm,10141,,20,4,4,poisson,,0.0,,,550c9f9fd627f3f701d2381798e22029edf3b87d289bafa02e6b5ebf4019615c,100000,348291939,70003,29997,0.29997,0.38951383540346596,37801.62303021645,118152.0,0.9986932557707537,0.6423085303914066,24991,0,23901
552b4ac9c6774065,comments0720-fixed-arm-confirmation,poisson-n06-p045,pretrain_arm,10331,,22,6,6,poisson,,0.0,,,552b4ac9c677406533b63cc1b2e1e4313605a2d86675739251ae869c9a6daab0,100000,200187420,99908,92,0.00092,0.9670302659377897,22043.230349563546,22022.0,0.9989756715366784,0.9737573124914894,37482,0,37467
553824f60d04d84b,comments0720-fixed-arm-confirmation,poisson-n06-p045,pretrain_arm,10163,,17,6,6,poisson,,0.0,,,553824f60d04d84bc56e51d443839ee674ce6ee72fe68da6f13589556eb73257,100000,200187581,99861,139,0.00139,0.9665681009452829,22053.114643111097,22022.0,0.998982300320356,0.9734879670885463,37480,0,37467
55b56c2b8033ac52,comments0720-fixed-arm-confirmation,poisson-n06-p045,pretrain_arm,10223,,12,6,6,poisson,,0.0,,,55b56c2b8033ac52f73b8b533b15624f50c3b5a8db7e269b4fb80834ab285284,100000,200193424,99884,116,0.00116,0.9668906407235435,22048.968469641142,22022.0,0.998967185165923,0.9736479419631554,37481,0,37467
55c730477c83147a,comments0720-fixed-arm-confirmation,poisson-n06-p045,pretrain_arm,10243,,8,6,6,poisson,,0.0,,,55c730477c83147ad787e5192647294caf8b8e588d106966975d6067e765c4d0,100000,200191534,99869,131,0.00131,0.966718797409285,22051.428492744624,22022.0,0.9989583759284592,0.9735502244459147,37480,0,37468
56075b6990f75c48,comments0720-fixed-arm-confirmation,poisson-n06-p045,pretrain_arm,10181,,11,6,6,poisson,,0.0,,,56075b6990f75c4801aa9046a42cc646002a3c63f0b7650e3b68c2d5a5ebcb89,100000,200195511,99854,146,0.00146,0.9664232331363314,22055.421435868673,22022.0,0.9989708201834574,0.9734183511065964,37478,0,37462
5620a90e0f74fae2,comments0720-fixed-arm-confirmation,poisson-n06-p045,pretrain_arm,10343,,1,6,6,poisson,,0.0,,,5620a90e0f74fae2e4bfc3722be52dfd2d51f0da1a0b81f50b10d020e37ef4ab,100000,200189430,99861,139,0.00139,0.9666471751280774,22053.424010255487,22022.0,0.9989716747263123,0.9735107832847966,37481,0,37468
565a6719aa1e92c8,comments0720-fixed-arm-confirmation,poisson-n06-p045,pretrain_arm,10169,,15,6,6,poisson,,0.0,,,565a6719aa1e92c80b1e2554aa2800c52e6b9915cac26d1b2f2ba542057d8810,100000,200187454,99919,81,0.00081,0.9670906149792984,22039.624530813657,22022.0,0.9989749826342886,0.9738046992045291,37476,0,37462
566f94d7fe500918,comments0720-fixed-arm-confirmation,poisson-n04-p025,pretrain_arm,10313,,22,4,4,poisson,,0.0,,,566f94d7fe5009186ae7a4d824f5d89ef07609879a0a3c7b9f001c97a53bb544,100000,355139190,70683,29317,0.29317,0.38565671955269143,38188.219186416696,118222.0,0.9992361883483175,0.6428571359670031,24993,0,23955
5684ed26e1f42644,comments0720-fixed-arm-confirmation,poisson-n04-p025,pretrain_arm,10331,,14,4,4,poisson,,0.0,,,5684ed26e1f426440ff7861bca0179691a4c8c97620bca12215780190b487d47,100000,383084825,76714,23286,0.23286,0.38806513674876053,37946.59875368289,118209.0,0.998803214671096,0.6586017838066188,24992,0,24125
56b8b734910c961f,comments0720-fixed-arm-confirmation,poisson-n04-p025,pretrain_arm,10313,,4,4,4,poisson,,0.0,,,56b8b734910c961f1de9f48f3aad73d5f9dcc982e9615ca364d30a9e95eb0fa8,100000,390465463,77581,22419,0.22419,0.3849358169739074,38256.28216002991,118232.0,0.9991860555277998,0.659838457500569,24993,0,24198
57034c8bf8d46409,comments0720-fixed-arm-confirmation,poisson-n04-p025,pretrain_arm,10343,,9,4,4,poisson,,0.0,,,57034c8bf8d46409d7e73e032ee76b23493f3798fba1497e056e84bed74175aa,100000,350918023,69753,30247,0.30247,0.38514408819634777,38243.30288909599,118242.0,0.9991253500896774,0.640310979428675,24994,0,23806
572e5bd57775be26,comments0720-fixed-arm-confirmation,poisson-n06-p045,pretrain_arm,10369,,20,6,6,poisson,,0.0,,,572e5bd57775be265fa0d70a6e61c356d10f7a6ac15a3c2196f5bd8da0a37af4,100000,200197475,99948,52,0.00052,0.9674241945359201,22032.74621757925,22022.0,0.9989560317938728,0.9739820754432643,37484,0,37472
57335950091fd57d,comments0720-fixed-arm-confirmation,poisson-n04-p025,pretrain_arm,10177,,18,4,4,poisson,,0.0,,,57335950091fd57d819ac5116e1b8f48342bfcf52e9449e22308d5fb8a121520,100000,346796356,69310,30690,0.3069,0.3871727360364767,38025.04405356267,118223.0,0.9989443596144434,0.63983203188364,24993,0,23873
5747bdcd24ccf3e9,comments0720-fixed-arm-confirmation,poisson-n04-p025,pretrain_arm,10369,,16,4,4,poisson,,0.0,,,5747bdcd24ccf3e9fe2041caeced13a0f2af9a7b354d770c726fedb97bca9bca,100000,386671632,77444,22556,0.22556,0.3880801941012316,37939.89956867607,118162.0,0.9987817483515132,0.6604559808175816,24992,0,24182
576659ce8801e44d,comments0720-fixed-arm-confirmation,poisson-n06-p045,pretrain_arm,10313,,20,6,6,poisson,,0.0,,,576659ce8801e44db9fb99da97ccc83b7631f3b0cc5703cef7a78370f13c5a77,100000,200185418,99914,86,0.00086,0.9671832241047648,22039.70115713399,22022.0,0.9989581729563888,0.9738174656870513,37483,0,37470
576b1c78e9b726b7,comments0720-fixed-arm-confirmation,poisson-n04-p025,pretrain_arm,10141,,12,4,4,poisson,,0.0,,,576b1c78e9b726b7dc8b3caf9569fcc5ab3f8204139ce2cac1adb8bd2ede5b4c,100000,376863628,75630,24370,0.2437,0.3888412919487152,37862.02415963609,118173.0,0.9987163638283972,0.6561455519257042,24992,0,24068
57b8f481db97397d,comments0720-fixed-arm-confirmation,poisson-n06-p045,pretrain_arm,10271,,13,6,6,poisson,,0.0,,,57b8f481db97397db8c1d70396353454be2f2f5fe3e138b64b296585f34898f2,100000,200199481,99837,163,0.00163,0.9663513413403904,22059.953308289507,22022.0,0.9989406723669207,0.973341837902437,37480,0,37465
57c3f99bc6d5e24f,comments0720-fixed-arm-confirmation,poisson-n04-p025,pretrain_arm,10243,,19,4,4,poisson,,0.0,,,57c3f99bc6d5e24fe5b3b9d6a8df6ef7f45ea6cfa1f9dc168374494576aee7c6,100000,344836275,69139,30861,0.30861,0.3886112880670689,37897.198680765505,116295.0,0.9982892919003685,0.6409510266558125,24990,0,23856
582b71559f046ee3,comments0720-fixed-arm-confirmation,poisson-n04-p025,pretrain_arm,10289,,1,4,4,poisson,,0.0,,,582b71559f046ee37ca04535784885d3d74c4aa8b3192071f746382689f8234d,100000,376778177,75821,24179,0.24179,0.3899260625171505,37749.917296505875,116270.0,0.9988290217006024,0.6582908614059177,24993,0,24130
5846ec43cef75126,comments0720-fixed-arm-confirmation,poisson-n04-p025,pretrain_arm,10139,,0,4,4,poisson,,0.0,,,5846ec43cef751268c4dab48a41771715424fb2dccfd8b1d2094af3e99fb94af,100000,382839969,75864,24136,0.24136,0.38395413202010786,38363.43135678127,120146.0,0.9990253055212464,0.6538891458471181,24992,0,24102
5874f7b903e929b0,comments0720-fixed-arm-confirmation,poisson-n06-p045,pretrain_arm,10111,,13,6,6,poisson,,0.0,,,5874f7b903e929b0c5bca85af97a03fd1da64d951da2549019958dece69e2146,100000,200189374,99905,95,0.00095,0.966992608708592,22043.08495089746,22022.0,0.9989703475623356,0.9737354854236425,37483,0,37471
58944988fdfeebfd,comments0720-fixed-arm-confirmation,poisson-n04-p025,pretrain_arm,10321,,18,4,4,poisson,,0.0,,,58944988fdfeebfd85eaf56ee81ce37999a546003439b4493dcf8db7f2980e29,100000,346181771,69457,30543,0.30543,0.388709222358216,37867.51843799047,118241.0,0.9988082436968196,0.6406543220183453,24993,0,23850
58b1d11590d47d88,comments0720-fixed-arm-confirmation,poisson-n06-p045,pretrain_arm,10151,,20,6,6,poisson,,0.0,,,58b1d11590d47d88659eb7eff0fd53b85dda6b3cee9cd02e5221a7cad650bce5,100000,200187428,99910,90,0.0009,0.9670558732589342,22042.08810987207,22022.0,0.9989592728111085,0.9737653820233476,37479,0,37467
58d0f541c7f62a91,comments0720-fixed-arm-confirmation,poisson-n06-p045,pretrain_arm,10357,,3,6,6,poisson,,0.0,,,58d0f541c7f62a91e1fd31bed7aef5e5e307da38169b95e648ca804e5565739f,100000,200185423,99934,66,0.00066,0.9673840287561797,22036.75182642461,22022.0,0.9989518374778893,0.9739322887446896,37477,0,37464
590803c99b51cb90,comments0720-fixed-arm-confirmation,poisson-n06-p045,pretrain_arm,10273,,19,6,6,poisson,,0.0,,,590803c99b51cb9022abfc6aed200db5b929c291841c9c31853155206391d52b,100000,200185486,99852,148,0.00148,0.96662192582733,22056.542497996794,22022.0,0.9989751366525795,0.9734810208266366,37480,0,37467
590ec71718de9067,comments0720-fixed-arm-confirmation,poisson-n04-p025,pretrain_arm,10177,,1,4,4,poisson,,0.0,,,590ec71718de90675246c25004b0ae420844a55732ce1c25955899086da055cd,100000,379254865,75683,24317,0.24317,0.38666595878737114,38084.25149653122,118206.0,0.999077961523028,0.6556514734367996,24992,0,24088
59574f0b17a6528e,comments0720-fixed-arm-confirmation,poisson-n04-p025,pretrain_arm,10357,,8,4,4,poisson,,0.0,,,59574f0b17a6528ede8e0bad6def157e7f3b647da9ad26d2206505a2ea19207b,100000,347706730,69612,30388,0.30388,0.387941464348418,37955.78853226826,118261.0,0.9989332035706032,0.6408142226396738,24990,0,23871
595c93147a174c52,comments0720-fixed-arm-confirmation,poisson-n06-p045,pretrain_arm,10159,,21,6,6,poisson,,0.0,,,595c93147a174c523c4951a4120d273cef54ffc478d2849b14cc295343419a3f,100000,200201530,99870,130,0.0013,0.9666481170248798,22052.64747942078,22022.0,0.9989593591745626,0.9735294920664808,37479,0,37467
59731dcbb4ab09d6,comments0720-fixed-arm-confirmation,poisson-n04-p025,pretrain_arm,10139,,15,4,4,poisson,,0.0,,,59731dcbb4ab09d67174b7ea7d4b8a21aec1da88ccdb37318d6ba2ae0d9499e3,100000,388154302,76906,23094,0.23094,0.3839280828066154,38370.4810788317,120194.0,0.9990010466575028,0.6564453764880394,24992,0,24141
59edbee091146942,comments0720-fixed-arm-confirmation,poisson-n06-p045,pretrain_arm,10369,,17,6,6,poisson,,0.0,,,59edbee0911469428d6bda885a0c284bcbccab6cfd96b41ccdb3a77d9fdbbdd1,100000,200197466,99938,62,0.00062,0.9672493307183019,22035.15009106739,22022.0,0.9989507598702034,0.9738970301961685,37484,0,37472
59f118b9bbb330a5,comments0720-fixed-arm-confirmation,poisson-n06-p045,pretrain_arm,10357,,22,6,6,poisson,,0.0,,,59f118b9bbb330a55742d71fa460cc1c39a3cea35f56fee43d7ee8cb76fb6a85,100000,200185435,99937,63,0.00063,0.9674076937715274,22036.031743807856,22022.0,0.9989585957064949,0.9739499298260074,37478,0,37465
5a3fc8503ea43c58,comments0720-fixed-arm-confirmation,poisson-n06-p045,pretrain_arm,10313,,7,6,6,poisson,,0.0,,,5a3fc8503ea43c583aceccca5fd729427bd8c000e31ec9cd78a7fe98d49000b8,100000,200185409,99915,85,0.00085,0.9671946020801147,22039.459705914738,22022.0,0.998955005655334,0.973822702578483,37483,0,37470
5a966088fb665dfe,comments0720-fixed-arm-confirmation,poisson-n04-p025,pretrain_arm,10103,,0,4,4,poisson,,0.0,,,5a966088fb665dfeab76f8304b060edbfb41c27ee04c0789283f6b43ce44c322,100000,380420771,75830,24170,0.2417,0.3862716975567036,38131.47937274142,118224.0,0.9984783223612392,0.6556756733059811,24989,0,24062
5a9e3af22cf16b7c,comments0720-fixed-arm-confirmation,poisson-n04-p025,pretrain_arm,10163,,23,4,4,poisson,,0.0,,,5a9e3af22cf16b7cee58e9183f48d2d6af43dbf0d13ce2d03236578a266972db,100000,353359882,70779,29221,0.29221,0.38815084277167605,37933.52580859391,116295.0,0.9988537770686687,0.6450857066134483,24992,0,23891
5aa3212dd43fa77c,comments0720-fixed-arm-confirmation,poisson-n06-p045,pretrain_arm,10321,,22,6,6,poisson,,0.0,,,5aa3212dd43fa77c9f1e35c203cf7535768e6dcabc3486111f163f6218a6293b,100000,200185376,99940,60,0.0006,0.9674301333579931,22034.725422304058,22022.0,0.9989843912777818,0.973973508211925,37482,0,37469
5ae2b20e9dbd46da,comments0720-fixed-arm-confirmation,poisson-n04-p025,pretrain_arm,10303,,8,4,4,poisson,,0.0,,,5ae2b20e9dbd46da72357c973f9313c23ff124c4a8b76a734fa75b771bb6a7d4,100000,347604269,69717,30283,0.30283,0.3886007711832791,37883.586610050355,116242.0,0.9989464970957681,0.6426469227596824,24993,0,23887
5b1f45742842df07,comments0720-fixed-arm-confirmation,poisson-n04-p025,pretrain_arm,10247,,17,4,4,poisson,,0.0,,,5b1f45742842df074297bdd3d3c6a235ccaa78e39b00b9ca53292737277e2c03,100000,386218218,77119,22881,0.22881,0.3868550913359556,38056.54741865622,118218.0,0.9989568230364343,0.6592561381241299,24991,0,24181
5b72036ea3fa7341,comments0720-fixed-arm-confirmation,poisson-n04-p025,pretrain_arm,10259,,2,4,4,poisson,,0.0,,,5b72036ea3fa73414f2ae8970988435ec47bbdbdd3041ba895981685946c2a89,100000,383354846,76814,23186,0.23186,0.38832922174668427,37921.64202015468,118170.0,0.9986380674554867,0.6589107630673902,24990,0,24128
5b781f839b5df5f3,comments0720-fixed-arm-confirmation,poisson-n06-p045,pretrain_arm,10357,,7,6,6,poisson,,0.0,,,5b781f839b5df5f3e98b0de09d9d0d7b9a588b3931e942e1bf014e7762279399,100000,200185441,99940,60,0.0006,0.9674413285629498,22035.310653670644,22022.0,0.9989528997939333,0.9739667427856277,37478,0,37465
5bd47af284136a37,comments0720-fixed-arm-confirmation,poisson-n04-p025,pretrain_arm,10243,,3,4,4,poisson,,0.0,,,5bd47af284136a374eeff2f94667947e5129a0c511c0b3d683d1b273188dafd2,100000,381782738,76587,23413,0.23413,0.38880961663594127,37873.46793507358,116254.0,0.9984476102871791,0.6597172423077067,24991,0,24102
5bdc301b094bd178,comments0720-fixed-arm-confirmation,poisson-n06-p045,pretrain_arm,10357,,20,6,6,poisson,,0.0,,,5bdc301b094bd1784c7628d22999f1788c011cf638102504e0076e4b82bb8c04,100000,200185437,99946,54,0.00054,0.9674560542583325,22033.86719234695,22022.0,0.9989524988137108,0.9739865176906811,37478,0,37465
5bf4c4d801e32c81,comments0720-fixed-arm-confirmation,poisson-n04-p025,pretrain_arm,10337,,13,4,4,poisson,,0.0,,,5bf4c4d801e32c81121425b40a7051c8e176cdca0fea0502475448366385c525,100000,378265633,75774,24226,0.24226,0.3880577012398057,37933.08524932028,118200.0,0.9990542302536025,0.6563389771644693,24991,0,24081
5c25446ba3dadc39,comments0720-fixed-arm-confirmation,poisson-n04-p025,pretrain_arm,10181,,22,4,4,poisson,,0.0,,,5c25446ba3dadc3918e23a6503b936bb8e1104d07df9ee2ae47383e7c957731e,100000,352638276,70601,29399,0.29399,0.3879683582618241,37957.011984191064,116309.0,0.9987470386766537,0.6445349656461593,24990,0,23914
5c38c0e924c40923,comments0720-fixed-arm-confirmation,poisson-n06-p045,pretrain_arm,10193,,20,6,6,poisson,,0.0,,,5c38c0e924c40923d33d365508539786b37fc7f0f0df6c79f81c8634270b5a92,100000,200189536,99787,213,0.00213,0.9659760638038544,22072.701919318468,22022.0,0.9989609740729861,0.9730985126256135,37476,0,37460
5c4c78d9ac511051,comments0720-fixed-arm-confirmation,poisson-n04-p025,pretrain_arm,10303,,17,4,4,poisson,,0.0,,,5c4c78d9ac5110511115d1e9522d2f6ce6e197c0c90e95ab5c5ad747bbd7cd39,100000,387440174,77598,22402,0.22402,0.3880643518397759,37941.237698156976,116255.0,0.9990188324341271,0.6621860614246343,24992,0,24175
5cd1d2950f07f710,comments0720-fixed-arm-confirmation,poisson-n04-p025,pretrain_arm,10139,,16,4,4,poisson,,0.0,,,5cd1d2950f07f710aa3638ae3fec0d9397b7ea373b8664a9a71f82732e8bb85b,100000,392130348,77647,22353,0.22353,0.38367877611961826,38395.85055191334,120172.0,0.9989959628046516,0.6582277463080899,24992,0,24159
5d1b661ea7191ca5,comments0720-fixed-arm-confirmation,poisson-n04-p025,pretrain_arm,10181,,17,4,4,poisson,,0.0,,,5d1b661ea7191ca506e72e5759425450f8c2af226b11529c129776aa269ac834,100000,387515016,77565,22435,0.22435,0.3878848606991787,37963.39475482548,118161.0,0.9987664566141624,0.660688939104447,24990,0,24177
5d279bd9ed435076,comments0720-fixed-arm-confirmation,poisson-n06-p045,pretrain_arm,10151,,19,6,6,poisson,,0.0,,,5d279bd9ed43507673aa54e718b36c1efc6342b5f0c3120ccaaabc087bbf8f48,100000,200187441,99896,104,0.00104,0.967049905992854,22045.459653197708,22022.0,0.9989629827272107,0.9737296295733548,37479,0,37466
5d35e033211e9498,comments0720-fixed-arm-confirmation,poisson-n06-p045,pretrain_arm,10177,,1,6,6,poisson,,0.0,,,5d35e033211e9498a486cb7ac020143e48a97c76efe0eca6cb4b9a53d3ad890f,100000,200193515,99864,136,0.00136,0.9666301877960433,22052.749879822135,22022.0,0.9989583106525782,0.9735081661495405,37475,0,37461
5d3bb629268042bf,comments0720-fixed-arm-confirmation,poisson-n06-p045,pretrain_arm,10177,,23,6,6,poisson,,0.0,,,5d3bb629268042bf73fb89de2dcbe570d3ed0a3562376dae529dd897d8969b50,100000,200193526,99888,112,0.00112,0.9668297465323629,22046.81111578357,22022.0,0.9989556520049031,0.973633799512422,37478,0,37464
5d50218f6f9ad1fd,comments0720-fixed-arm-confirmation,poisson-n04-p025,pretrain_arm,10357,,18,4,4,poisson,,0.0,,,5d50218f6f9ad1fd9eaf8676985e11a022cf0826408d15073923e7188464bb83,100000,345691267,69234,30766,0.30766,0.38810454821237933,37938.992315026146,118273.0,0.9989613490859085,0.6399249657660959,24989,0,23881
5d631df978c65a7a,comments0720-fixed-arm-confirmation,poisson-n04-p025,pretrain_arm,10243,,20,4,4,poisson,,0.0,,,5d631df978c65a7a9598dc62a9b852047d0ffa2a4915bf7c4dd3a5e56bab15ce,100000,348876802,69930,30070,0.3007,0.3884767437188329,37908.72056005263,116330.0,0.9983297499314451,0.6428738312167593,24989,0,23896
5d65fc66f3651ba4,comments0720-fixed-arm-confirmation,poisson-n04-p025,pretrain_arm,10267,,20,4,4,poisson,,0.0,,,5d65fc66f3651ba427b7a17311e75e69e973cfa0f7864b6a5150341991a1e84b,100000,354842448,70182,29818,0.29818,0.38326888670320525,38445.81135463277,120190.0,0.9989615926629586,0.6394051597887214,24992,0,23913
5da45e616330d749,comments0720-fixed-arm-confirmation,poisson-n04-p025,pretrain_arm,10139,,10,4,4,poisson,,0.0,,,5da45e616330d749edfd26fd28bc725d64f944e4baa1337491572ec7be4f8e92,100000,355449041,70373,29627,0.29627,0.38364822877662513,38400.753854899456,120207.0,0.9989699831000373,0.6400005706255542,24991,0,23846
5dda2991e504e26e,comments0720-fixed-arm-confirmation,poisson-n04-p025,pretrain_arm,10343,,21,4,4,poisson,,0.0,,,5dda2991e504e26ecc636ebdd138649f0797a3aa2505c533670702f6bac0a531,100000,351713485,69916,30084,0.30084,0.38515029641243353,38241.09697030383,118223.0,0.9991287599544318,0.6407343521222885,24994,0,23906
5e2fd6933d9fb2fa,comments0720-fixed-arm-confirmation,poisson-n06-p045,pretrain_arm,10303,,7,6,6,poisson,,0.0,,,5e2fd6933d9fb2fa12caf30a38c0479508e081139a7202ba58d6734ac9937666,100000,200193511,99905,95,0.00095,0.9670179569406723,22044.00015016067,22022.0,0.9989681679832487,0.9737432083079737,37480,0,37468
5e33cc613afbc9da,comments0720-fixed-arm-confirmation,poisson-n06-p045,pretrain_arm,10169,,23,6,6,poisson,,0.0,,,5e33cc613afbc9da5ed684a49919bddd9b7d4d22a10578fb23f871e959ac4c1c,100000,200187484,99923,77,0.00077,0.9671326005575853,22038.70556795548,22022.0,0.9989831830171529,0.9738314278582461,37477,0,37464
5e3aa48472964f7f,comments0720-fixed-arm-confirmation,poisson-n04-p025,pretrain_arm,10369,,12,4,4,poisson,,0.0,,,5e3aa48472964f7f516ee7f2c635dbbf7ea6f5aa657b7d4c5560fe8c8ee5fbb7,100000,376731930,75493,24507,0.24507,0.3882831460556051,37919.59580049016,118181.0,0.9987100138296815,0.6556095532950955,24992,0,24084
5e51bc846b35a673,comments0720-fixed-arm-confirmation,poisson-n04-p025,pretrain_arm,10253,,2,4,4,poisson,,0.0,,,5e51bc846b35a6737d01682c4224c9511ffd278798ffcb93abbd34fc0cb3dabe,100000,384283624,76628,23372,0.23372,0.3864485440576568,38116.499164708956,118204.0,0.9984624382163744,0.6577376607580104,24990,0,24144
5e588e79c2fa6478,comments0720-fixed-arm-confirmation,poisson-n04-p025,pretrain_arm,10243,,21,4,4,poisson,,0.0,,,5e588e79c2fa6478c0ad984ebc2ccef4af24899113c40545878662421dafe780,100000,348876802,69930,30070,0.3007,0.3884767437188329,37908.72056005263,116330.0,0.9983297499314451,0.6428738312167593,24989,0,23896
5e5d5a656a31dd13,comments0720-fixed-arm-confirmation,poisson-n06-p045,pretrain_arm,10247,,7,6,6,poisson,,0.0,,,5e5d5a656a31dd13cc4b9a8c12532ad16bf18ab533f52f3daca92d6ee4fed254,100000,200187460,99899,101,0.00101,0.9669509019196307,22045.480693183297,22022.0,0.998972772118226,0.9737073913459523,37478,0,37464
5eb03bf467b0d45e,comments0720-fixed-arm-confirmation,poisson-n04-p025,pretrain_arm,10343,,3,4,4,poisson,,0.0,,,5eb03bf467b0d45e7b8ff843c9b74b905097401164bac4ef71d6f1c06957fd77,100000,385339218,76740,23260,0.2326,0.3859106082475104,38167.917674503464,118215.0,0.9990943775224003,0.6580416619233035,24994,0,24110
5eb80e5bac4e26aa,comments0720-fixed-arm-confirmation,poisson-n06-p045,pretrain_arm,10211,,8,6,6,poisson,,0.0,,,5eb80e5bac4e26aa8d70b42fca8bd33cc4d2646cd88c59b89acc233ea9b00271,100000,200193477,99818,182,0.00182,0.9661377678154818,22064.155191070677,22022.0,0.9989766296534494,0.9732351324896437,37478,0,37464
5ef3857b36cf8d75,comments0720-fixed-arm-confirmation,poisson-n06-p045,pretrain_arm,10181,,0,6,6,poisson,,0.0,,,5ef3857b36cf8d7532d3e14125d647cc7d360880bba5d69253e7d3baed357438,100000,200195475,99820,180,0.0018,0.9661448242024452,22063.61152412632,22022.0,0.9989662032806894,0.973239009161045,37477,0,37463
5f0b0dc1c559a1b6,comments0720-fixed-arm-confirmation,poisson-n06-p045,pretrain_arm,10159,,19,6,6,poisson,,0.0,,,5f0b0dc1c559a1b6d97e58f81753fcaf01a6ff5ca932607436e65039a7318914,100000,200201531,99881,119,0.00119,0.9668357531191907,22049.99829777008,22022.0,0.9989762214313974,0.9736251581835295,37479,0,37467
5f53d1609e99471c,comments0720-fixed-arm-confirmation,poisson-n06-p045,pretrain_arm,10211,,10,6,6,poisson,,0.0,,,5f53d1609e99471cad522debe22708c8b0191c83a377c78e862895a717424065,100000,200193477,99834,166,0.00166,0.9663536090139441,22060.29809060127,22022.0,0.9989981568965659,0.9733542553035032,37479,0,37462
5f62a45eaa8caff4,comments0720-fixed-arm-confirmation,poisson-n04-p025,pretrain_arm,10357,,3,4,4,poisson,,0.0,,,5f62a45eaa8caff4130b3da34be9ebfe20ed7e5b104e6fcb1daa08698c28cedf,100000,382284937,76511,23489,0.23489,0.38787569597595734,37968.241336941035,118247.0,0.9989580455968939,0.6580574138576171,24989,0,24144
5fa9bed0fe6679fa,comments0720-fixed-arm-confirmation,poisson-n06-p045,pretrain_arm,10369,,16,6,6,poisson,,0.0,,,5fa9bed0fe6679fa605a16def32624c9c1637181fe3e067a6bf92737b2e63c58,100000,200197466,99938,62,0.00062,0.9672493307183019,22035.15009106739,22022.0,0.9989507598702034,0.9738970301961685,37484,0,37472
601346c3149eeea0,comments0720-fixed-arm-confirmation,poisson-n04-p025,pretrain_arm,10273,,18,4,4,poisson,,0.0,,,601346c3149eeea0a8d971b57a625c1dbf57c0ccfd089349f120f0df30237f82,100000,345905375,69152,30848,0.30848,0.3873982125892088,38013.36029156543,118221.0,0.999024343141306,0.639540185243505,24990,0,23876
6047ed30d476176f,comments0720-fixed-arm-confirmation,poisson-n06-p045,pretrain_arm,10223,,18,6,6,poisson,,0.0,,,6047ed30d476176f2226e7157e8c69dabd6e737ec0597ad604d37eb777b58561,100000,200193448,99894,106,0.00106,0.9669243670751901,22046.563494924012,22022.0,0.9989495649011196,0.97367831065877,37481,0,37466
608b366146beb43e,comments0720-fixed-arm-confirmation,poisson-n04-p025,pretrain_arm,10333,,12,4,4,poisson,,0.0,,,608b366146beb43e224e2f50f4682a3468da0d8ecd946e668739a782299d0108,100000,378754793,75713,24287,0.24287,0.3873864323612665,38018.19542962816,118167.0,0.9987271634148503,0.655875698592039,24992,0,24058
60af6a5caebe6bf5,comments0720-fixed-arm-confirmation,poisson-n06-p045,pretrain_arm,10313,,10,6,6,poisson,,0.0,,,60af6a5caebe6bf540ac0cb636d793dfc0f39110bab6e87b987c685832331a03,100000,200185415,99913,87,0.00087,0.967099086614277,22039.94170228526,22022.0,0.9989428856750276,0.973781824096435,37483,0,37470
60b1576895728863,comments0720-fixed-arm-confirmation,poisson-n04-p025,pretrain_arm,10369,,22,4,4,poisson,,0.0,,,60b15768957288631d1b1cb7eebf7519bcd82c15fc3a01c079828fe11095f89b,100000,352133203,70604,29396,0.29396,0.3885846373879148,37895.18442971273,118161.0,0.9986833206651579,0.6434919860176909,24992,0,23908
61226f9b1abd5199,comments0720-fixed-arm-confirmation,poisson-n06-p045,pretrain_arm,10301,,1,6,6,poisson,,0.0,,,61226f9b1abd51999fb3394fa8a53986dd3c090a932437a3758c1d87d9c0fdfc,100000,200185406,99886,114,0.00114,0.9668335163253609,22047.88316278511,22022.0,0.9989603871750604,0.9736316345001405,37480,0,37468
612506acee6f48da,comments0720-fixed-arm-confirmation,poisson-n06-p045,pretrain_arm,10169,,22,6,6,poisson,,0.0,,,612506acee6f48daa6583d107ccf237ddd1e384ea3395a86f7ee9218b52f64bf,100000,200187484,99923,77,0.00077,0.9671326005575853,22038.70556795548,22022.0,0.9989831830171529,0.9738314278582461,37477,0,37464
624032e734c49942,comments0720-fixed-arm-confirmation,poisson-n04-p025,pretrain_arm,10159,,23,4,4,poisson,,0.0,,,624032e734c49942faf6c4a6e939bdb4058e718fb1ccd009f0ae37ff8dcbbde3,100000,349872255,70554,29446,0.29446,0.39078829786031477,37666.46827601849,116304.0,0.9988111963709461,0.6453821647437537,24991,0,23906
62802d65189350aa,comments0720-fixed-arm-confirmation,poisson-n06-p045,pretrain_arm,10139,,0,6,6,poisson,,0.0,,,62802d65189350aa597780782fc89ccf8a0f7af6ab4e768a1326e3e328f44369,100000,200189458,99827,173,0.00173,0.9663304698092544,22062.28335420528,22022.0,0.9989576003035194,0.9733155233709248,37479,0,37465
628d77d6e4fd94ab,comments0720-fixed-arm-confirmation,poisson-n04-p025,pretrain_arm,10159,,13,4,4,poisson,,0.0,,,628d77d6e4fd94ab8c9849ab099d02d0448f62dc94c5bb955c82e379ac72c0a8,100000,375427508,75591,24409,0.24409,0.39017603100090364,37727.329134858366,116257.0,0.9987761319981052,0.6577902209996696,24991,0,24068
629076650b11d733,comments0720-fixed-arm-confirmation,poisson-n04-p025,pretrain_arm,10331,,17,4,4,poisson,,0.0,,,629076650b11d733f21e248415205283e63fe1ae59d4bfd8a5130fe94ba8b986,100000,385731483,77255,22745,0.22745,0.3881136116649312,37940.69628593991,118218.0,0.9988179168864834,0.6599693428504715,24991,0,24121
6292804cb252cea9,comments0720-fixed-arm-confirmation,poisson-n06-p045,pretrain_arm,10357,,1,6,6,poisson,,0.0,,,6292804cb252cea9104dc363f4c8c8e25911b9f97721f588fd54f7aefe8c8c3c,100000,200185425,99934,66,0.00066,0.9673379168338554,22036.751936510478,22022.0,0.9989590491798978,0.9739193220045844,37477,0,37464
62caf36baad53edb,comments0720-fixed-arm-confirmation,poisson-n04-p025,pretrain_arm,10223,,10,4,4,poisson,,0.0,,,62caf36baad53edb53b1f590042d69b4701c771c962a8aaa9c518b9f4f3551dc,100000,356190277,70671,29329,0.29329,0.38436570237991086,38318.37121265726,118337.0,0.999167402028882,0.6422972014695977,24990,0,23897
62d30c82ea0f596f,comments0720-fixed-arm-confirmation,poisson-n06-p045,pretrain_arm,10267,,17,6,6,poisson,,0.0,,,62d30c82ea0f596f84a1380d80746f4caedbf75769976ee7073262c98bb13a0d,100000,200191459,99865,135,0.00135,0.9666458197899442,22052.943286631347,22022.0,0.99896844562679,0.9735192551389114,37484,0,37469
62d7dff1376e3aa1,comments0720-fixed-arm-confirmation,poisson-n06-p045,pretrain_arm,10301,,20,6,6,poisson,,0.0,,,62d7dff1376e3aa1c5b3b52ab07ba0829b7e68d6fc2dd4c6bef418bc19861ac8,100000,200185430,99908,92,0.00092,0.9671264487130756,22042.5901437495,22022.0,0.998957936966546,0.9737834618932072,37480,0,37468
6325520e43a6ad4a,comments0720-fixed-arm-confirmation,poisson-n04-p025,pretrain_arm,10267,,16,4,4,poisson,,0.0,,,6325520e43a6ad4a2ed106188eae4fea4289e32f447e12450c699acad6265913,100000,390744917,77433,22567,0.22567,0.3840339885982445,38368.02532773652,118253.0,0.998964321201222,0.6590799365998221,24992,0,24136
637e53e5314d6427,comments0720-fixed-arm-confirmation,poisson-n06-p045,pretrain_arm,10313,,18,6,6,poisson,,0.0,,,637e53e5314d6427133a53bbbe5b26df1c0f7e9085bdd02c620f69558cda033d,100000,200185416,99911,89,0.00089,0.967113208686491,22040.42293716654,22022.0,0.9989533822795313,0.9737850303220075,37483,0,37470
63a3e28e94a3d963,comments0720-fixed-arm-confirmation,poisson-n04-p025,pretrain_arm,10267,,9,4,4,poisson,,0.0,,,63a3e28e94a3d963ed4c25a995a888b5c9cda6636247ae0682e129e1221c6e35,100000,352540225,69732,30268,0.30268,0.3832697899934681,38442.238311055014,118308.0,0.9989344211685093,0.6395260703873258,24992,0,23872
63da8c0db09b2478,comments0720-fixed-arm-confirmation,poisson-n04-p025,pretrain_arm,10321,,14,4,4,poisson,,0.0,,,63da8c0db09b24781b699ecce2664c5e98d456ea65060316754b2418ffaa2871,100000,382375593,76631,23369,0.23369,0.38834580375531447,37908.68574709944,118212.0,0.9987938131997074,0.658482705651674,24992,0,24111
64017b3779b9c3d0,comments0720-fixed-arm-confirmation,poisson-n06-p045,pretrain_arm,10141,,22,6,6,poisson,,0.0,,,64017b3779b9c3d0dbde45912bf1507b627708905232c80fc33d338fc26242b8,100000,200193416,99913,87,0.00087,0.9670990678334797,22042.448043563127,22022.0,0.9989550555448209,0.9737858744594335,37480,0,37466
641597d1bc1da341,comments0720-fixed-arm-confirmation,poisson-n06-p045,pretrain_arm,10289,,2,6,6,poisson,,0.0,,,641597d1bc1da341b88875b1a4856d74cf5559cda6a471279a43c6c0ac7c1fa5,100000,200185435,99874,126,0.00126,0.966699700205462,22051.257575454125,22022.0,0.9989227087116208,0.9735444696390276,37483,0,37471
642b8192df614940,comments0720-fixed-arm-confirmation,poisson-n04-p025,pretrain_arm,10159,,9,4,4,poisson,,0.0,,,642b8192df614940ba6ad212f9c81530bdb150ef7c2c1de9f1933facede9e6c6,100000,345778327,69697,30303,0.30303,0.39052343786717436,37682.54823573304,116256.0,0.9988075164909354,0.6431821514527031,24991,0,23903
642cc1c6008e5d47,comments0720-fixed-arm-confirmation,poisson-n04-p025,pretrain_arm,10141,,4,4,4,poisson,,0.0,,,642cc1c6008e5d47d8763022a579a404194524e4ba8a87bc23bfeed0194cd04e,100000,387054324,77628,22372,0.22372,0.38863959830093514,37884.660912136045,118201.0,0.9987974140415716,0.6610816707808356,24992,0,24162
645a073a20f02a54,comments0720-fixed-arm-confirmation,poisson-n06-p045,pretrain_arm,10331,,1,6,6,poisson,,0.0,,,645a073a20f02a5455a6f89ced2acc2541e666fd897c0aa44e94fc26f1df1cd9,100000,200187401,99868,132,0.00132,0.9666750506441711,22052.859137157506,22022.0,0.9989782355310328,0.9735397620584012,37481,0,37468
6470656f339f7197,comments0720-fixed-arm-confirmation,poisson-n04-p025,pretrain_arm,10181,,9,4,4,poisson,,0.0,,,6470656f339f7197c9ab04b7e602c7d2accf3813e8bd39adb3fc815b06238b0c,100000,346999899,69503,30497,0.30497,0.38818105534952907,37938.44298150946,118203.0,0.9988008939294107,0.6406161497596466,24990,0,23891
647c132135a20497,comments0720-fixed-arm-confirmation,poisson-n04-p025,pretrain_arm,10243,,11,4,4,poisson,,0.0,,,647c132135a2049791b02cccf3bfae0f6d2f346443b7fcc9f645b266869b955d,100000,350093925,70180,29820,0.2982,0.38851344535612836,37902.2408938038,118208.0,0.9983250357080066,0.642257493688045,24990,0,23924
649429c06d6e99f8,comments0720-fixed-arm-confirmation,poisson-n06-p045,pretrain_arm,10247,,3,6,6,poisson,,0.0,,,649429c06d6e99f869f81b6f6cbb4cf40edaf5e1bb09e72dd654e2d879db4b71,100000,200187439,99887,113,0.00113,0.9668668422297965,22048.367399249062,22022.0,0.998959285672246,0.9736448759673476,37479,0,37464
649e3cd6edeccb80,comments0720-fixed-arm-confirmation,poisson-n04-p025,pretrain_arm,10267,,22,4,4,poisson,,0.0,,,649e3cd6edeccb80caf971499b010b380ab06806648ff3fa6d27b5b3770dbde4,100000,358098806,70842,29158,0.29158,0.3833053858325347,38434.468461473305,118332.0,0.9989384413251113,0.6422982757192153,24992,0,23919
64fc167fee4a4300,comments0720-fixed-arm-confirmation,poisson-n04-p025,pretrain_arm,10267,,21,4,4,poisson,,0.0,,,64fc167fee4a43005f0fbff734ba4aae0f220091978f73e5ce69acf9c3463d5d,100000,354842448,70182,29818,0.29818,0.38326888670320525,38445.81135463277,120190.0,0.9989615926629586,0.6394051597887214,24992,0,23913
65000d1e553d05b8,comments0720-fixed-arm-confirmation,poisson-n06-p045,pretrain_arm,10267,,0,6,6,poisson,,0.0,,,65000d1e553d05b8c8b070c645a1b5d6e3ce34affd84ce8cfb200f544402ab06,100000,200191443,99874,126,0.00126,0.9667620358778272,22050.513007950973,22022.0,0.9989763968186356,0.9735831442321543,37485,0,37473
655441b544907ff4,comments0720-fixed-arm-confirmation,poisson-n06-p045,pretrain_arm,10273,,16,6,6,poisson,,0.0,,,655441b544907ff41248ccebe15791cf923d3e25680c4689a585a4fedb3db7a0,100000,200185465,99857,143,0.00143,0.9665098462568199,22055.335319745605,22022.0,0.9989595912910886,0.9734509791826362,37480,0,37467
655de621a20f3f7d,comments0720-fixed-arm-confirmation,poisson-n06-p045,pretrain_arm,10223,,0,6,6,poisson,,0.0,,,655de621a20f3f7ddf1f38d7cc8cfd5d67d5045dcd156362a1d31f6add65f63d,100000,200193427,99871,129,0.00129,0.9666929124501176,22052.099480267178,22022.0,0.9989563220369508,0.9735459114956895,37481,0,37468
65aab568b9692953,comments0720-fixed-arm-confirmation,poisson-n06-p045,pretrain_arm,10253,,11,6,6,poisson,,0.0,,,65aab568b9692953da6870e5d549b52b91693cae8d772a7f20d860666a7eaf03,100000,200191473,99891,109,0.00109,0.9669339862442593,22047.56660559277,22022.0,0.9989781769952114,0.9736835544131569,37479,0,37464
660803f6001893d9,comments0720-fixed-arm-confirmation,poisson-n06-p045,pretrain_arm,10343,,19,6,6,poisson,,0.0,,,660803f6001893d9f992010b9bd48d88d2b80824e929be8c42bbca9e9fb8e545,100000,200189456,99897,103,0.00103,0.9669577502623316,22044.757961655905,22022.0,0.9989700669493455,0.9737037724038924,37481,0,37469
6617d58670bed148,comments0720-fixed-arm-confirmation,poisson-n04-p025,pretrain_arm,10211,,9,4,4,poisson,,0.0,,,6617d58670bed14892bc2e5d6085c1f3e85b6246fa085bb9ae407450cd176912,100000,347836766,69560,30440,0.3044,0.3876268991070369,37996.58718656545,118259.0,0.9984465281494385,0.6404184757521585,24989,0,23896
665b3ca618e88d54,comments0720-fixed-arm-confirmation,poisson-n04-p025,pretrain_arm,10343,,19,4,4,poisson,,0.0,,,665b3ca618e88d54bcb0e24a52219527100e943ac04ae85c4c1d284366e7ee7e,100000,348082533,69223,30777,0.30777,0.3853414586591738,38224.942035685905,118227.0,0.9991553492581402,0.6390717693057714,24994,0,23865
666d79bf4698237f,comments0720-fixed-arm-confirmation,poisson-n04-p025,pretrain_arm,10369,,19,4,4,poisson,,0.0,,,666d79bf4698237f9b1e9ea286f7b779f96bafcae0f710ddb232e79737d119ff,100000,345109793,69178,30822,0.30822,0.3885342772640474,37905.84594477375,118206.0,0.9986184430361645,0.6398585734334039,24992,0,23903
66736c2f3d9d7b36,comments0720-fixed-arm-confirmation,poisson-n04-p025,pretrain_arm,10357,,23,4,4,poisson,,0.0,,,66736c2f3d9d7b361622417d3bb9f6278d92e43ae7974fd19f4055265d070c35,100000,351699639,70455,29545,0.29545,0.3881719821725492,37930.47117691314,118263.0,0.9989333371002919,0.642997273090947,24989,0,23882
66859779f631c1ac,comments0720-fixed-arm-confirmation,poisson-n06-p045,pretrain_arm,10169,,18,6,6,poisson,,0.0,,,66859779f631c1acdb08a05177c0b31d4487e9ca95d38509ede4c59698c11851,100000,200187488,99931,69,0.00069,0.9672959480864258,22036.80135910087,22022.0,0.998983627832756,0.9739060253063939,37476,0,37462
668a6d5bc4c20065,comments0720-fixed-arm-confirmation,poisson-n06-p045,pretrain_arm,10169,,0,6,6,poisson,,0.0,,,668a6d5bc4c20065067d36c38493450d85c93fd30ad35a184b695616b27101b1,100000,200187474,99910,90,0.0009,0.9671334631056886,22041.79243828705,22022.0,0.9989897908140875,0.9738014179732586,37476,0,37462
66bf144a92b1c77b,comments0720-fixed-arm-confirmation,poisson-n04-p025,pretrain_arm,10111,,8,4,4,poisson,,0.0,,,66bf144a92b1c77bffa16b371e9e55e02cc1036f47cd491724b0c38a7b56effe,100000,350715744,69846,30154,0.30154,0.3859179472707105,38161.408173200834,118247.0,0.9989146433935658,0.6407278635547587,24991,0,23868
672961eda884b061,comments0720-fixed-arm-confirmation,poisson-n04-p025,pretrain_arm,10253,,5,4,4,poisson,,0.0,,,672961eda884b061a81750d73053124f9bac7fc35abf8b06c2e5380a34ab8c2c,100000,387792803,77349,22651,0.22651,0.38659984104965456,38104.566659339805,118226.0,0.9984435912941217,0.6595696441145922,24990,0,24155
679cab129c03cd8a,comments0720-fixed-arm-confirmation,poisson-n06-p045,pretrain_arm,10289,,0,6,6,poisson,,0.0,,,679cab129c03cd8a5efa1ee1c5afe7f1c07151633c8c62d2c404af569d25e260,100000,200185425,99856,144,0.00144,0.9665554822485204,22055.592354072352,22022.0,0.9989316747761862,0.9734543856749022,37484,0,37471
68251afd2c6fbaff,comments0720-fixed-arm-confirmation,poisson-n06-p045,pretrain_arm,10181,,17,6,6,poisson,,0.0,,,68251afd2c6fbaffc4efbb7219014a7645cb8da82829b7072227e145e867621c,100000,200195487,99836,164,0.00164,0.966345505081241,22059.756281054655,22022.0,0.9989735823273678,0.9733483624695363,37477,0,37462
682ecb138807f83e,comments0720-fixed-arm-confirmation,poisson-n06-p045,pretrain_arm,10243,,14,6,6,poisson,,0.0,,,682ecb138807f83e44acd51591dfec0a96a642edc0df2cab7b523c475aab5cae,100000,200191567,99863,137,0.00137,0.9666183441183613,22052.91760723478,22022.0,0.9989674618052257,0.9735047686411956,37477,0,37464
68833f163bb30d9e,comments0720-fixed-arm-confirmation,poisson-n06-p045,pretrain_arm,10133,,15,6,6,poisson,,0.0,,,68833f163bb30d9e1394d581c95ce655c67cc20c7242d8da4f2c64ac08f28e4d,100000,200185450,99873,127,0.00127,0.9667553411099558,22051.25675689208,22022.0,0.9989512177833101,0.9735700196310887,37479,0,37465
68b67807d57f002c,comments0720-fixed-arm-confirmation,poisson-n04-p025,pretrain_arm,10313,,14,4,4,poisson,,0.0,,,68b67807d57f002c4f73737c7cd5f225f424be0ebedeec339e6e3ff86434d586,100000,386123082,76729,23271,0.23271,0.38502328643486794,38252.46383649848,118233.0,0.9992045552411366,0.6577431138920015,24993,0,24151
6906b2e618a08b15,comments0720-fixed-arm-confirmation,poisson-n04-p025,pretrain_arm,10313,,13,4,4,poisson,,0.0,,,6906b2e618a08b157da3715b59e951e48741821986f9b4dd7106c284cde841bc,100000,381724371,75866,24134,0.24134,0.38505761530222027,38246.2478842047,118221.0,0.9991908788436985,0.6556004980486396,24993,0,24115
691d3087bdf19f7f,comments0720-fixed-arm-confirmation,poisson-n06-p045,pretrain_arm,10289,,18,6,6,poisson,,0.0,,,691d3087bdf19f7f71841e057f9f549b08a577029a3b1fa94935adc1c757b7cf,100000,200185442,99884,116,0.00116,0.96684267879979,22048.85006808715,22022.0,0.9989311798330676,0.973619952877619,37485,0,37473
6940845a6b6178db,comments0720-fixed-arm-confirmation,poisson-n06-p045,pretrain_arm,10211,,14,6,6,poisson,,0.0,,,6940845a6b6178db7562a4bae172f83addc5f6cb8fdf2c6637be08aa66257933,100000,200193445,99789,211,0.00211,0.9658579230703582,22071.14556460908,22022.0,0.9989805725115898,0.9730706651939826,37478,0,37463
6972112531308093,comments0720-fixed-arm-confirmation,poisson-n06-p045,pretrain_arm,10337,,13,6,6,poisson,,0.0,,,697211253130809329a994a4321016ba74132fa47a3629cf16de0132617aad37,100000,200187377,99921,79,0.00079,0.9671950344801211,22039.797775976138,22022.0,0.9989714535791837,0.9738433293531017,37478,0,37464
698d322f4a27b83f,comments0720-fixed-arm-confirmation,poisson-n06-p045,pretrain_arm,10343,,10,6,6,poisson,,0.0,,,698d322f4a27b83f8d7d6f3d5c91a63989b97925d4369b562321e3908eb52503,100000,200189452,99887,113,0.00113,0.9668634639151718,22047.16489612015,22022.0,0.9989664947158696,0.9736461528770137,37481,0,37469
699265046a76f250,comments0720-fixed-arm-confirmation,poisson-n04-p025,pretrain_arm,10271,,18,4,4,poisson,,0.0,,,699265046a76f25036d8892b85213319948413664eeaecfec79850943db568d2,100000,343905110,69319,30681,0.30681,0.3905566218542086,37683.30068820245,116246.0,0.999039180804472,0.6423321008862268,24988,0,23853
69c3d7d284daff3b,comments0720-fixed-arm-confirmation,poisson-n06-p045,pretrain_arm,10141,,21,6,6,poisson,,0.0,,,69c3d7d284daff3b1384556088755b0c9ed93bc2a07ffa6f7ba4f275c8b6b264,100000,200193419,99920,80,0.0008,0.9670397556874735,22040.763932818194,22022.0,0.9989536447515797,0.9737831334796844,37480,0,37467
69f4b27eabc94e70,comments0720-fixed-arm-confirmation,poisson-n06-p045,pretrain_arm,10273,,12,6,6,poisson,,0.0,,,69f4b27eabc94e70e4ede83c06a0ed021c214c5ac0797522072c23e8011b9f44,100000,200185467,99843,157,0.00157,0.9664134509824333,22058.709128427043,22022.0,0.9989568979103797,0.9733829496309376,37480,0,37465
6a3b484580116b85,comments0720-fixed-arm-confirmation,poisson-n04-p025,pretrain_arm,10321,,0,4,4,poisson,,0.0,,,6a3b484580116b85283fe213eebfd36dbbf1fbe02c30ee145f90c9eb25c952a7,100000,377962142,75777,24223,0.24223,0.3885174060633829,37898.298393802215,118214.0,0.9987727700328634,0.6563965586987488,24992,0,24079
6a4973bff97a89ca,comments0720-fixed-arm-confirmation,poisson-n06-p045,pretrain_arm,10223,,19,6,6,poisson,,0.0,,,6a4973bff97a89ca95cae82c213ac1a31de7e14c8353a761762453241ace5390,100000,200193448,99894,106,0.00106,0.9669243670751901,22046.563494924012,22022.0,0.9989495649011196,0.97367831065877,37481,0,37466
6aa855867dbc8329,comments0720-fixed-arm-confirmation,poisson-n04-p025,pretrain_arm,10139,,1,4,4,poisson,,0.0,,,6aa855867dbc8329deb4526c56dec6d7be2a668e1bbccf72c7ff4ac568ed4d21,100000,382839969,75864,24136,0.24136,0.38395413202010786,38363.43135678127,120146.0,0.9990253055212464,0.6538891458471181,24992,0,24102
6ac3ed011607856c,comments0720-fixed-arm-confirmation,poisson-n04-p025,pretrain_arm,10321,,16,4,4,poisson,,0.0,,,6ac3ed011607856c77a61bebbfafacbff5265a76ea105bd12fc1a4bab86107d6,100000,386467216,77475,22525,0.22525,0.3884503854008667,37902.46994203984,118237.0,0.9987883840422926,0.6606090898143865,24992,0,24118
6b3b4f058524bb18,comments0720-fixed-arm-confirmation,poisson-n06-p045,pretrain_arm,10243,,12,6,6,poisson,,0.0,,,6b3b4f058524bb18759a3d700f39dcaa0136c54f8b80c2577874b4e0ee92b007,100000,200191546,99850,150,0.0015,0.9664070729540197,22056.026963681164,22022.0,0.9989519251384587,0.9733966660308262,37478,0,37465
6b3ea2dec049216f,comments0720-fixed-arm-confirmation,poisson-n04-p025,pretrain_arm,10159,,3,4,4,poisson,,0.0,,,6b3ea2dec049216f61a4d1458f651366046c90ba9a97838d7d456244cd5e0a91,100000,380020250,76575,23425,0.23425,0.3904802415134457,37695.30834432589,116245.0,0.998713639287193,0.660338793600213,24991,0,24141
6b8b222eea50f41f,comments0720-fixed-arm-confirmation,poisson-n06-p045,pretrain_arm,10337,,14,6,6,poisson,,0.0,,,6b8b222eea50f41f30074620960b1bfe377e4ef2e61241702fd9320495e98d38,100000,200187386,99904,96,0.00096,0.9670566805842602,22043.889921114805,22022.0,0.9989725341678951,0.9737550715840518,37478,0,37465
6b9c3d4185dd94b8,comments0720-fixed-arm-confirmation,poisson-n04-p025,pretrain_arm,10273,,13,4,4,poisson,,0.0,,,6b9c3d4185dd94b85d8d78ffcae1b7153e8a7449bb9e72452bef2b08af4b5ccf,100000,378870870,75811,24189,0.24189,0.38768755961628826,37979.026159914516,118190.0,0.999021267043973,0.6563037755534203,24990,0,24075
6bc25c189b6d19a2,comments0720-fixed-arm-confirmation,poisson-n06-p045,pretrain_arm,10139,,15,6,6,poisson,,0.0,,,6bc25c189b6d19a238babdecb6e1b8be2f56ac7573a596ff0b63c4a9658f47c6,100000,200189456,99827,173,0.00173,0.9662938891247099,22062.283133797526,22022.0,0.9989389459730915,0.9732971116992672,37479,0,37466
6bc6750f7ef3bd1e,comments0720-fixed-arm-confirmation,poisson-n06-p045,pretrain_arm,10253,,23,6,6,poisson,,0.0,,,6bc6750f7ef3bd1ef3d260e6824051691c3711ae726fd73fee4a1ef11e283b44,100000,200191471,99893,107,0.00107,0.9668303850966757,22047.084870996485,22022.0,0.9989697961284185,0.9736512270750315,37479,0,37463
6c061d4fb54c4c54,comments0720-fixed-arm-confirmation,poisson-n06-p045,pretrain_arm,10151,,16,6,6,poisson,,0.0,,,6c061d4fb54c4c54cc3dc54c8f88e4a8479157e48b0f38b64d3047c1a65fd40c,100000,200187422,99907,93,0.00093,0.9671065297998592,22042.809399869864,22022.0,0.998964165640925,0.9737763984802614,37479,0,37466
6c116d2472865451,comments0720-fixed-arm-confirmation,poisson-n04-p025,pretrain_arm,10267,,15,4,4,poisson,,0.0,,,6c116d2472865451d346906357fa39970a0ce9fae5dd4fb12e016a086cdd827c,100000,388401405,76937,23063,0.23063,0.38380426301496,38380.32449401396,118258.0,0.9989473720214175,0.6577543783454591,24992,0,24154
6c8e1a22b964e9e4,comments0720-fixed-arm-confirmation,poisson-n06-p045,pretrain_arm,10103,,6,6,6,poisson,,0.0,,,6c8e1a22b964e9e474632b3bcc2eee78133be37db9d5378701bdc3fb80f6fa9f,100000,200185521,99890,110,0.0011,0.9668254878433491,22046.73232343459,22022.0,0.9989757675110358,0.9736440851181284,37480,0,37468
6cb49c8f68876a2d,comments0720-fixed-arm-confirmation,poisson-n04-p025,pretrain_arm,10163,,17,4,4,poisson,,0.0,,,6cb49c8f68876a2d05539960d9e59fd4db10b7b7816304828f9cf80d956c4b9b,100000,387368485,77574,22426,0.22426,0.38802573472129515,37941.00956604698,118154.0,0.9988766327673945,0.6607997891628965,24993,0,24148
6cd4c55fbad4fa0d,comments0720-fixed-arm-confirmation,poisson-n04-p025,pretrain_arm,10259,,1,4,4,poisson,,0.0,,,6cd4c55fbad4fa0dd07cf3afb0603cc724b7a51032d2611ecccab2baa4e49b71,100000,377686026,75613,24387,0.24387,0.3879923002499436,37953.1630183189,118194.0,0.9986011621386242,0.6557676541295225,24990,0,24132
6d14a79790e048d0,comments0720-fixed-arm-confirmation,poisson-n04-p025,pretrain_arm,10343,,11,4,4,poisson,,0.0,,,6d14a79790e048d0cef3fcbffd207c71e8b998fb525835645659d8efa87a9d88,100000,353561566,70313,29687,0.29687,0.38536155256196597,38225.07026527274,118259.0,0.9991480975332392,0.6417797166984017,24994,0,23885
6d370d52b16d7ccb,comments0720-fixed-arm-confirmation,poisson-n06-p045,pretrain_arm,10289,,12,6,6,poisson,,0.0,,,6d370d52b16d7ccb2d14a8d3ab7384da855412e269b85252e6802944e0263373,100000,200185416,99853,147,0.00147,0.9665193342555983,22056.314099418076,22022.0,0.9989314846215188,0.973434772959039,37484,0,37472
6d408f05971915a8,comments0720-fixed-arm-confirmation,poisson-n04-p025,pretrain_arm,10133,,19,4,4,poisson,,0.0,,,6d408f05971915a8b32db26d18c714aa4de242d1c4dc4199b295aab5b1971add,100000,348197391,69335,30665,0.30665,0.38576311733478785,38170.49364605421,118244.0,0.9991442260776933,0.6394772811374938,24993,0,23875
6d90631e4b2f520d,comments0720-fixed-arm-confirmation,poisson-n04-p025,pretrain_arm,10271,,9,4,4,poisson,,0.0,,,6d90631e4b2f520da264e58991b9022ab23ab12f81d338e31c4413df08c7aaf0,100000,345246106,69620,30380,0.3038,0.3907228601732585,37662.947293570076,116284.0,0.9990479626765967,0.6431176076166184,24988,0,23924
6da1073e64cc8a8f,comments0720-fixed-arm-confirmation,poisson-n06-p045,pretrain_arm,10259,,21,6,6,poisson,,0.0,,,6da1073e64cc8a8f851b93dc6ca9fcfc1e4c355cb4f47ea84ef7b0d5dcf0a182,100000,200191442,99923,77,0.00077,0.9671284799477092,22038.41887279679,22022.0,0.9989549918559975,0.9738206572679023,37478,0,37464
6e3535aaa428062b,comments0720-fixed-arm-confirmation,poisson-n04-p025,pretrain_arm,10151,,11,4,4,poisson,,0.0,,,6e3535aaa428062b754bc4ad08c5274000dbe2ccaa00276fb0116e3340d6de3d,100000,352619799,70398,29602,0.29602,0.3868222498759918,38063.34564568831,118213.0,0.9990543710238017,0.6424785402999311,24989,0,23938
6e39758b0d6003b0,comments0720-fixed-arm-confirmation,poisson-n04-p025,pretrain_arm,10177,,16,4,4,poisson,,0.0,,,6e39758b0d6003b0ed0944273b7e1ecdb10fbfbc66c86503f79fbb01e88e8d78,100000,388529437,77508,22492,0.22492,0.3865099004068513,38099.154606451615,118232.0,0.9991081997358079,0.6601547000475531,24992,0,24153
6e8a0fa75953c03b,comments0720-fixed-arm-confirmation,poisson-n04-p025,pretrain_arm,10151,,0,4,4,poisson,,0.0,,,6e8a0fa75953c03bcfb7f1cf06fefdeeb8cd8c3988fbf3900ded3bf2ca9a2eea,100000,379542956,75831,24169,0.24169,0.38712008397805703,38033.92649987471,118157.0,0.9990202328957328,0.6561862722912633,24989,0,24063
6f34cf3353c2ae4e,comments0720-fixed-arm-confirmation,poisson-n04-p025,pretrain_arm,10267,,23,4,4,poisson,,0.0,,,6f34cf3353c2ae4e03217639c81cb91f3feb7c49e4fd1508048ba22606be3172,100000,358098806,70842,29158,0.29158,0.3833053858325347,38434.468461473305,118332.0,0.9989384413251113,0.6422982757192153,24992,0,23919
6f3a47a87d8f1b45,comments0720-fixed-arm-confirmation,poisson-n04-p025,pretrain_arm,10177,,2,4,4,poisson,,0.0,,,6f3a47a87d8f1b454fdaf2aeb93de5d17f226158aed94cabd3db7616715030ed,100000,385477953,76889,23111,0.23111,0.3864371433974072,38103.59445116479,118221.0,0.9991314235162848,0.6585980223045639,24991,0,24117
6f638380cf9d32b6,comments0720-fixed-arm-confirmation,poisson-n06-p045,pretrain_arm,10273,,9,6,6,poisson,,0.0,,,6f638380cf9d32b6ef40ffcb36eefc4153607d733d4c1febe6a066fcb20c094a,100000,200185500,99869,131,0.00131,0.966794927704554,22052.44871165767,22022.0,0.9989658294109255,0.9735780857051598,37480,0,37466
6f7cda34ca1aa699,comments0720-fixed-arm-confirmation,poisson-n06-p045,pretrain_arm,10321,,0,6,6,poisson,,0.0,,,6f7cda34ca1aa699636c2437a9020ac1307c074b421570cf2877a4b51e488280,100000,200185377,99931,69,0.00069,0.9673048346583277,22036.890271119606,22022.0,0.9989692529834985,0.9739041958806087,37482,0,37469
6f9d27545425fb24,comments0720-fixed-arm-confirmation,poisson-n04-p025,pretrain_arm,10271,,23,4,4,poisson,,0.0,,,6f9d27545425fb24cd1e23b422a00f2a23f075ad24c43b1ae77f22b405171a6d,100000,349114045,70439,29561,0.29561,0.39087750250781234,37643.23513793642,116283.0,0.9989902702149468,0.6451980909075864,24988,0,23896
6fa3329b3f6901b5,comments0720-fixed-arm-confirmation,poisson-n06-p045,pretrain_arm,10313,,6,6,6,poisson,,0.0,,,6fa3329b3f6901b58d1dcbf2b5305219a3e0fde481f6c30631cc967f8c409ec1,100000,200185409,99915,85,0.00085,0.9671946020801147,22039.459705914738,22022.0,0.998955005655334,0.973822702578483,37483,0,37470
6fc39d32b4c71b4d,comments0720-fixed-arm-confirmation,poisson-n04-p025,pretrain_arm,10139,,5,4,4,poisson,,0.0,,,6fc39d32b4c71b4d0d0890ef8ee605d31a3ca8e99b9a8102212421b731014696,100000,392243647,77670,22330,0.2233,0.3837041215354598,38393.08305220056,120175.0,0.999010065831311,0.6582963957889235,24992,0,24203
6fdf6a0fdb0bc345,comments0720-fixed-arm-confirmation,poisson-n04-p025,pretrain_arm,10313,,5,4,4,poisson,,0.0,,,6fdf6a0fdb0bc3451c7d2e09271d1f6130ddeb40a5e3b7ef80837661cab138aa,100000,390465463,77581,22419,0.22419,0.3849358169739074,38256.28216002991,118232.0,0.9991860555277998,0.659838457500569,24993,0,24198
704ec9786d805887,comments0720-fixed-arm-confirmation,poisson-n06-p045,pretrain_arm,10313,,13,6,6,poisson,,0.0,,,704ec9786d8058870ed7bb7e68a54dd76f3cab3962227dbe4dd2904bb26838d8,100000,200185410,99900,100,0.001,0.966970395095227,22043.069557904855,22022.0,0.9989568609648136,0.973711085353347,37482,0,37469
70f5eda3e8acf38c,comments0720-fixed-arm-confirmation,poisson-n06-p045,pretrain_arm,10169,,4,6,6,poisson,,0.0,,,70f5eda3e8acf38c26c6d4ec4699e95191e6517aa625e48d7370b4d87b1fb0da,100000,200187478,99899,101,0.00101,0.9669901630910201,22044.460540410662,22022.0,0.9989798857874546,0.9737228496261582,37478,0,37465
7109858289c8ae7d,comments0720-fixed-arm-confirmation,poisson-n04-p025,pretrain_arm,10321,,4,4,4,poisson,,0.0,,,7109858289c8ae7d1f35b96bf024cd21dd6e4a6b1263b29041de2c30a25d82a7,100000,386931790,77588,22412,0.22412,0.38856691252998365,37890.19167311163,118214.0,0.9987891927462507,0.660946035092078,24992,0,24151
710d20cfd0d5cb2b,comments0720-fixed-arm-confirmation,poisson-n06-p045,pretrain_arm,10111,,10,6,6,poisson,,0.0,,,710d20cfd0d5cb2b39a9bfc794a82bcff88a795c9df8409da50d6e502cc5d922,100000,200189389,99915,85,0.00085,0.9672529096934304,22040.680259852055,22022.0,0.9989748681225633,0.973848759271998,37483,0,37470
71193f8b18b9b64d,comments0720-fixed-arm-confirmation,poisson-n06-p045,pretrain_arm,10193,,7,6,6,poisson,,0.0,,,71193f8b18b9b64d85aa1221d9197ad3236543d9c12afed11556d2f1096104fe,100000,200189514,99816,184,0.00184,0.9661477923364158,22065.704520860887,22022.0,0.9989606515858105,0.9732281479740754,37476,0,37462
71407e65d39a501d,comments0720-fixed-arm-confirmation,poisson-n04-p025,pretrain_arm,10151,,21,4,4,poisson,,0.0,,,71407e65d39a501d8b7b31bd5d697b77947390d73136979a6756885cf2e830f4,100000,351486440,70162,29838,0.29838,0.3867686503069649,38071.33623171879,116291.0,0.9990402900989146,0.6431473134686265,24989,0,23860
715dd440e8252978,comments0720-fixed-arm-confirmation,poisson-n06-p045,pretrain_arm,10337,,4,6,6,poisson,,0.0,,,715dd440e82529783635709521977131b4b7eab80d916c2ef6331a24f0d67651,100000,200187382,99922,78,0.00078,0.967230876719293,22039.557731958765,22022.0,0.9989844320893609,0.973862102936218,37482,0,37464
717cfcc4eefee08b,comments0720-fixed-arm-confirmation,poisson-n06-p045,pretrain_arm,10267,,20,6,6,poisson,,0.0,,,717cfcc4eefee08b1a5cb13775a40b6e4202165c216a706837bf7d6404139323,100000,200191467,99888,112,0.00112,0.9669780081086073,22047.40520245104,22022.0,0.9989884267752216,0.9736941449612764,37484,0,37471
71fb086852b905bb,comments0720-fixed-arm-confirmation,poisson-n04-p025,pretrain_arm,10331,,20,4,4,poisson,,0.0,,,71fb086852b905bbbcf118fa25335c84c7c73a1c8a42b2418cdc425aee74bc89,100000,351010092,70200,29800,0.298,0.38759769334495375,37998.05942272623,118235.0,0.998783781346646,0.6421371582305332,24992,0,23852
722e70a932d9526c,comments0720-fixed-arm-confirmation,poisson-n04-p025,pretrain_arm,10103,,4,4,4,poisson,,0.0,,,722e70a932d9526c066cb48ec24c03b249cd77ebd1c14a9c30b56df23b25f64d,100000,388477579,77452,22548,0.22548,0.3863550694131565,38119.430530447804,118242.0,0.9985581221892189,0.6597730638674585,24989,0,24116
7231b6a5e5d816f4,comments0720-fixed-arm-confirmation,poisson-n04-p025,pretrain_arm,10313,,10,4,4,poisson,,0.0,,,7231b6a5e5d816f418a4c7723cc34878c0be02d4151e52d2bbb065e2fa7877f0,100000,353358435,70322,29678,0.29678,0.38557256458304157,38193.253306596125,118249.0,0.9992213874023831,0.6419036506618082,24993,0,23941
724fc573338c007d,comments0720-fixed-arm-confirmation,poisson-n04-p025,pretrain_arm,10159,,6,4,4,poisson,,0.0,,,724fc573338c007d1b1586f0f60b055b8e1327e0767c766f0ead5c45176262ba,100000,341401601,68803,31197,0.31197,0.3905525094476637,37690.72396249727,116270.0,0.9988294782530326,0.6409548292335654,24991,0,23809
7278402635b05a7e,comments0720-fixed-arm-confirmation,poisson-n06-p045,pretrain_arm,10133,,12,6,6,poisson,,0.0,,,7278402635b05a7e7714b31a214d378a1e5ff09fa6b4d944ad4056a29a9931f3,100000,200185462,99852,148,0.00148,0.9665889873661255,22056.31698717949,22022.0,0.99896900225935,0.9734679965418253,37479,0,37467
7290c165aaeef867,comments0720-fixed-arm-confirmation,poisson-n04-p025,pretrain_arm,10177,,20,4,4,poisson,,0.0,,,7290c165aaeef86702456c76bc8a660e3b2e18cb252f707ef8f9da0b08208a84,100000,350822771,70113,29887,0.29887,0.38721835419286393,38025.259139861635,118202.0,0.9989511536179534,0.6418710026036057,24992,0,23839
72a3582d3ff5dae7,comments0720-fixed-arm-confirmation,poisson-n06-p045,pretrain_arm,10321,,11,6,6,poisson,,0.0,,,72a3582d3ff5dae74fa9b1480b9b6dcaaa410bd6a0ad4273a6e593648ca2bde7,100000,200185377,99944,56,0.00056,0.9674688326510482,22033.763269022937,22022.0,0.99898302023364,0.9739959509615628,37482,0,37469
72ce309710da1ce7,comments0720-fixed-arm-confirmation,poisson-n06-p045,pretrain_arm,10343,,17,6,6,poisson,,0.0,,,72ce309710da1ce7350e92e106cb078871ca5b1b706b2c4433aba267becf88b7,100000,200189433,99865,135,0.00135,0.9666868980042518,22052.460667180756,22022.0,0.9989715762300598,0.9735339914114373,37481,0,37469
72e719dde2380b37,comments0720-fixed-arm-confirmation,poisson-n06-p045,pretrain_arm,10333,,1,6,6,poisson,,0.0,,,72e719dde2380b37b5fef9fdc7c8fa32c4f5385a5ed5503ff20694152b19c375,100000,200191408,99896,104,0.00104,0.9669405342311195,22046.15685194826,22022.0,0.9989579961843528,0.9736915101384906,37482,0,37469
731e453717829a25,comments0720-fixed-arm-confirmation,poisson-n04-p025,pretrain_arm,10103,,22,4,4,poisson,,0.0,,,731e453717829a254918fa28b8ad336c51bd0fc2136c8a89694d693cda7bfe73,100000,354965492,70679,29321,0.29321,0.3858423257661339,38172.438482545884,118254.0,0.9985219490943945,0.6426495916201761,24987,0,23938
736804821575e2b4,comments0720-fixed-arm-confirmation,poisson-n06-p045,pretrain_arm,10303,,22,6,6,poisson,,0.0,,,736804821575e2b4e2f38fdbdc2b1e2594abc9ea4ac9547c08edb831c21e8104,100000,200193510,99918,82,0.00082,0.9671059516364942,22040.871339058715,22022.0,0.9989702142330336,0.9738057219565092,37481,0,37469
73b9b9f402e66410,comments0720-fixed-arm-confirmation,poisson-n06-p045,pretrain_arm,10333,,13,6,6,poisson,,0.0,,,73b9b9f402e6641008911ebb0f49d0d9224f79e24147399171d758f2fa404728,100000,200191403,99883,117,0.00117,0.9668125359009547,22049.28677994613,22022.0,0.9989651477146696,0.9736187278718748,37482,0,37468
74047dce60d1d087,comments0720-fixed-arm-confirmation,poisson-n04-p025,pretrain_arm,10337,,16,4,4,poisson,,0.0,,,74047dce60d1d0873bc382a916ddccbc2907ff55d68094d383d98554d3b31a01,100000,386634023,77450,22550,0.2255,0.3881350090082476,37934.85977893133,118152.0,0.9990509724337235,0.6605856604806571,24991,0,24143
74472577547bbc6a,comments0720-fixed-arm-confirmation,poisson-n06-p045,pretrain_arm,10253,,2,6,6,poisson,,0.0,,,74472577547bbc6ad0b0e81a2b9747bfd51b4cab68c220a9b259a7047f1dedec,100000,200191451,99870,130,0.0013,0.96664976967473,22052.62117206433,22022.0,0.9989764449048374,0.9735357381931891,37477,0,37463
74d31a6cec51e302,comments0720-fixed-arm-confirmation,poisson-n04-p025,pretrain_arm,10333,,10,4,4,poisson,,0.0,,,74d31a6cec51e3026850965ee7cae66ae5ae8f6956409141dfb67a7175f9c74e,100000,351952298,70291,29709,0.29709,0.3871387820857473,38053.56925572329,118224.0,0.9987015849929475,0.642191622359565,24992,0,23917
74e01b6e61fba986,comments0720-fixed-arm-confirmation,poisson-n04-p025,pretrain_arm,10357,,15,4,4,poisson,,0.0,,,74e01b6e61fba986a0c540634b36653fa0c4491d3350175ecbaa3742e3303b1d,100000,383049577,76652,23348,0.23348,0.3877578854499035,37974.44434006576,118255.0,0.9989542766429664,0.6583640540309567,24989,0,24100
7529c65e103d3fa9,comments0720-fixed-arm-confirmation,poisson-n06-p045,pretrain_arm,10193,,0,6,6,poisson,,0.0,,,7529c65e103d3fa922bcd7f30f40cbb6fe4ed3980ebb2bc71b4caa065d78c9e1,100000,200189462,99763,237,0.00237,0.9656691269793212,22078.484967569246,22022.0,0.9989465526800334,0.9729313932197848,37476,0,37464
754a4639d0623d23,comments0720-fixed-arm-confirmation,poisson-n06-p045,pretrain_arm,10331,,23,6,6,poisson,,0.0,,,754a4639d0623d2387177634eb7816d9b69d31dc976321be0d75c1011f4fb7c8,100000,200187420,99908,92,0.00092,0.9670302659377897,22043.230349563546,22022.0,0.9989756715366784,0.9737573124914894,37482,0,37467
757989d3fcb07eda,comments0720-fixed-arm-confirmation,poisson-n06-p045,pretrain_arm,10223,,21,6,6,poisson,,0.0,,,757989d3fcb07eda3852183f614fd3500dd994ce6de24852b1c8f63635769296,100000,200193436,99895,105,0.00105,0.9669284211696132,22046.321486138782,22022.0,0.9989524453071023,0.9736831221589052,37481,0,37468
7598a80a3b598163,comments0720-fixed-arm-confirmation,poisson-n06-p045,pretrain_arm,10193,,17,6,6,poisson,,0.0,,,7598a80a3b59816314834a675b2893f3ee35567dd9f12a70ea248d7981f7cd62,100000,200189485,99766,234,0.00234,0.9656545847050858,22077.763428032962,22022.0,0.9989498645354726,0.9729351497468529,37476,0,37462
75c50f28f04c8af0,comments0720-fixed-arm-confirmation,poisson-n04-p025,pretrain_arm,10271,,8,4,4,poisson,,0.0,,,75c50f28f04c8af09189b33edc4945df73bc648c8a4a757ae6526e8c616ec43f,100000,345246106,69620,30380,0.3038,0.3907228601732585,37662.947293570076,116284.0,0.9990479626765967,0.6431176076166184,24988,0,23924
75e097988783cc3a,comments0720-fixed-arm-confirmation,poisson-n06-p045,pretrain_arm,10273,,18,6,6,poisson,,0.0,,,75e097988783cc3a541a56cab3ee44e14b28bcc724ac87fb9e3a2b763711db31,100000,200185486,99852,148,0.00148,0.96662192582733,22056.542497996794,22022.0,0.9989751366525795,0.9734810208266366,37480,0,37467
761583347dc261e5,comments0720-fixed-arm-confirmation,poisson-n04-p025,pretrain_arm,10333,,14,4,4,poisson,,0.0,,,761583347dc261e5fea428d5519b530eb8e26f76920696aa946c523e575ee90b,100000,383686076,76680,23320,0.2332,0.38726896359929414,38028.08748956594,118183.0,0.9987338594182529,0.6582456076725155,24992,0,24151
76628ef1b930cae6,comments0720-fixed-arm-confirmation,poisson-n06-p045,pretrain_arm,10211,,2,6,6,poisson,,0.0,,,76628ef1b930cae67dec77e476ea467f994c53d12bde38077d0ed712c9940ed4,100000,200193442,99783,217,0.00217,0.9658275019818082,22072.592797506288,22022.0,0.9989828044440672,0.9730462688086251,37478,0,37463
767c3854f708ae0f,comments0720-fixed-arm-confirmation,poisson-n04-p025,pretrain_arm,10273,,1,4,4,poisson,,0.0,,,767c3854f708ae0f1042bd7f5536e7bfce08291a7ccc5e2e7246a55fe20667c9,100000,378934690,75817,24183,0.24183,0.38766190553839236,37981.22242741627,118188.0,0.9990230643046483,0.6563121566143468,24990,0,24125
767de518b2cfdcbc,comments0720-fixed-arm-confirmation,poisson-n06-p045,pretrain_arm,10337,,15,6,6,poisson,,0.0,,,767de518b2cfdcbc43a5e27799f8758e443c32c69a5f7ec1844a3fa1a568ee15,100000,200187386,99904,96,0.00096,0.9670566805842602,22043.889921114805,22022.0,0.9989725341678951,0.9737550715840518,37478,0,37465
76a897fb6bb20819,comments0720-fixed-arm-confirmation,poisson-n06-p045,pretrain_arm,10253,,4,6,6,poisson,,0.0,,,76a897fb6bb208196427887e5d98282c86c2e070a574aaacec5e4076ae85965f,100000,200191456,99878,122,0.00122,0.9667617583040108,22050.69513147618,22022.0,0.9989787309508319,0.9735938297516142,37479,0,37465
76afb91b42b98626,comments0720-fixed-arm-confirmation,poisson-n06-p045,pretrain_arm,10321,,16,6,6,poisson,,0.0,,,76afb91b42b98626d6e22d612ab499b5dc390d52d4969bc61cfa3719ab6d89cc,100000,200185369,99938,62,0.00062,0.9674121438914949,22035.20546204191,22022.0,0.9989792098136099,0.9739607845683682,37482,0,37469
76de8aa156ee322e,comments0720-fixed-arm-confirmation,poisson-n06-p045,pretrain_arm,10163,,3,6,6,poisson,,0.0,,,76de8aa156ee322e2305464211d16d2aa7ea0b6f4b567d32694dbb8f75444716,100000,200187577,99861,139,0.00139,0.9666068589261161,22053.11422247594,22022.0,0.9989796275865822,0.9734999955042328,37480,0,37467
76ea8a18e74216be,comments0720-fixed-arm-confirmation,poisson-n04-p025,pretrain_arm,10103,,3,4,4,poisson,,0.0,,,76ea8a18e74216be36f4a0c5b3a7dec330030df69fcbf8474a079714cd0542fc,100000,384404210,76629,23371,0.23371,0.3863366168648361,38129.13667271375,118233.0,0.9985274310914196,0.6577051826520852,24989,0,24092
770d1a1713998f6f,comments0720-fixed-arm-confirmation,poisson-n06-p045,pretrain_arm,10259,,5,6,6,poisson,,0.0,,,770d1a1713998f6f4e03d3256f3b1cb3cc0a4103ff1852c77ee1a5698f8fcdf4,100000,200191435,99895,105,0.00105,0.9669352787245868,22045.156703342913,22022.0,0.9989710060931005,0.9736915949392292,37478,0,37466
77372e2c2b28a006,comments0720-fixed-arm-confirmation,poisson-n04-p025,pretrain_arm,10159,,4,4,4,poisson,,0.0,,,77372e2c2b28a0066c3e6d3687c5c28c2fab22dadcf143b739c2988bb7b9e9e9,100000,383706458,77310,22690,0.2269,0.3904645097216477,37700.76206307728,116266.0,0.9986975828940327,0.6621516975385601,24991,0,24190
7769ffcf6bd0fa25,comments0720-fixed-arm-confirmation,poisson-n06-p045,pretrain_arm,10133,,11,6,6,poisson,,0.0,,,7769ffcf6bd0fa25b06f46f037cf61501c7c811b8f2ccb1e2d35456faa3efdbe,100000,200185483,99881,119,0.00119,0.9668357170534688,22049.33403758924,22022.0,0.9989567150490674,0.9736186440341787,37479,0,37464
77acf5387c87699a,comments0720-fixed-arm-confirmation,poisson-n06-p045,pretrain_arm,10357,,2,6,6,poisson,,0.0,,,77acf5387c87699a1582964cabebbba616dc9fb16c30bb24bc324a000040ee3a,100000,200185423,99934,66,0.00066,0.9673840287561797,22036.75182642461,22022.0,0.9989518374778893,0.9739322887446896,37477,0,37464
78097db00332d917,comments0720-fixed-arm-confirmation,poisson-n06-p045,pretrain_arm,10331,,4,6,6,poisson,,0.0,,,78097db00332d9177a5043b3ba897fe1251b680d4fbf4e407b12c66f8a07e33b,100000,200187418,99868,132,0.00132,0.9667320500632063,22052.861180099342,22022.0,0.9989647905654702,0.9735542802095589,37482,0,37467
7830621317252fd1,comments0720-fixed-arm-confirmation,poisson-n06-p045,pretrain_arm,10313,,5,6,6,poisson,,0.0,,,7830621317252fd1543dab803b9e86dabe6cee9a60e8126c2b54ec3a92517787,100000,200185400,99910,90,0.0009,0.9671043692497056,22040.661895133035,22022.0,0.9989594305384812,0.9737815999293955,37482,0,37469
7849e94f0354fe1c,comments0720-fixed-arm-confirmation,poisson-n06-p045,pretrain_arm,10139,,12,6,6,poisson,,0.0,,,7849e94f0354fe1ceef552dec8d4b2bb463e0fb85631b6b71caa09470f74a923,100000,200189446,99817,183,0.00183,0.9661714034614992,22064.69310154802,22022.0,0.9989374502671343,0.9732307845762111,37479,0,37467
785bbc9e20e0abbb,comments0720-fixed-arm-confirmation,poisson-n04-p025,pretrain_arm,10169,,20,4,4,poisson,,0.0,,,785bbc9e20e0abbbbacec84a700110a71251ddcd844a354c4fc8ed3a72a4fb2c,100000,354600525,70329,29671,0.29671,0.38429985403997924,38328.4414612989,118340.0,0.9990315485717425,0.6413729675372407,24993,0,23878
785e3158920b6ec2,comments0720-fixed-arm-confirmation,poisson-n06-p045,pretrain_arm,10259,,4,6,6,poisson,,0.0,,,785e3158920b6ec2df6c5ed0254d3534a8b9250dda7c16afe762d01367639006,100000,200191435,99895,105,0.00105,0.9669352787245868,22045.156703342913,22022.0,0.9989710060931005,0.9736915949392292,37478,0,37466
787e5538ca1b7ba6,comments0720-fixed-arm-confirmation,poisson-n06-p045,pretrain_arm,10301,,12,6,6,poisson,,0.0,,,787e5538ca1b7ba68de1421bee4279dda84e49b3e8d39f0c27d705d1d4fc8d3d,100000,200185413,99878,122,0.00122,0.9668285271115133,22049.81027576953,22022.0,0.9989601839734181,0.9736099036949772,37480,0,37468
789c26319821c143,comments0720-fixed-arm-confirmation,poisson-n06-p045,pretrain_arm,10273,,4,6,6,poisson,,0.0,,,789c26319821c143cb6968598620e086b44af852d6a3db3c13614c5095e01884,100000,200185468,99858,142,0.00142,0.9665948978873931,22055.09461570819,22022.0,0.9989642024482085,0.9734833667785339,37480,0,37467
78a96c9896587262,comments0720-fixed-arm-confirmation,poisson-n04-p025,pretrain_arm,10177,,9,4,4,poisson,,0.0,,,78a96c98965872629b46330a184f482c4937a7d2c6fd4fde1b9913788c18bb60,100000,348966301,69748,30252,0.30252,0.3872996091963619,38022.212102093494,118238.0,0.9989631037779826,0.6409655709914482,24992,0,23869
78c7b685b50faba4,comments0720-fixed-arm-confirmation,poisson-n06-p045,pretrain_arm,10181,,6,6,6,poisson,,0.0,,,78c7b685b50faba4fa98375f2dedf30114b29f6ebbd8670be8c18df4879fdc9c,100000,200195505,99873,127,0.00127,0.9666999216590803,22050.843772844255,22022.0,0.9989830908293982,0.9735621708294929,37478,0,37462
79243bc8b4164d81,comments0720-fixed-arm-confirmation,poisson-n04-p025,pretrain_arm,10337,,8,4,4,poisson,,0.0,,,79243bc8b4164d8146305b9056a8c0139083fe1b20df6104ceee057f883dff44,100000,347008181,69421,30579,0.30579,0.3876079624762507,37988.199645599525,118194.0,0.9990666323397567,0.6403146982720025,24991,0,23837
79afb1df5c0336da,comments0720-fixed-arm-confirmation,poisson-n06-p045,pretrain_arm,10333,,6,6,6,poisson,,0.0,,,79afb1df5c0336dac87c8973c8feb49dc033c4fc592a1cd2f195bdb9a3b93eef,100000,200191430,99888,112,0.00112,0.9668243340886271,22048.08603668549,22022.0,0.9989659320810822,0.9736354220565697,37482,0,37469
79b018c6bc1e93a0,comments0720-fixed-arm-confirmation,poisson-n06-p045,pretrain_arm,10181,,2,6,6,poisson,,0.0,,,79b018c6bc1e93a09d58192a640d6ee8983abeda0703f8e3c49708f05c3fe6b4,100000,200195489,99830,170,0.0017,0.9663197455962657,22061.202718948487,22022.0,0.9989799036403734,0.9733268830788797,37477,0,37462
79f626fbe9e594ba,comments0720-fixed-arm-confirmation,poisson-n06-p045,pretrain_arm,10177,,7,6,6,poisson,,0.0,,,79f626fbe9e594ba5f84d401aaa83a4bb2553356e5b78fe9b89fb0ac68685d27,100000,200193524,99894,106,0.00106,0.9669475921708637,22045.3662021185,22022.0,0.9989651582311885,0.9736912501340175,37476,0,37463
7a55e26b195474a0,comments0720-fixed-arm-confirmation,poisson-n06-p045,pretrain_arm,10139,,1,6,6,poisson,,0.0,,,7a55e26b195474a0ac0f19dcd1420b7065aa041963a243eda4a2c375574f8d16,100000,200189458,99827,173,0.00173,0.9663304698092544,22062.28335420528,22022.0,0.9989576003035194,0.9733155233709248,37479,0,37465
7ab3d0d635d544f3,comments0720-fixed-arm-confirmation,poisson-n04-p025,pretrain_arm,10211,,6,4,4,poisson,,0.0,,,7ab3d0d635d544f364d28a4fc3bdcd8b4dfcbcac8becb5c4b399053ecbe53fec,100000,342688179,68548,31452,0.31452,0.3877209870142617,37983.652144733,118260.0,0.9984949245054162,0.6379353038398926,24989,0,23816
7ab670e72ddfb1f3,comments0720-fixed-arm-confirmation,poisson-n04-p025,pretrain_arm,10139,,23,4,4,poisson,,0.0,,,7ab670e72ddfb1f3470ad56a1ed23f64b876f19c1a047cdcd579272837fde2a9,100000,357221611,70755,29245,0.29245,0.38383548692970876,38381.886299065685,120184.0,0.9989501013216623,0.6410266960837904,24991,0,23912
7b24341ba6c7a98c,comments0720-fixed-arm-confirmation,poisson-n04-p025,pretrain_arm,10163,,2,4,4,poisson,,0.0,,,7b24341ba6c7a98c7985f7eb02aac8b42ceb6cf448b7e60f7bc8b18b8c05ee5f,100000,382945904,76688,23312,0.23312,0.38806073507447675,37944.0017866458,118112.0,0.9988715850973025,0.658622773390593,24992,0,24108
7b3fb0074db852b8,comments0720-fixed-arm-confirmation,poisson-n06-p045,pretrain_arm,10193,,15,6,6,poisson,,0.0,,,7b3fb0074db852b8f72d692f609e3027705ff428a64792f8fdac8948e7e051c4,100000,200189479,99794,206,0.00206,0.9659739311275194,22071.00629372031,22022.0,0.9989568877014303,0.9731139396096499,37476,0,37462
7b4ceb9eb18d0ca2,comments0720-fixed-arm-confirmation,poisson-n06-p045,pretrain_arm,10301,,7,6,6,poisson,,0.0,,,7b4ceb9eb18d0ca293a97ea7b25f20ff71c2571dfb6e35618b8fa22e55b769f2,100000,200185436,99883,117,0.00117,0.9667982689809662,22048.608865436414,22022.0,0.998941917628783,0.9736062288699164,37480,0,37468
7b903f5e3b21451f,comments0720-fixed-arm-confirmation,poisson-n04-p025,pretrain_arm,10321,,9,4,4,poisson,,0.0,,,7b903f5e3b21451fe80862ca09b639dcf02ee07ef4a66f813e3c254b69490ad0,100000,348257170,69898,30102,0.30102,0.38891166835129337,37851.197696380026,118243.0,0.9988184964195969,0.6418263882569635,24993,0,23867
7c11941ef510c411,comments0720-fixed-arm-confirmation,poisson-n04-p025,pretrain_arm,10159,,19,4,4,poisson,,0.0,,,7c11941ef510c4115247a2c690edbbc10c48e455997c19d726269fb79d95bf6d,100000,344283006,69397,30603,0.30603,0.39063239734812816,37683.59359552667,116284.0,0.9988123687730722,0.6424514220404001,24991,0,23857
7c4cde355795c7f6,comments0720-fixed-arm-confirmation,poisson-n04-p025,pretrain_arm,10271,,20,4,4,poisson,,0.0,,,7c4cde355795c7f6ffe218ef21c2c469ffe13e3a4b23027d6379226f9afcf99a,100000,347413198,70121,29879,0.29879,0.3910407341519593,37628.56866772211,116270.0,0.9990093507807701,0.6444725283109098,24988,0,23898
7c77a38cf98b92ea,comments0720-fixed-arm-confirmation,poisson-n04-p025,pretrain_arm,10301,,10,4,4,poisson,,0.0,,,7c77a38cf98b92ea792a89ca80841b9c79c83002970c8a19d05910e7574f0be3,100000,350437606,70367,29633,0.29633,0.3891619782381461,37840.9345073125,118230.0,0.9987305509508879,0.6430616763963446,24989,0,23877
7c78b794ba303218,comments0720-fixed-arm-confirmation,poisson-n06-p045,pretrain_arm,10159,,8,6,6,poisson,,0.0,,,7c78b794ba303218227ae2bda0da02094f6ac3dc2a843dec562a55f2482d0ee3,100000,200201529,99889,111,0.00111,0.9667899839066664,22048.071648127196,22022.0,0.9989598212021424,0.9736244350362695,37479,0,37467
7c943c0cb37040e8,comments0720-fixed-arm-confirmation,poisson-n04-p025,pretrain_arm,10243,,22,4,4,poisson,,0.0,,,7c943c0cb37040e8f27a6ba083f25d649ba633aecff7caed2e9594b1588e0ef1,100000,352166479,70585,29415,0.29415,0.38841330210760916,37908.984725902206,116312.0,0.9983651073270271,0.6445139698115453,24990,0,23939
7cf6f22657c38ac8,comments0720-fixed-arm-confirmation,poisson-n04-p025,pretrain_arm,10271,,6,4,4,poisson,,0.0,,,7cf6f22657c38ac8f8d2a326107b5eeb6be81fe64fc294ea61b2e4c4c57fc55c,100000,339622699,68433,31567,0.31567,0.3903810092505036,37692.534059188896,116277.0,0.9989986226079958,0.6400243772861665,24988,0,23855
7d1c402e54fa2334,comments0720-fixed-arm-confirmation,poisson-n04-p025,pretrain_arm,10181,,14,4,4,poisson,,0.0,,,7d1c402e54fa233474ad66c469768bb54a1e814b5baae1a43966d16a0d3d9249,100000,384033107,76849,23151,0.23151,0.3877688649379909,37974.308168816126,116281.0,0.9987027565969381,0.6600923738449763,24990,0,24193
7daafaf14e4ad608,comments0720-fixed-arm-confirmation,poisson-n04-p025,pretrain_arm,10333,,3,4,4,poisson,,0.0,,,7daafaf14e4ad60836f732fed3ffff28082f28b2aeb88c0b85cdb86058713e99,100000,383764064,76690,23310,0.2331,0.38723828503129465,38029.85498552463,118188.0,0.9987269988781696,0.6582547613031547,24992,0,24135
7dac559793da967b,comments0720-fixed-arm-confirmation,poisson-n04-p025,pretrain_arm,10103,,5,4,4,poisson,,0.0,,,7dac559793da967bf936d2b013dbe3287e36d3d956cf1f90c91a86bfcb743731,100000,388477579,77452,22548,0.22548,0.3863550694131565,38119.430530447804,118242.0,0.9985581221892189,0.6597730638674585,24989,0,24116
7db1c25da611d402,comments0720-fixed-arm-confirmation,poisson-n04-p025,pretrain_arm,10331,,7,4,4,poisson,,0.0,,,7db1c25da611d4027d1579c5b0a17f8a41968e55103a5dfc90dee71c01bee96d,100000,343567751,68717,31283,0.31283,0.3875981567315379,37993.49044521096,118238.0,0.9988402842254954,0.6384466469856779,24992,0,23813
7dc12d2912e41ce3,comments0720-fixed-arm-confirmation,poisson-n06-p045,pretrain_arm,10333,,5,6,6,poisson,,0.0,,,7dc12d2912e41ce3a6c7e30160293b304b668248b9574aa3b5d4c409e93ce205,100000,200191408,99905,95,0.00095,0.9670290195471326,22043.990499834825,22022.0,0.998964157499043,0.9737455590153918,37482,0,37469
7e5dad3dc6df9782,comments0720-fixed-arm-confirmation,poisson-n04-p025,pretrain_arm,10141,,0,4,4,poisson,,0.0,,,7e5dad3dc6df9782f97c4d7b61c9ac9af58b706009a0700edd76b499e9836d7a,100000,377733077,75812,24188,0.24188,0.3889687611339369,37857.17789298718,118177.0,0.9987383483862204,0.6566477031733858,24992,0,24091
7e6a6f10ac018370,comments0720-fixed-arm-confirmation,poisson-n06-p045,pretrain_arm,10193,,5,6,6,poisson,,0.0,,,7e6a6f10ac018370a538b2f9f7f485690844d20409bddfeccf793db5659fbaaa,100000,200189504,99756,244,0.00244,0.9656017530269719,22080.179700032084,22022.0,0.9989619851800678,0.9728965794023465,37476,0,37462
7eaefd49e41b0f0f,comments0720-fixed-arm-confirmation,poisson-n04-p025,pretrain_arm,10159,,22,4,4,poisson,,0.0,,,7eaefd49e41b0f0fc8e8b232e371b4433534c0ba9a212a8fcca68e09bf469df7,100000,349872255,70554,29446,0.29446,0.39078829786031477,37666.46827601849,116304.0,0.9988111963709461,0.6453821647437537,24991,0,23906
7f283ff9a89bbd47,comments0720-fixed-arm-confirmation,poisson-n06-p045,pretrain_arm,10111,,5,6,6,poisson,,0.0,,,7f283ff9a89bbd47857eb8aeaec035ad6d226bb6bcdea0832449906cdb1416fb,100000,200189387,99896,104,0.00104,0.9669045242643157,22045.253043530494,22022.0,0.9989669097425846,0.9736824780023,37483,0,37471
7f5872cd80178530,comments0720-fixed-arm-confirmation,poisson-n06-p045,pretrain_arm,10303,,9,6,6,poisson,,0.0,,,7f5872cd80178530aed602eee7d13e43ccaa1d480de091e49e6087170406903e,100000,200193525,99907,93,0.00093,0.9670340686593135,22043.520016016817,22022.0,0.9989732487485579,0.9737552724692905,37480,0,37468
7ffecce88bedd979,comments0720-fixed-arm-confirmation,poisson-n06-p045,pretrain_arm,10369,,1,6,6,poisson,,0.0,,,7ffecce88bedd9791b4d8b043ca1d75d4e83a1fa8e71beb76bd7af7782d134e3,100000,200197475,99918,82,0.00082,0.9671368932100667,22039.962534782695,22022.0,0.9989467128484406,0.9738082020195024,37483,0,37471
8036adf749740c95,comments0720-fixed-arm-confirmation,poisson-n06-p045,pretrain_arm,10343,,15,6,6,poisson,,0.0,,,8036adf749740c9527948c9ee3334bf3d3e50401e43bcd2594c4da86480d9c49,100000,200189438,99873,127,0.00127,0.966690825117357,22050.534452889515,22022.0,0.9989596839229741,0.973551336346777,37481,0,37469
803baf3649fb12db,comments0720-fixed-arm-confirmation,poisson-n04-p025,pretrain_arm,10243,,13,4,4,poisson,,0.0,,,803baf3649fb12dbb4c68699df7fa3ffd9c8aecd15dcaa7a00cde68efdb09fe4,100000,377511449,75711,24289,0.24289,0.3887317335374377,37885.98356736193,116251.0,0.9984337559332834,0.657498663156907,24990,0,24065
804f6e634783441d,comments0720-fixed-arm-confirmation,poisson-n06-p045,pretrain_arm,10111,,20,6,6,poisson,,0.0,,,804f6e634783441d6e186e344398e883369c3b57100ec859850876ee03a7f6ad,100000,200189382,99926,74,0.00074,0.9671519141809429,22038.03270812899,22022.0,0.9989640035146237,0.9738389725651888,37483,0,37470
804f978ea1ed0b92,comments0720-fixed-arm-confirmation,poisson-n06-p045,pretrain_arm,10247,,10,6,6,poisson,,0.0,,,804f978ea1ed0b926d4f52567cfeee2b56810b87925d459dfd9aa42281cb253d,100000,200187453,99904,96,0.00096,0.9669562957075037,22044.276528650942,22022.0,0.998954581618515,0.9737156257753395,37478,0,37464
8056f01fbc1cb2ec,comments0720-fixed-arm-confirmation,poisson-n06-p045,pretrain_arm,10139,,5,6,6,poisson,,0.0,,,8056f01fbc1cb2ecaab29cf526e23d7181770bfad401ae41a0ddb61a832ca6ae,100000,200189463,99832,168,0.00168,0.966377645960317,22061.098757763975,22022.0,0.9989554937075719,0.973343046555963,37481,0,37469
806d8e0d23db39f1,comments0720-fixed-arm-confirmation,poisson-n06-p045,pretrain_arm,10181,,16,6,6,poisson,,0.0,,,806d8e0d23db39f1e77dceafafdf0f7a091a04ee4c56b47fefb6390e5c78f13e,100000,200195487,99836,164,0.00164,0.966345505081241,22059.756281054655,22022.0,0.9989735823273678,0.9733483624695363,37477,0,37462
8070cebefbb532d0,comments0720-fixed-arm-confirmation,poisson-n06-p045,pretrain_arm,10159,,14,6,6,poisson,,0.0,,,8070cebefbb532d0f85bced4e1badb2174f84fd670a0c5b89d4d0376eee1ce11,100000,200201504,99868,132,0.00132,0.9666498659270811,22053.12602147092,22022.0,0.9989700969758718,0.9735286543009842,37479,0,37467
808dbb5dd3d70090,comments0720-fixed-arm-confirmation,poisson-n06-p045,pretrain_arm,10243,,3,6,6,poisson,,0.0,,,808dbb5dd3d70090a954079d1a2d259cc132602e788fe21c718895e1669b1187,100000,200191568,99850,150,0.0015,0.9665389453365988,22056.04974057974,22022.0,0.9989703033594363,0.9734467495653449,37477,0,37464
80a4318c965c6afe,comments0720-fixed-arm-confirmation,poisson-n06-p045,pretrain_arm,10253,,18,6,6,poisson,,0.0,,,80a4318c965c6afed761065a82c5196a3ab8f8faa6afccffed19d0658432898a,100000,200191465,99891,109,0.00109,0.9668940481553496,22047.565914756855,22022.0,0.9989688637308337,0.9736671372953944,37479,0,37465
80c826f710b10c4b,comments0720-fixed-arm-confirmation,poisson-n04-p025,pretrain_arm,10301,,19,4,4,poisson,,0.0,,,80c826f710b10c4b453b73a4112e30ff94eb9ba1cf4ec16728f6eacdf1bc27df,100000,345881169,69474,30526,0.30526,0.38929842983154717,37826.541819019374,118198.0,0.9987255595932226,0.6408943298082566,24989,0,23810
80ec3d4f7ac2eda8,comments0720-fixed-arm-confirmation,poisson-n06-p045,pretrain_arm,10211,,17,6,6,poisson,,0.0,,,80ec3d4f7ac2eda8a3f33cb39982f1cd037bced3ebeaaa77a8f315fdaaeaefb7,100000,200193456,99791,209,0.00209,0.9659024818473587,22070.664438408883,22022.0,0.9989794238844025,0.9730901352439204,37478,0,37464
80fd07545e544e5a,comments0720-fixed-arm-confirmation,poisson-n06-p045,pretrain_arm,10141,,14,6,6,poisson,,0.0,,,80fd07545e544e5a8fcf918548271ed1b02cc92c4b05dc1e5d1b02e695f567eb,100000,200193396,99905,95,0.00095,0.9670543577771167,22044.371257245253,22022.0,0.9989600333039008,0.9737526303603391,37480,0,37466
80fd807aec8d65fb,comments0720-fixed-arm-confirmation,poisson-n04-p025,pretrain_arm,10259,,5,4,4,poisson,,0.0,,,80fd807aec8d65fb2fa783c2dcff84a609d7bf8aab1879937af0bae6ffc92db6,100000,386293072,77404,22596,0.22596,0.3883036452696206,37917.34738229366,118212.0,0.9986329589614256,0.660347534743682,24990,0,24180
8134cf1148e53625,comments0720-fixed-arm-confirmation,poisson-n04-p025,pretrain_arm,10247,,1,4,4,poisson,,0.0,,,8134cf1148e536251426c250942462cdfc89aba2e60d226ecea5bd15cb594fc0,100000,377915672,75547,24453,0.24453,0.38734882897367645,38013.16012920478,118168.0,0.9989666081483544,0.6555273123740103,24991,0,24119
8180e692fec548b1,comments0720-fixed-arm-confirmation,poisson-n04-p025,pretrain_arm,10337,,18,4,4,poisson,,0.0,,,8180e692fec548b13cd4f9b27a561d26519728d77f863afc26f3115850a64ca6,100000,346160449,69247,30753,0.30753,0.38762046440493264,37984.95726396973,118165.0,0.9990696440338118,0.6399042028129148,24991,0,23832
8184bd602d8aef1b,comments0720-fixed-arm-confirmation,poisson-n06-p045,pretrain_arm,10133,,2,6,6,poisson,,0.0,,,8184bd602d8aef1bd7a94d1de51a8c3dbaaa37927e1846832093d41fe7a15a8f,100000,200185461,99862,138,0.00138,0.9666911774377062,22053.907781672508,22022.0,0.998953497902101,0.9735218917799358,37479,0,37464
81ae818ce855c01d,comments0720-fixed-arm-confirmation,poisson-n04-p025,pretrain_arm,10271,,19,4,4,poisson,,0.0,,,81ae818ce855c01dbb4359d654f8cd8fb6628810e19b134e9c67c704524031a6,100000,343905110,69319,30681,0.30681,0.3905566218542086,37683.30068820245,116246.0,0.999039180804472,0.6423321008862268,24988,0,23853
81d55f26405f1bac,comments0720-fixed-arm-confirmation,poisson-n06-p045,pretrain_arm,10111,,18,6,6,poisson,,0.0,,,81d55f26405f1bac2d278d21a947db269e41392318b59230fc9511f9edaca160,100000,200189389,99920,80,0.0008,0.9671331680821504,22039.47694879289,22022.0,0.9989678780298694,0.9738190153706733,37483,0,37470
81dea777298c8005,comments0720-fixed-arm-confirmation,poisson-n04-p025,pretrain_arm,10177,,21,4,4,poisson,,0.0,,,81dea777298c8005f798aa12053192ccdef743e263bdbbe5bb8d0134e83b2290,100000,350822771,70113,29887,0.29887,0.38721835419286393,38025.259139861635,118202.0,0.9989511536179534,0.6418710026036057,24992,0,23839
8205dd1ef5cb0b40,comments0720-fixed-arm-confirmation,poisson-n06-p045,pretrain_arm,10253,,8,6,6,poisson,,0.0,,,8205dd1ef5cb0b4035d6dbb4464be565363a71ed6bf8f39a828444891ea9ab81,100000,200191474,99866,134,0.00134,0.9666205065256676,22053.58741762974,22022.0,0.9989607653778708,0.9735107573011794,37479,0,37465
823f644b3ed8b997,comments0720-fixed-arm-confirmation,poisson-n06-p045,pretrain_arm,10331,,15,6,6,poisson,,0.0,,,823f644b3ed8b99732db26cf3a1d068cf9c918e38ba2318b9c6caa0ac35dfaa2,100000,200187407,99849,151,0.00151,0.9665012944595461,22057.437402966836,22022.0,0.9989690392570032,0.9734312779055164,37481,0,37467
82feb419b69ce255,comments0720-fixed-arm-confirmation,poisson-n06-p045,pretrain_arm,10177,,9,6,6,poisson,,0.0,,,82feb419b69ce255f581789d0a3a775f5806294b9f84f526707a27304a3e917b,100000,200193538,99892,108,0.00108,0.9669008746925688,22045.849369243093,22022.0,0.9989525562190495,0.9736664769705395,37476,0,37460
83044165cee681c2,comments0720-fixed-arm-confirmation,poisson-n04-p025,pretrain_arm,10169,,7,4,4,poisson,,0.0,,,83044165cee681c2d463a28f31f025b2f449a9180491c74eb8429f2ed0fb9e3e,100000,346342421,68739,31261,0.31261,0.38451844453671474,38303.06867352432,118320.0,0.9990744312781514,0.6374984586049555,24993,0,23822
83470e74bcc82dfd,comments0720-fixed-arm-confirmation,poisson-n06-p045,pretrain_arm,10243,,7,6,6,poisson,,0.0,,,83470e74bcc82dfd16e236d7c46f0fc48acbef6d283565764c21f0115daa139d,100000,200191538,99830,170,0.0017,0.9662988902158292,22060.825843034323,22022.0,0.9989617369798874,0.9733138757319055,37480,0,37468
837422068db4d251,comments0720-fixed-arm-confirmation,poisson-n06-p045,pretrain_arm,10289,,8,6,6,poisson,,0.0,,,837422068db4d2519997c3e2d84bcfeb2d2568ca42b3f444f7979b8943cb0482,100000,200185438,99901,99,0.00099,0.9669531507081949,22044.756689925816,22022.0,0.9989241397930874,0.9736969301670942,37485,0,37471
839b6a9442cea7b2,comments0720-fixed-arm-confirmation,poisson-n06-p045,pretrain_arm,10301,,22,6,6,poisson,,0.0,,,839b6a9442cea7b282bd8075f31c715eb285972b3d334c629c7633f443d08119,100000,200185430,99920,80,0.0008,0.9671564409058142,22039.702135965086,22022.0,0.9989586535577889,0.9738236981545344,37480,0,37468
839cbe56cc924325,comments0720-fixed-arm-confirmation,poisson-n06-p045,pretrain_arm,10253,,15,6,6,poisson,,0.0,,,839cbe56cc9243256dc7ee7c5c16e5893ff1bc3e19cc7630e865784c6854e91e,100000,200191451,99880,120,0.0012,0.966742995433906,22050.21301117475,22022.0,0.9989748136097867,0.9735912696812309,37477,0,37463
83a49f09c1aa4396,comments0720-fixed-arm-confirmation,poisson-n04-p025,pretrain_arm,10273,,12,4,4,poisson,,0.0,,,83a49f09c1aa4396772509e8626286d4a9baa1b64b8e88f5544f942275f3edbb,100000,378870870,75811,24189,0.24189,0.38768755961628826,37979.026159914516,118190.0,0.999021267043973,0.6563037755534203,24990,0,24075
840f0406fdb8fdd6,comments0720-fixed-arm-confirmation,poisson-n04-p025,pretrain_arm,10159,,7,4,4,poisson,,0.0,,,840f0406fdb8fdd69acabc80661ca7fc3ee25a5584e10e6495f3f2fab834551a,100000,341401601,68803,31197,0.31197,0.3905525094476637,37690.72396249727,116270.0,0.9988294782530326,0.6409548292335654,24991,0,23809
8449853dcc9d2590,comments0720-fixed-arm-confirmation,poisson-n06-p045,pretrain_arm,10163,,16,6,6,poisson,,0.0,,,8449853dcc9d259095249998a59fb28cc73f1a95b15d75a90117265668b8e8c0,100000,200187581,99861,139,0.00139,0.9665681009452829,22053.114643111097,22022.0,0.998982300320356,0.9734879670885463,37480,0,37467
84639dcbf57fc49c,comments0720-fixed-arm-confirmation,poisson-n04-p025,pretrain_arm,10223,,12,4,4,poisson,,0.0,,,84639dcbf57fc49ca8d8df76aa99074e06c3cdec5b8ce0cf4a9e46d7f7c3c289,100000,382733063,76025,23975,0.23975,0.3848106114626423,38272.85751871292,118249.0,0.9991730234162449,0.6558910449596291,24990,0,24130
8508ad5550e24735,comments0720-fixed-arm-confirmation,poisson-n04-p025,pretrain_arm,10253,,13,4,4,poisson,,0.0,,,8508ad5550e24735f80c702e7707529ac6fcb655c10a4f102692397b32e8bf6c,100000,380135897,75835,24165,0.24165,0.38660090551774434,38098.54285412848,118191.0,0.998433049835152,0.6558048184509655,24990,0,24100
85494d59ef926ced,comments0720-fixed-arm-confirmation,poisson-n04-p025,pretrain_arm,10193,,0,4,4,poisson,,0.0,,,85494d59ef926ced6fe6de407085314572c45dea688b9b9ec3ee52c15bd305d9,100000,376592256,75519,24481,0.24481,0.3885812511237618,37884.5817430573,116260.0,0.9987936367893264,0.657082462637696,24993,0,24126
85538004d92136ee,comments0720-fixed-arm-confirmation,poisson-n04-p025,pretrain_arm,10103,,12,4,4,poisson,,0.0,,,85538004d92136ee66e875a0f8a8c8282d434dc1a9ef943c0f5391d6bcc14dd3,100000,381222450,75969,24031,0.24031,0.38622646698797514,38142.445807717115,118204.0,0.9985113313597462,0.6560324327825738,24989,0,24107
855839c5c7a4c60e,comments0720-fixed-arm-confirmation,poisson-n04-p025,pretrain_arm,10357,,16,4,4,poisson,,0.0,,,855839c5c7a4c60ee92161c36cc6c09374e3180188dd9cb696c556d4980982d9,100000,387212668,77511,22489,0.22489,0.3878346872680312,37962.845270505655,118247.0,0.9989646419169379,0.6605459430616564,24989,0,24159
85973e77a1961ae4,comments0720-fixed-arm-confirmation,poisson-n06-p045,pretrain_arm,10133,,13,6,6,poisson,,0.0,,,85973e77a1961ae450619b358ecc0cf8e180d0f16564018f5efb3cc8a1d504cd,100000,200185462,99852,148,0.00148,0.9665889873661255,22056.31698717949,22022.0,0.99896900225935,0.9734679965418253,37479,0,37467
859756fbaabc11a9,comments0720-fixed-arm-confirmation,poisson-n04-p025,pretrain_arm,10343,,20,4,4,poisson,,0.0,,,859756fbaabc11a95080c974093f273e48000d20ea28a55a2fc830baac155b23,100000,351713485,69916,30084,0.30084,0.38515029641243353,38241.09697030383,118223.0,0.9991287599544318,0.6407343521222885,24994,0,23906
85a2a9eb6091e9a8,comments0720-fixed-arm-confirmation,poisson-n06-p045,pretrain_arm,10273,,11,6,6,poisson,,0.0,,,85a2a9eb6091e9a89fdae5ceb56f8b2be5de188bcbf16d0007982a858b7f80c3,100000,200185509,99849,151,0.00151,0.9665265781051114,22057.26814707974,22022.0,0.9989553241475324,0.9734351340842146,37480,0,37467
85a96f91dec2a302,comments0720-fixed-arm-confirmation,poisson-n06-p045,pretrain_arm,10337,,21,6,6,poisson,,0.0,,,85a96f91dec2a3020b94f36ea7c34737cf32c26998e257a1eea0534b6c3055ad,100000,200187396,99929,71,0.00071,0.9672935652752085,22037.874976230272,22022.0,0.9989753516426114,0.9738974723059399,37483,0,37467
85af757071dc46c7,comments0720-fixed-arm-confirmation,poisson-n06-p045,pretrain_arm,10259,,19,6,6,poisson,,0.0,,,85af757071dc46c703f62383b8f8e6161e6128706992dda31b59c1ee0c233c0a,100000,200191439,99921,79,0.00079,0.9671815886192816,22038.899598634758,22022.0,0.9989679459889648,0.9738376782027488,37478,0,37466
85dce616441049c3,comments0720-fixed-arm-confirmation,poisson-n06-p045,pretrain_arm,10331,,11,6,6,poisson,,0.0,,,85dce616441049c3c602935575a6616ba189230afab2aad46cb7e116439f0a38,100000,200187426,99892,108,0.00108,0.9669115281995784,22047.08259911894,22022.0,0.9989823425397795,0.9736799569131193,37482,0,37467
85e4f84d93c1a3df,comments0720-fixed-arm-confirmation,poisson-n06-p045,pretrain_arm,10163,,6,6,6,poisson,,0.0,,,85e4f84d93c1a3dfbab284a2d8da8310341ece880fb99bae02136eed6d4f4bad,100000,200187594,99865,135,0.00135,0.9666852981908559,22052.15270447558,22022.0,0.9989784643282219,0.973535754173026,37480,0,37467
863e938b41dcd9e9,comments0720-fixed-arm-confirmation,poisson-n04-p025,pretrain_arm,10303,,23,4,4,poisson,,0.0,,,863e938b41dcd9e9d365d3e6c14f393bec75fc05f883dd6f8f73bb5b2a059f1b,100000,351126411,70407,29593,0.29593,0.38854733715829765,37894.71911532834,116272.0,0.9989724894079359,0.6443427755220779,24992,0,23941
864a24d0a8bbd880,comments0720-fixed-arm-confirmation,poisson-n04-p025,pretrain_arm,10193,,18,4,4,poisson,,0.0,,,864a24d0a8bbd880a6cd5501a1e2dc0a2b63650a9cecc57b451e542da8c15e74,100000,345095919,69203,30797,0.30797,0.3886872362579286,37888.95811836115,116293.0,0.9987867474131952,0.6413034945570412,24993,0,23908
865293d040697efa,comments0720-fixed-arm-confirmation,poisson-n04-p025,pretrain_arm,10243,,10,4,4,poisson,,0.0,,,865293d040697efabd821dc4870e0f2c80907e462d1477a8dff3fec662ae2494,100000,350093925,70180,29820,0.2982,0.38851344535612836,37902.2408938038,118208.0,0.9983250357080066,0.642257493688045,24990,0,23924
867b7079c1254ca6,comments0720-fixed-arm-confirmation,poisson-n06-p045,pretrain_arm,10321,,19,6,6,poisson,,0.0,,,867b7079c1254ca6d5e096b6c391b44453731e9a547086f4f7c622c6e3e9ffc2,100000,200185382,99934,66,0.00066,0.9673729873043377,22036.16902183703,22022.0,0.9989791635770963,0.973937716960478,37482,0,37469
868ac33710075e7d,comments0720-fixed-arm-confirmation,poisson-n04-p025,pretrain_arm,10133,,12,4,4,poisson,,0.0,,,868ac33710075e7da521f4c696907dc4ca5d40b3c12047e67dbcfef50124b455,100000,381729550,75964,24036,0.24036,0.38557407462953813,38195.20577702881,118229.0,0.9991330618250518,0.6559930454848633,24993,0,24126
869017333db08963,comments0720-fixed-arm-confirmation,poisson-n04-p025,pretrain_arm,10243,,17,4,4,poisson,,0.0,,,869017333db089639dcb2ac87027db78f4d87a2761641fdfef4da85cf95f69e6,100000,386547765,77500,22500,0.225,0.3885756861121678,37897.70316935942,116283.0,0.9984200440475444,0.6618932433865707,24990,0,24138
8727ba19af82b36b,comments0720-fixed-arm-confirmation,poisson-n06-p045,pretrain_arm,10247,,20,6,6,poisson,,0.0,,,8727ba19af82b36b0f3ea1ad506c2524de9f9550f121a215988e491b5c3370d2,100000,200187458,99898,102,0.00102,0.966941585321494,22045.72135234167,22022.0,0.9989547966381586,0.9736957939865509,37478,0,37464
873c5a1eb00faa25,comments0720-fixed-arm-confirmation,poisson-n04-p025,pretrain_arm,10151,,14,4,4,poisson,,0.0,,,873c5a1eb00faa2520429030ae6c4d441471c8e3970f3cd1d87c0b42c0db0789,100000,383962061,76715,23285,0.23285,0.3871896004850333,38031.90187336227,116282.0,0.9990653072186005,0.6596844692345446,24989,0,24119
8766e3883aefaa8a,comments0720-fixed-arm-confirmation,poisson-n06-p045,pretrain_arm,10247,,19,6,6,poisson,,0.0,,,8766e3883aefaa8aed129e22e4a4d9bd71849102076c478675bdef9e7ecccdb4,100000,200187457,99888,112,0.00112,0.9669256500920534,22048.128709599903,22022.0,0.9989657625084118,0.9736691375334885,37478,0,37465
87909ef1087a06ca,comments0720-fixed-arm-confirmation,poisson-n06-p045,pretrain_arm,10169,,9,6,6,poisson,,0.0,,,87909ef1087a06caf01daaa1211beef7fd859ac59c0ce0731fa1debc7476b39a,100000,200187489,99928,72,0.00072,0.9672663709768596,22037.523109411904,22022.0,0.9989909228204288,0.9738910979324296,37476,0,37462
87b774a428fc8ba7,comments0720-fixed-arm-confirmation,poisson-n06-p045,pretrain_arm,10337,,5,6,6,poisson,,0.0,,,87b774a428fc8ba7519fd3ed3cdfdf635ccf04246d2a323521715ca7e5c542fd,100000,200187382,99922,78,0.00078,0.967230876719293,22039.557731958765,22022.0,0.9989844320893609,0.973862102936218,37482,0,37464
87e7f00ff548794a,comments0720-fixed-arm-confirmation,poisson-n06-p045,pretrain_arm,10303,,8,6,6,poisson,,0.0,,,87e7f00ff548794a11184269b97466a46d64e1a7527d107f61df534a35a0eeac,100000,200193525,99907,93,0.00093,0.9670340686593135,22043.520016016817,22022.0,0.9989732487485579,0.9737552724692905,37480,0,37468
887422f6d0edde50,comments0720-fixed-arm-confirmation,poisson-n04-p025,pretrain_arm,10177,,22,4,4,poisson,,0.0,,,887422f6d0edde509fc334a7a1865741d06cf191d87645e5fcaec0710657f382,100000,354472758,70821,29179,0.29179,0.38710813427304336,38038.50559925437,118213.0,0.998959798810974,0.6435998110280057,24992,0,23902
887998fc6e7ef4d6,comments0720-fixed-arm-confirmation,poisson-n06-p045,pretrain_arm,10111,,8,6,6,poisson,,0.0,,,887998fc6e7ef4d6bbae52ad4709a78a53cf37685a2f5c828f9cefeea2701e56,100000,200189389,99920,80,0.0008,0.9670926414586339,22039.476968811305,22022.0,0.9989638490660439,0.973804163508226,37483,0,37470
889e3482da181a03,comments0720-fixed-arm-confirmation,poisson-n04-p025,pretrain_arm,10211,,23,4,4,poisson,,0.0,,,889e3482da181a037ac6d7c9cf4f171948caef030f52f22a42ab3f703a68f42f,100000,352109876,70423,29577,0.29577,0.3876205165003665,37992.46720159057,118245.0,0.9984723002493697,0.642591772249912,24989,0,23918
88b67c032e0442c0,comments0720-fixed-arm-confirmation,poisson-n06-p045,pretrain_arm,10177,,15,6,6,poisson,,0.0,,,88b67c032e0442c0cc22be9c7d91e6891e67e6e5bade919d79db4a76d258d069,100000,200193521,99856,144,0.00144,0.9665857168274692,22054.677536957654,22022.0,0.998961851163917,0.9734745226637954,37477,0,37462
88b9499e8e0fde8a,comments0720-fixed-arm-confirmation,poisson-n06-p045,pretrain_arm,10211,,1,6,6,poisson,,0.0,,,88b9499e8e0fde8a767399beeeead64ffda4d36bad99275b680d20828764b594,100000,200193458,99793,207,0.00207,0.9659342564530755,22070.182339323117,22022.0,0.9989782123247839,0.9731053229259533,37478,0,37462
88bca48fcc851b50,comments0720-fixed-arm-confirmation,poisson-n04-p025,pretrain_arm,10111,,9,4,4,poisson,,0.0,,,88bca48fcc851b500cd525878d81bdb061436c25868e1e4a1c25f4657f98b5db,100000,350715744,69846,30154,0.30154,0.3859179472707105,38161.408173200834,118247.0,0.9989146433935658,0.6407278635547587,24991,0,23868
88c9c66937d8818c,comments0720-fixed-arm-confirmation,poisson-n06-p045,pretrain_arm,10253,,17,6,6,poisson,,0.0,,,88c9c66937d8818c0cee4bdc356ea267c2d7eadde4c6a18122c1d89b5367020f,100000,200191454,99874,126,0.00126,0.9667220260061651,22051.65830846568,22022.0,0.9989706049547562,0.9735678769869738,37479,0,37465
88cbc39ef0f06989,comments0720-fixed-arm-confirmation,poisson-n04-p025,pretrain_arm,10111,,21,4,4,poisson,,0.0,,,88cbc39ef0f06989e2f4d64b3631430dd546dc35ae7649274142a879282a531e,100000,352776068,70232,29768,0.29768,0.38576151373170814,38176.45225279107,118252.0,0.9989088589967212,0.641635457576143,24991,0,23888
88f845467536f203,comments0720-fixed-arm-confirmation,poisson-n06-p045,pretrain_arm,10331,,19,6,6,poisson,,0.0,,,88f845467536f203f1a76bd615ec0c6e78ac58c4ca561492cea2958f431155f2,100000,200187422,99903,97,0.00097,0.9669817567259545,22044.43385289966,22022.0,0.9989776588084122,0.9737293051781222,37482,0,37466
8902891908db9f51,comments0720-fixed-arm-confirmation,poisson-n04-p025,pretrain_arm,10333,,17,4,4,poisson,,0.0,,,8902891908db9f5194da26e818b209f1e88050e2c1a9b7d94edc3308584c03b5,100000,387940079,77473,22527,0.22527,0.3870272037553511,38056.9752275221,118200.0,0.9987218265433677,0.6601321767662397,24992,0,24127
8907af78015a6e39,comments0720-fixed-arm-confirmation,poisson-n04-p025,pretrain_arm,10223,,2,4,4,poisson,,0.0,,,8907af78015a6e39c3270d2c5d75352b8c73b9ef17b9dfde1f32213251980338,100000,385931118,76679,23321,0.23321,0.3849146002266653,38262.49829792229,118254.0,0.9991149524551284,0.6575380175605979,24990,0,24137
8934b2f46f68f45f,comments0720-fixed-arm-confirmation,poisson-n04-p025,pretrain_arm,10337,,19,4,4,poisson,,0.0,,,8934b2f46f68f45f7b38f5fc42468de6d78eac3373a5bac1cc72243d862473f6,100000,346160449,69247,30753,0.30753,0.38762046440493264,37984.95726396973,118165.0,0.9990696440338118,0.6399042028129148,24991,0,23832
8949e00b88199e5b,comments0720-fixed-arm-confirmation,poisson-n04-p025,pretrain_arm,10151,,10,4,4,poisson,,0.0,,,8949e00b88199e5b3208f008b53f6474910e19443404f8a1dfe995f56daa0ca8,100000,352619799,70398,29602,0.29602,0.3868222498759918,38063.34564568831,118213.0,0.9990543710238017,0.6424785402999311,24989,0,23938
895e20bcf5298154,comments0720-fixed-arm-confirmation,poisson-n04-p025,pretrain_arm,10343,,1,4,4,poisson,,0.0,,,895e20bcf5298154fb67c67e8c906eceda459eaba1cfca820a0674225030bc09,100000,380287090,75719,24281,0.24281,0.38580961294268495,38175.77278070558,118213.0,0.9991426188939571,0.6554729106122139,24994,0,24075
8989c6fddfb46dd3,comments0720-fixed-arm-confirmation,poisson-n06-p045,pretrain_arm,10163,,18,6,6,poisson,,0.0,,,8989c6fddfb46dd3a0f9a37a1765b67b29c24e1bcbf8b45f05abff11aa71c19b,100000,200187594,99862,138,0.00138,0.9667017277803939,22052.87521281923,22022.0,0.998983498374606,0.9735354087183332,37480,0,37467
89902abeccef835a,comments0720-fixed-arm-confirmation,poisson-n06-p045,pretrain_arm,10223,,15,6,6,poisson,,0.0,,,89902abeccef835adfa8451df56df013328a3a4a8ea5e763fbf0c27b3300f0cc,100000,200193429,99872,128,0.00128,0.9667470154577351,22051.859062687763,22022.0,0.9989533519060065,0.9735654557879139,37481,0,37467
899c104b1474c605,comments0720-fixed-arm-confirmation,poisson-n06-p045,pretrain_arm,10193,,16,6,6,poisson,,0.0,,,899c104b1474c605e368f9a06319ed4a813ad5b1f29a74edb345db17c27638f6,100000,200189485,99766,234,0.00234,0.9656545847050858,22077.763428032962,22022.0,0.9989498645354726,0.9729351497468529,37476,0,37462
89b2f6f745ac2b95,comments0720-fixed-arm-confirmation,poisson-n04-p025,pretrain_arm,10247,,23,4,4,poisson,,0.0,,,89b2f6f745ac2b950b03afb02f552de922be7cf9ff309029eeffdd57c3b5ad53,100000,353549255,70709,29291,0.29291,0.3875289116363716,37996.8762252302,118203.0,0.9990172881416597,0.6434858999260105,24991,0,23965
89b7555308bda9e8,comments0720-fixed-arm-confirmation,poisson-n04-p025,pretrain_arm,10139,,9,4,4,poisson,,0.0,,,89b7555308bda9e88f1cb1b0758de3a952191f905164b422af5f2fb4a9b14774,100000,353617275,69988,30012,0.30012,0.3835439939974652,38410.06884824236,120192.0,0.9989367257071013,0.6390022399015222,24991,0,23854
89c0ecde5778a4d4,comments0720-fixed-arm-confirmation,poisson-n06-p045,pretrain_arm,10331,,9,6,6,poisson,,0.0,,,89c0ecde5778a4d485c514fb5168418f1fbeca5b902b8c67dd452dc7acb11c4c,100000,200187427,99885,115,0.00115,0.9668073410024897,22048.768205621138,22022.0,0.9989736179992278,0.9736248196672391,37481,0,37468
8a1c43c361fe5b5f,comments0720-fixed-arm-confirmation,poisson-n04-p025,pretrain_arm,10163,,3,4,4,poisson,,0.0,,,8a1c43c361fe5b5f2bcfa5114a8c10f3e6c5240860e1c62a77eccd216baaabdd,100000,382945904,76688,23312,0.23312,0.38806073507447675,37944.0017866458,118112.0,0.9988715850973025,0.658622773390593,24992,0,24108
8a6e615c15d98fe7,comments0720-fixed-arm-confirmation,poisson-n04-p025,pretrain_arm,10193,,15,4,4,poisson,,0.0,,,8a6e615c15d98fe7684a99714e7288f30e88a22a3640726e6b03a0694b0e1fd3,100000,381799075,76539,23461,0.23461,0.38849898732730037,37902.07535508487,116282.0,0.9987870919046248,0.6595881930773083,24993,0,24119
8a76ab760d0c7787,comments0720-fixed-arm-confirmation,poisson-n04-p025,pretrain_arm,10303,,5,4,4,poisson,,0.0,,,8a76ab760d0c778720bc8d1c2fb59a950770d6174d80a41e52ffcf26877669ae,100000,386253868,77349,22651,0.22651,0.3879647335984736,37946.26511164841,116254.0,0.9990200838680207,0.6615314391554981,24992,0,24207
8ac0c0dcca1a47a9,comments0720-fixed-arm-confirmation,poisson-n04-p025,pretrain_arm,10211,,5,4,4,poisson,,0.0,,,8ac0c0dcca1a47a90d371b0548088cff7d36818311e397c8c20d4f10fd18b8e4,100000,386922173,77264,22736,0.22736,0.3870566704379591,38058.53496168582,118232.0,0.9984279520571218,0.6595002074983601,24990,0,24150
8aec400f3ee5e2ce,comments0720-fixed-arm-confirmation,poisson-n04-p025,pretrain_arm,10103,,17,4,4,poisson,,0.0,,,8aec400f3ee5e2ce21a1c63349565950ec90e70d538a603d91ac96c27538ac90,100000,388857319,77528,22472,0.22472,0.3863870362177753,38122.2306501548,118252.0,0.9985649385145733,0.6599693249107829,24989,0,24114
8b123ae6203f2dc9,comments0720-fixed-arm-confirmation,poisson-n06-p045,pretrain_arm,10141,,10,6,6,poisson,,0.0,,,8b123ae6203f2dc9eaf8687c602e242a26b4911a3b53650ef786fd972e31b8ec,100000,200193415,99917,83,0.00083,0.9671387393036879,22041.485220959912,22022.0,0.9989551318523688,0.9738091237186857,37480,0,37466
8b2060fed6fbb15a,comments0720-fixed-arm-confirmation,poisson-n06-p045,pretrain_arm,10259,,14,6,6,poisson,,0.0,,,8b2060fed6fbb15aff04c1dfc74eb9c31f40d19a66816f445f54df66fced3fd9,100000,200191427,99911,89,0.00089,0.967084494582278,22041.30455760318,22022.0,0.99896929451693,0.9737807630330694,37478,0,37465
8b26cdbfefecd043,comments0720-fixed-arm-confirmation,poisson-n04-p025,pretrain_arm,10111,,5,4,4,poisson,,0.0,,,8b26cdbfefecd0438976be868a0804603c9fbdab8b3cb67736df91ea22103b54,100000,388690525,77348,22652,0.22652,0.3856725475878271,38197.71375743471,118225.0,0.998961948648497,0.6594314987454414,24991,0,24192
8b63228e8ec39c9a,comments0720-fixed-arm-confirmation,poisson-n04-p025,pretrain_arm,10247,,4,4,4,poisson,,0.0,,,8b63228e8ec39c9a8b538659ead9a82fe5c3ef589bb61049c728e94276c980e2,100000,387494995,77400,22600,0.226,0.3869990165937498,38048.38783078354,118195.0,0.9989780291978262,0.6600290152638586,24991,0,24188
8b7332a44b69fd27,comments0720-fixed-arm-confirmation,poisson-n04-p025,pretrain_arm,10273,,10,4,4,poisson,,0.0,,,8b7332a44b69fd2771cb2aeffb9d07362e06554a89ea458a50a39f92b5393e65,100000,351741748,70382,29618,0.29618,0.38774453636933653,37976.84840992412,118235.0,0.9990330004242144,0.6427241789311837,24990,0,23933
8b9191902a581ea9,comments0720-fixed-arm-confirmation,poisson-n04-p025,pretrain_arm,10139,,22,4,4,poisson,,0.0,,,8b9191902a581ea9a72eab72e248c8ee88e0b3ad12be3f74e32e1d272b8bb0a6,100000,357221611,70755,29245,0.29245,0.38383548692970876,38381.886299065685,120184.0,0.9989501013216623,0.6410266960837904,24991,0,23912
8b931607b59f2a93,comments0720-fixed-arm-confirmation,poisson-n06-p045,pretrain_arm,10301,,15,6,6,poisson,,0.0,,,8b931607b59f2a93fe7207937d575102577c84fdb6e17dc8fd60ccafe0bd41a8,100000,200185414,99894,106,0.00106,0.9669486858817796,22045.957960393265,22022.0,0.9989619925934696,0.9736905594917499,37480,0,37468
8ba80ff5f46dbf4d,comments0720-fixed-arm-confirmation,poisson-n06-p045,pretrain_arm,10111,,9,6,6,poisson,,0.0,,,8ba80ff5f46dbf4d91ac16db8f09ffe91f3592674789a3d565619bc705b6e795,100000,200189389,99920,80,0.0008,0.9670926414586339,22039.476968811305,22022.0,0.9989638490660439,0.973804163508226,37483,0,37470
8befc5ddafebbb60,comments0720-fixed-arm-confirmation,poisson-n04-p025,pretrain_arm,10357,,0,4,4,poisson,,0.0,,,8befc5ddafebbb6057e40c7e4f0d32999bb9e2ab70b975fa50b633dc237dfbc8,100000,377379829,75548,24452,0.24452,0.3879130699378212,37958.45279322213,118234.0,0.9989657776364266,0.6556736158580825,24988,0,24080
8bf017e59aa9ad86,comments0720-fixed-arm-confirmation,poisson-n04-p025,pretrain_arm,10169,,8,4,4,poisson,,0.0,,,8bf017e59aa9ad86d632045af79e548a51290e6e155ceeb4b66a42fd6b56535a,100000,351257524,69656,30344,0.30344,0.3842403785776273,38335.24030840799,120162.0,0.9990368413816632,0.6384577399864302,24993,0,23886
8bfc085eddf0f7b4,comments0720-fixed-arm-confirmation,poisson-n04-p025,pretrain_arm,10343,,4,4,4,poisson,,0.0,,,8bfc085eddf0f7b447e248e0c623a95ba7d7b23695eb52aba3bc21f30193b87b,100000,388933186,77406,22594,0.22594,0.3856481714573978,38193.03177084679,118211.0,0.9990843026554863,0.6596184913709613,24994,0,24111
8cd79486e998c3b9,comments0720-fixed-arm-confirmation,poisson-n04-p025,pretrain_arm,10139,,17,4,4,poisson,,0.0,,,8cd79486e998c3b932f9bd81c749bec7c6fac29e8d377543dde2e69f3b2e3724,100000,392130348,77647,22353,0.22353,0.38367877611961826,38395.85055191334,120172.0,0.9989959628046516,0.6582277463080899,24992,0,24159
8cdc209e6ea46f39,comments0720-fixed-arm-confirmation,poisson-n04-p025,pretrain_arm,10211,,16,4,4,poisson,,0.0,,,8cdc209e6ea46f39c0715b2fa7ebb0814d40c29e9ab854ab738096ecb5005c12,100000,388185813,77501,22499,0.22499,0.3869079007274282,38066.42234782496,118228.0,0.9984095957559475,0.6600396654944585,24990,0,24166
8cf06a5e01046924,comments0720-fixed-arm-confirmation,poisson-n04-p025,pretrain_arm,10151,,5,4,4,poisson,,0.0,,,8cf06a5e0104692477f30abab23cc533966a8217e4a3f0ba9c2c5057789d6ada,100000,388577355,77694,22306,0.22306,0.3874334004872724,38005.50590840048,116279.0,0.9990694300596562,0.6622166101823096,24989,0,24128
8d10050c108192a2,comments0720-fixed-arm-confirmation,poisson-n04-p025,pretrain_arm,10141,,23,4,4,poisson,,0.0,,,8d10050c108192a2dab9cbcce1abfad6565b2542b326b76376b3e7825076558f,100000,352002310,70730,29270,0.2927,0.38936433116021313,37814.51088770114,118136.0,0.9986428236665227,0.644070051608912,24991,0,23884
8d45520fbb33acaa,comments0720-fixed-arm-confirmation,poisson-n04-p025,pretrain_arm,10223,,18,4,4,poisson,,0.0,,,8d45520fbb33acaab03f553110b8bc0238588006e55281291653183cd2f2e076,100000,350721774,69605,30395,0.30395,0.38446385994842736,38309.403954193425,118290.0,0.9991164200702219,0.6396792600062164,24990,0,23861
8d5905980d3499b3,comments0720-fixed-arm-confirmation,poisson-n06-p045,pretrain_arm,10181,,7,6,6,poisson,,0.0,,,8d5905980d3499b399159d5d789deb3d75c78e8dce2624124c2ae6c76fe7c67c,100000,200195505,99873,127,0.00127,0.9666999216590803,22050.843772844255,22022.0,0.9989830908293982,0.9735621708294929,37478,0,37462
8d6e5758807a439f,comments0720-fixed-arm-confirmation,poisson-n04-p025,pretrain_arm,10133,,0,4,4,poisson,,0.0,,,8d6e5758807a439f6bd8eced4ccb4ef8ec9d7cacfdb9e7913086b1f59fd43e08,100000,382087844,76058,23942,0.23942,0.38574704041094804,38186.05368836292,118217.0,0.9991592702549852,0.6563024368886443,24993,0,24088
8dbf875c820495d5,comments0720-fixed-arm-confirmation,poisson-n04-p025,pretrain_arm,10357,,7,4,4,poisson,,0.0,,,8dbf875c820495d5f3244e51020e12103a7031336c88ec028f0ff0370121e6a0,100000,342196496,68532,31468,0.31468,0.3880453235266325,37943.24696456716,118274.0,0.9989663307518665,0.638151218092833,24989,0,23780
8debbd68886e8d5c,comments0720-fixed-arm-confirmation,poisson-n06-p045,pretrain_arm,10321,,8,6,6,poisson,,0.0,,,8debbd68886e8d5ca0dfec8bd1bd23c2d276fb4c9f50711aa9ac1bc36e82f53c,100000,200185376,99944,56,0.00056,0.9673876527324353,22033.763289036546,22022.0,0.9989761800982336,0.9739666109435562,37482,0,37469
8e1251e34647299f,comments0720-fixed-arm-confirmation,poisson-n04-p025,pretrain_arm,10159,,14,4,4,poisson,,0.0,,,8e1251e34647299f8c59fb7e019cee849a288419e05f5c23e549d4a90b2c8ed0,100000,380517380,76694,23306,0.23306,0.3905581053879852,37686.08783871893,116232.0,0.9987311994574982,0.6606767682818279,24991,0,24176
8e302e379d0469cd,comments0720-fixed-arm-confirmation,poisson-n04-p025,pretrain_arm,10243,,18,4,4,poisson,,0.0,,,8e302e379d0469cd1cc549e285527ff0d0182eb630ba03ed8ca572a97d50a96b,100000,344836275,69139,30861,0.30861,0.3886112880670689,37897.198680765505,116295.0,0.9982892919003685,0.6409510266558125,24990,0,23856
8e3543792032afdf,comments0720-fixed-arm-confirmation,poisson-n06-p045,pretrain_arm,10259,,0,6,6,poisson,,0.0,,,8e3543792032afdfd398ddc250227d53bbae170512465010ce09d45306b90ce8,100000,200191432,99899,101,0.00101,0.9670445536350427,22044.1933584951,22022.0,0.998979625430929,0.9737408930219906,37478,0,37466
8e3cb12c26bbbea2,comments0720-fixed-arm-confirmation,poisson-n04-p025,pretrain_arm,10253,,3,4,4,poisson,,0.0,,,8e3cb12c26bbbea2084fe51c344cbe4a2703420db3a157c263e5a09c56a4e6c0,100000,384283624,76628,23372,0.23372,0.3864485440576568,38116.499164708956,118204.0,0.9984624382163744,0.6577376607580104,24990,0,24144
8e83585bbc7de3ae,comments0720-fixed-arm-confirmation,poisson-n04-p025,pretrain_arm,10273,,14,4,4,poisson,,0.0,,,8e83585bbc7de3aed4cd7b7f5312cc228c047df24187e741f6d98618efebd474,100000,383301639,76673,23327,0.23327,0.3875869834201257,37989.06708406704,118177.0,0.9990301508067219,0.6584368780756159,24990,0,24146
8eac916204391acd,comments0720-fixed-arm-confirmation,poisson-n06-p045,pretrain_arm,10267,,8,6,6,poisson,,0.0,,,8eac916204391acdb8ee69d44a713cec3157d8e34f9a24397abc3c2852d48ef7,100000,200191467,99890,110,0.0011,0.9668114925198086,22046.66322913955,22022.0,0.998969157022531,0.9736372165141132,37485,0,37472
8ec4bc8e420e8502,comments0720-fixed-arm-confirmation,poisson-n06-p045,pretrain_arm,10139,,18,6,6,poisson,,0.0,,,8ec4bc8e420e8502f9cc52231e1cdb1912cc18f520e2e0d15440eeb697946c15,100000,200189491,99864,136,0.00136,0.9666213048116497,22053.371049152745,22022.0,0.9989442093224031,0.973500504711351,37482,0,37470
8ef1312fd72a7b03,comments0720-fixed-arm-confirmation,poisson-n04-p025,pretrain_arm,10259,,11,4,4,poisson,,0.0,,,8ef1312fd72a7b03f139678755540bb9171ffdabd506252c600273d4f9871027,100000,352158414,70490,29510,0.2951,0.3878733421374393,37959.84529383389,118218.0,0.998409861350418,0.6428407344959524,24990,0,23909
8efe8a93da460c5a,comments0720-fixed-arm-confirmation,poisson-n06-p045,pretrain_arm,10151,,12,6,6,poisson,,0.0,,,8efe8a93da460c5a9bf6ec21ce578d3fd48ac8c116d4455b0ba59c3515808d27,100000,200187408,99911,89,0.00089,0.9670674990706708,22041.844973423158,22022.0,0.9989562274334006,0.9737707421680238,37479,0,37466
8f8784004c503f71,comments0720-fixed-arm-confirmation,poisson-n06-p045,pretrain_arm,10303,,18,6,6,poisson,,0.0,,,8f8784004c503f71b30a2dd8009bdea9adbcfa9d278ffd90a542d5a3523a8ded,100000,200193513,99905,95,0.00095,0.967017247956481,22044.000100107114,22022.0,0.9989641813665182,0.9737416431076664,37480,0,37468
8fbc5822525b6141,comments0720-fixed-arm-confirmation,poisson-n04-p025,pretrain_arm,10103,,7,4,4,poisson,,0.0,,,8fbc5822525b6141475cc04259794a8b89ae4b54a6267de2013641a84af5e246,100000,344897939,68704,31296,0.31296,0.38600757483795806,38157.277483405145,118246.0,0.9985083889944913,0.6377679879441499,24987,0,23826
8fc697ec55e86486,comments0720-fixed-arm-confirmation,poisson-n06-p045,pretrain_arm,10343,,18,6,6,poisson,,0.0,,,8fc697ec55e86486b007bff535c97a50722ba5394db650ac0afb97e23d85087e,100000,200189456,99897,103,0.00103,0.9669577502623316,22044.757961655905,22022.0,0.9989700669493455,0.9737037724038924,37481,0,37469
8ff764307a2a0962,comments0720-fixed-arm-confirmation,poisson-n04-p025,pretrain_arm,10139,,19,4,4,poisson,,0.0,,,8ff764307a2a0962142edf104cdb8f5badbbb3521bad4dec099acb8da7affd2f,100000,350352227,69341,30659,0.30659,0.3835462989650127,38414.296179308556,120211.0,0.9989386786039993,0.6373734925230039,24991,0,23856
900a0e3825ffb09d,comments0720-fixed-arm-confirmation,poisson-n04-p025,pretrain_arm,10271,,7,4,4,poisson,,0.0,,,900a0e3825ffb09d0d89b845cdc83ea175e0d39b750d57ea4fec69c1816e36fe,100000,339622699,68433,31567,0.31567,0.3903810092505036,37692.534059188896,116277.0,0.9989986226079958,0.6400243772861665,24988,0,23855
904898922291cf10,comments0720-fixed-arm-confirmation,poisson-n04-p025,pretrain_arm,10301,,15,4,4,poisson,,0.0,,,904898922291cf1088a630c65b9199fa3c9eb6d669ddb39be18771694732811e,100000,381715441,76599,23401,0.23401,0.38888927733997536,37866.839576451544,118204.0,0.998689090747885,0.6585542893626201,24990,0,24139
9056606761421a0e,comments0720-fixed-arm-confirmation,poisson-n06-p045,pretrain_arm,10111,,14,6,6,poisson,,0.0,,,9056606761421a0e612a2cd80f2928703a181a73f6f50c658d68c8e96a31b6d0,100000,200189374,99916,84,0.00084,0.9672138791942074,22040.43762011531,22022.0,0.9989722535657598,0.9738373775866557,37483,0,37471
906ba4220075b460,comments0720-fixed-arm-confirmation,poisson-n04-p025,pretrain_arm,10369,,10,4,4,poisson,,0.0,,,906ba4220075b46068deb5deb82322889fc9c6169051e6a1cc01a692d86ba443,100000,351590538,70492,29508,0.29508,0.3885710798053388,37895.88201577663,118185.0,0.9986597995965869,0.6431836264673085,24992,0,23875
907bf3a68e7ffbf2,comments0720-fixed-arm-confirmation,poisson-n06-p045,pretrain_arm,10267,,19,6,6,poisson,,0.0,,,907bf3a68e7ffbf20a60d64e0f84c8e27205b2d33c33fb9c958c342eb89e46a8,100000,200191470,99868,132,0.00132,0.9666814225401312,22052.201950809165,22022.0,0.9989762838169515,0.9735412354523609,37482,0,37469
9099f840ea4be280,comments0720-fixed-arm-confirmation,poisson-n06-p045,pretrain_arm,10211,,12,6,6,poisson,,0.0,,,9099f840ea4be28073d675c15e094caa96662558ea621847b9db704d75f5d117,100000,200193449,99715,285,0.00285,0.9651647392318017,22089.011664643993,22022.0,0.9989799612617883,0.97265440016453,37478,0,37464
90c1d4a8abfb7864,comments0720-fixed-arm-confirmation,poisson-n04-p025,pretrain_arm,10159,,18,4,4,poisson,,0.0,,,90c1d4a8abfb786469190cf760077577a5d40e55718211a7dffc2093ea3b80cc,100000,344283006,69397,30603,0.30603,0.39063239734812816,37683.59359552667,116284.0,0.9988123687730722,0.6424514220404001,24991,0,23857
91067a28f109f7f5,comments0720-fixed-arm-confirmation,poisson-n06-p045,pretrain_arm,10289,,10,6,6,poisson,,0.0,,,91067a28f109f7f50279462a74bb8474488d539180d35ba9f76df13ae15d6074,100000,200185443,99897,103,0.00103,0.9670735798706402,22045.720388446713,22022.0,0.9989337729995018,0.9737302842900473,37485,0,37471
910c0db69b6cff91,comments0720-fixed-arm-confirmation,poisson-n04-p025,pretrain_arm,10103,,10,4,4,poisson,,0.0,,,910c0db69b6cff915003d469bb232cb1cdbd5d8d460440076ebad22ce51ee83d,100000,354173861,70545,29455,0.29455,0.38599635392065257,38159.48211576903,118262.0,0.9985076555133939,0.6423558364780154,24987,0,23903
91779edcc90c9f90,comments0720-fixed-arm-confirmation,poisson-n06-p045,pretrain_arm,10303,,4,6,6,poisson,,0.0,,,91779edcc90c9f900b249fcaff27242b28728f20d7f505109569482794847e8d,100000,200193501,99911,89,0.00089,0.967078501714199,22042.55468022703,22022.0,0.998969664965989,0.973778888893396,37481,0,37469
91bf60e55a8b3d5b,comments0720-fixed-arm-confirmation,poisson-n06-p045,pretrain_arm,10177,,16,6,6,poisson,,0.0,,,91bf60e55a8b3d5b3ab52a19ffa7ed27063f4653e7af9989d3060384da2f3ef5,100000,200193516,99869,131,0.00131,0.9666828120447217,22051.545520093736,22022.0,0.9989512076500897,0.9735358398982704,37475,0,37462
91c91cf3f8da0422,comments0720-fixed-arm-confirmation,poisson-n06-p045,pretrain_arm,10343,,12,6,6,poisson,,0.0,,,91c91cf3f8da0422f8d6bf8625eef22ffcc3b6e13f39a895ca4ca795152bdeea,100000,200189433,99864,136,0.00136,0.9666382740591508,22052.701738573087,22022.0,0.998980237440958,0.9735181705000362,37481,0,37469
91e23c09ae884d42,comments0720-fixed-arm-confirmation,poisson-n06-p045,pretrain_arm,10267,,11,6,6,poisson,,0.0,,,91e23c09ae884d428406985e8e142bdd02e42f3d9c9b99eb675c8adf7d049a1c,100000,200191475,99873,127,0.00127,0.9667271995473333,22050.75752295691,22022.0,0.9989701200759894,0.973566939874441,37485,0,37473
923563586b29cf6f,comments0720-fixed-arm-confirmation,poisson-n04-p025,pretrain_arm,10303,,11,4,4,poisson,,0.0,,,923563586b29cf6f3292608427b0f386dc7093ceaecf769c815190d2679b773b,100000,351129818,70410,29590,0.2959,0.3885018958999375,37893.00730092895,116270.0,0.998966261101208,0.6443343856670485,24992,0,23929
928847d8bee1c06e,comments0720-fixed-arm-confirmation,poisson-n06-p045,pretrain_arm,10331,,17,6,6,poisson,,0.0,,,928847d8bee1c06e529f09014f875bb382b23f699cc1377bba8adcfe17de8102,100000,200187410,99855,145,0.00145,0.9665986387455635,22055.99194735735,22022.0,0.9989729108934975,0.9734800165463535,37481,0,37467
928c859f917b3dcb,comments0720-fixed-arm-confirmation,poisson-n06-p045,pretrain_arm,10139,,7,6,6,poisson,,0.0,,,928c859f917b3dcbe62dc4728381bdb8efe7d63ca2179b34bfbce188d2ac4a84,100000,200189484,99845,155,0.00155,0.9665457552205889,22057.948303667123,22022.0,0.9989628189782854,0.9734340247329581,37482,0,37470
929f1c82acee6903,comments0720-fixed-arm-confirmation,poisson-n04-p025,pretrain_arm,10193,,13,4,4,poisson,,0.0,,,929f1c82acee690324413214363fd65b1b3ad8558d4f1c5746162c33a76feb6d,100000,378916500,75966,24034,0.24034,0.38852084034345297,37898.8531556913,116299.0,0.9987794377997435,0.6581490927143987,24993,0,24112
92ac9b03fecc3d15,comments0720-fixed-arm-confirmation,poisson-n06-p045,pretrain_arm,10223,,23,6,6,poisson,,0.0,,,92ac9b03fecc3d1582777b6560a9cd8c2aebb0b1123981f37ccbf763eba4bacb,100000,200193439,99904,96,0.00096,0.9669724590724474,22044.15548792696,22022.0,0.9989489688361736,0.973719142636207,37481,0,37467
930cbbfbd3a7381d,comments0720-fixed-arm-confirmation,poisson-n06-p045,pretrain_arm,10313,,2,6,6,poisson,,0.0,,,930cbbfbd3a7381d9574b631e2ab2f4ccfe8b421704e715d8cb12f9de53e2672,100000,200185398,99916,84,0.00084,0.9671269230136356,22039.2175588565,22022.0,0.998955600826332,0.9738028412799892,37482,0,37469
9345f5d01feaecbe,comments0720-fixed-arm-confirmation,poisson-n04-p025,pretrain_arm,10301,,13,4,4,poisson,,0.0,,,9345f5d01feaecbe7a2e5cb260a2650af79c64a6389133379b15db934db987e9,100000,378416229,75923,24077,0.24077,0.38881627616451936,37872.10597378647,118197.0,0.9986827476150427,0.6568425079265208,24990,0,24070
93510d487286b651,comments0720-fixed-arm-confirmation,poisson-n04-p025,pretrain_arm,10267,,3,4,4,poisson,,0.0,,,93510d487286b6512bcbdf8413b70c1914ff6bf0e55c93774e548adc2714e573,100000,388079696,76868,23132,0.23132,0.3837454201675112,38385.226151444185,118272.0,0.9989444393243103,0.6575519531639404,24992,0,24125
93a568d61bb86042,comments0720-fixed-arm-confirmation,poisson-n04-p025,pretrain_arm,10273,,9,4,4,poisson,,0.0,,,93a568d61bb8604201ad1002cd3af7b454d474228b2bf7fbc586383acab3ad35,100000,347326173,69430,30570,0.3057,0.3873850589428514,38016.73944858978,118240.0,0.9989932136173352,0.6402077575200621,24990,0,23858
93a7ee996e20a9e3,comments0720-fixed-arm-confirmation,poisson-n06-p045,pretrain_arm,10133,,4,6,6,poisson,,0.0,,,93a7ee996e20a9e37c054a675ae1ef58d19fc89174309f7a3dcec009d01ec0ed,100000,200185459,99871,129,0.00129,0.9666970566528511,22051.739592825885,22022.0,0.9989486702615202,0.9735447423047904,37479,0,37467
93bd505338993f94,comments0720-fixed-arm-confirmation,poisson-n06-p045,pretrain_arm,10313,,15,6,6,poisson,,0.0,,,93bd505338993f9442e7bee6962d58821450f38aac912185d8712ee03b8946b6,100000,200185398,99916,84,0.00084,0.9671269230136356,22039.2175588565,22022.0,0.998955600826332,0.9738028412799892,37482,0,37469
93fa578fa0f4a5f2,comments0720-fixed-arm-confirmation,poisson-n06-p045,pretrain_arm,10163,,20,6,6,poisson,,0.0,,,93fa578fa0f4a5f2fa5eeabfb3ffd59d6fcaf621c596e22f471270bcf5ace8e4,100000,200187587,99884,116,0.00116,0.9669188579609583,22047.576157481577,22022.0,0.9989809273553029,0.9736619284387538,37480,0,37466
942d0daa4314ebd5,comments0720-fixed-arm-confirmation,poisson-n04-p025,pretrain_arm,10331,,15,4,4,poisson,,0.0,,,942d0daa4314ebd53a63fff40dce4bca3845fb505526230933268842cebae9aa,100000,383084825,76714,23286,0.23286,0.38806513674876053,37946.59875368289,118209.0,0.998803214671096,0.6586017838066188,24992,0,24125
9432bcf3120f368d,comments0720-fixed-arm-confirmation,poisson-n06-p045,pretrain_arm,10333,,0,6,6,poisson,,0.0,,,9432bcf3120f368d6d5ba5b0d69d68095af9b293acfdc9cab0d2d1bb3cc4c051,100000,200191408,99896,104,0.00104,0.9669405342311195,22046.15685194826,22022.0,0.9989579961843528,0.9736915101384906,37482,0,37469
94337470582e5e65,comments0720-fixed-arm-confirmation,poisson-n04-p025,pretrain_arm,10369,,14,4,4,poisson,,0.0,,,94337470582e5e65c2942b160f25115d63c5e558e2e2b450dc6fbca23c1cf434,100000,383733509,76880,23120,0.2312,0.3882720104070974,37925.44646945572,116322.0,0.9987816168570277,0.660336542421375,24992,0,24154
94772aa836fbd79b,comments0720-fixed-arm-confirmation,poisson-n04-p025,pretrain_arm,10331,,18,4,4,poisson,,0.0,,,94772aa836fbd79bade00048cbfd41085008d5f77b31fb5492b22caff39fe39f,100000,346305882,69239,30761,0.30761,0.3874530176186843,38007.88323150034,118236.0,0.9988406052775763,0.6397047076320869,24992,0,23839
94819fabfc6205de,comments0720-fixed-arm-confirmation,poisson-n04-p025,pretrain_arm,10247,,22,4,4,poisson,,0.0,,,94819fabfc6205de65d6373b636f9c5cae8a453af6f9ba963b73876f21666ffd,100000,353549255,70709,29291,0.29291,0.3875289116363716,37996.8762252302,118203.0,0.9990172881416597,0.6434858999260105,24991,0,23965
949592404a5b467e,comments0720-fixed-arm-confirmation,poisson-n04-p025,pretrain_arm,10163,,9,4,4,poisson,,0.0,,,949592404a5b467e36418027bb3ac9d092c1a3b26dadf1de051a359ff779da84,100000,347161552,69543,30457,0.30457,0.3881874194409639,37932.08029050119,116307.0,0.9988446538489787,0.6419968577633143,24991,0,23847
9499a1e7a7be5e4e,comments0720-fixed-arm-confirmation,poisson-n06-p045,pretrain_arm,10177,,12,6,6,poisson,,0.0,,,9499a1e7a7be5e4e4bad3a5654ac00c2a742af5bfe583a06efb84b5d29e1de6e,100000,200193512,99885,115,0.00115,0.9667993785932483,22047.691958787662,22022.0,0.9989629627119816,0.9736186137684099,37475,0,37461
94e316a8cf182c66,comments0720-fixed-arm-confirmation,poisson-n06-p045,pretrain_arm,10259,,13,6,6,poisson,,0.0,,,94e316a8cf182c66c41a74af6d344ceee23ad00e216bbe57fffb33ffdc7a7b9e,100000,200191426,99903,97,0.00097,0.9669620665971979,22043.229750427967,22022.0,0.9989715816556491,0.9737207160842823,37478,0,37466
951dbc81d694a6fa,comments0720-fixed-arm-confirmation,poisson-n04-p025,pretrain_arm,10223,,4,4,4,poisson,,0.0,,,951dbc81d694a6fa4d86bcb9cc2c8a86d8ab837cacadc039c3fa1895cd790d79,100000,390738900,77648,22352,0.22352,0.3850721952690147,38255.00243431221,118261.0,0.999087219414496,0.6599991382278368,24990,0,24136
9553af22a3d982a8,comments0720-fixed-arm-confirmation,poisson-n06-p045,pretrain_arm,10321,,10,6,6,poisson,,0.0,,,9553af22a3d982a8f33c66ce15b6eab294f1d2298d3804b353d051f082db8b9b,100000,200185377,99944,56,0.00056,0.9674688326510482,22033.763269022937,22022.0,0.99898302023364,0.9739959509615628,37482,0,37469
9554c75b3415e571,comments0720-fixed-arm-confirmation,poisson-n06-p045,pretrain_arm,10151,,4,6,6,poisson,,0.0,,,9554c75b3415e571d5ae915550ec255ad78b1add04fc43fc150fc597258df948,100000,200187414,99913,87,0.00087,0.9672024186295748,22041.364651004493,22022.0,0.9989654551445146,0.9738237912580299,37479,0,37467
955837049ebd5b40,comments0720-fixed-arm-confirmation,poisson-n04-p025,pretrain_arm,10273,,3,4,4,poisson,,0.0,,,955837049ebd5b40b7b4f55976a10af911c38a3231d48e4b32fd4b0bc0b585f2,100000,383298600,76667,23333,0.23333,0.3875418303119291,37993.42254660249,118181.0,0.999007043380046,0.6583964578973251,24990,0,24139
9582b9ad971eac46,comments0720-fixed-arm-confirmation,poisson-n04-p025,pretrain_arm,10163,,5,4,4,poisson,,0.0,,,9582b9ad971eac46ee92173f66a5460f5d1f55a0dd98967176f84a4e17e4338d,100000,387629396,77616,22384,0.22384,0.3879803094190514,37950.80784197505,118169.0,0.9988873285433346,0.6608832126541287,24993,0,24154
95e4730c4312c61b,comments0720-fixed-arm-confirmation,poisson-n04-p025,pretrain_arm,10273,,22,4,4,poisson,,0.0,,,95e4730c4312c61b05f11fdf8904b658eb9d66b1b1e2818cbbdc6e3266185604,100000,353343322,70703,29297,0.29297,0.38772676167911274,37976.20042435816,118232.0,0.9990195241154296,0.6435182619315142,24990,0,23941
95f0f335900469df,comments0720-fixed-arm-confirmation,poisson-n04-p025,pretrain_arm,10313,,20,4,4,poisson,,0.0,,,95f0f335900469df0650cbb7688a5d7cc947129869ecdb0686da3fef4119c0d2,100000,352510660,70156,29844,0.29844,0.38557534118259007,38188.99833209785,118205.0,0.9992184798072961,0.6415179403299621,24993,0,23930
972af9d2a6f4bc05,comments0720-fixed-arm-confirmation,poisson-n04-p025,pretrain_arm,10267,,12,4,4,poisson,,0.0,,,972af9d2a6f4bc050eaa899c08175b968c76c70b07041b1db93053134d18060b,100000,383643434,75981,24019,0.24019,0.38377114776842497,38390.4822634357,120137.0,0.998951933293828,0.6541021936874176,24992,0,24103
9742e610b8032e64,comments0720-fixed-arm-confirmation,poisson-n04-p025,pretrain_arm,10357,,10,4,4,poisson,,0.0,,,9742e610b8032e6417ddb5a756b5a0db66ff42c9a1d8611fed3db076f5206c59,100000,351728932,70441,29559,0.29559,0.38813642433031353,37939.23315775276,118258.0,0.9989506471612138,0.6429595238305092,24989,0,23874
9747235aa593111d,comments0720-fixed-arm-confirmation,poisson-n06-p045,pretrain_arm,10267,,6,6,6,poisson,,0.0,,,9747235aa593111dce8b9b21a3fcb991056ce6dcc1b9c18a72d7030d9f7e8cd2,100000,200191466,99883,117,0.00117,0.9667728593385694,22048.348639745273,22022.0,0.9989744165613512,0.9736085919666402,37485,0,37473
9764f9407decc62c,comments0720-fixed-arm-confirmation,poisson-n06-p045,pretrain_arm,10369,,18,6,6,poisson,,0.0,,,9764f9407decc62ce7361b2b99a0b8195759b2fd5406831a33606197eec396c2,100000,200197483,99930,70,0.0007,0.9672833299307764,22037.076342600933,22022.0,0.9989556322008792,0.9738899873772184,37484,0,37472
978bb8e5b06a22df,comments0720-fixed-arm-confirmation,poisson-n06-p045,pretrain_arm,10193,,11,6,6,poisson,,0.0,,,978bb8e5b06a22df5f0725081f11771961efc16ac8787f24b2ba974cffe8c13b,100000,200189539,99797,203,0.00203,0.9659576267868822,22070.29000350754,22022.0,0.998954207986819,0.9731151115912338,37476,0,37461
97a74180d925c548,comments0720-fixed-arm-confirmation,poisson-n04-p025,pretrain_arm,10357,,20,4,4,poisson,,0.0,,,97a74180d925c548a8b660ccf412677cc255ad60bbbe6a85e84164ef2dffb37d,100000,349800049,70038,29962,0.29962,0.3879539050607737,37953.95713265743,118296.0,0.9989414570984031,0.6418627873863924,24990,0,23904
98b985907e43176c,comments0720-fixed-arm-confirmation,poisson-n06-p045,pretrain_arm,10337,,8,6,6,poisson,,0.0,,,98b985907e43176ce62fa561e3313f2ce3c9b35427ddf52bf02ece0b6e2c25bf,100000,200187396,99929,71,0.00071,0.9672935652752085,22037.874976230272,22022.0,0.9989753516426114,0.9738974723059399,37483,0,37467
98b9a195c910ee05,comments0720-fixed-arm-confirmation,poisson-n04-p025,pretrain_arm,10321,,11,4,4,poisson,,0.0,,,98b9a195c910ee058899e335866cfa1e008eb928ce0ddc5d2cd450d33204b382,100000,350393661,70334,29666,0.29666,0.38893334888270137,37849.647456132865,118174.0,0.998796938298053,0.6429624290602515,24993,0,23905
98ef66324e123479,comments0720-fixed-arm-confirmation,poisson-n04-p025,pretrain_arm,10141,,7,4,4,poisson,,0.0,,,98ef66324e123479f1f7444df8f8deb57c7ac73aa34056edc64a107962c7ad99,100000,341400743,68612,31388,0.31388,0.38944092163267496,37806.18003323422,118220.0,0.9986702542173879,0.6387537252833543,24991,0,23789
990a50a3137d2188,comments0720-fixed-arm-confirmation,poisson-n06-p045,pretrain_arm,10321,,5,6,6,poisson,,0.0,,,990a50a3137d2188617561f9b9c175ce2d2c8c00032d3ffe62b59a6a83857552,100000,200185376,99927,73,0.00073,0.9672975412549616,22037.852344492818,22022.0,0.9989859038520922,0.9738973150356846,37482,0,37469
99159e0d76feb265,comments0720-fixed-arm-confirmation,poisson-n04-p025,pretrain_arm,10141,,21,4,4,poisson,,0.0,,,99159e0d76feb2654e760f85b9281e81365db6276d4c11de7306bbac50a533b1,100000,348291939,70003,29997,0.29997,0.38951383540346596,37801.62303021645,118152.0,0.9986932557707537,0.6423085303914066,24991,0,23901
99bb99916b1e7a48,comments0720-fixed-arm-confirmation,poisson-n06-p045,pretrain_arm,10223,,9,6,6,poisson,,0.0,,,99bb99916b1e7a486416bb70774ce64dad6d90acb519fbe612c8954cd23eabc5,100000,200193446,99885,115,0.00115,0.9668287392385463,22048.730437655824,22022.0,0.9989550630776609,0.9736257674387357,37481,0,37468
9a51f3e3ef825711,comments0720-fixed-arm-confirmation,poisson-n04-p025,pretrain_arm,10141,,17,4,4,poisson,,0.0,,,9a51f3e3ef82571131f0cf6673ecc3501cfe54d981645bba1ac653b4fde6c51d,100000,386507785,77546,22454,0.22454,0.3887811858692575,37873.473870876216,118206.0,0.9988100437248799,0.6609247431980457,24992,0,24123
9a54329fd8fca76b,comments0720-fixed-arm-confirmation,poisson-n04-p025,pretrain_arm,10331,,23,4,4,poisson,,0.0,,,9a54329fd8fca76bed7bea4ee7599a558fd9e6fbbb2018d195ae8d7a58487f15,100000,354193838,70874,29126,0.29126,0.3877738974103779,37974.87359241385,118246.0,0.9987635106942715,0.64386680270155,24992,0,23928
9a55ac7ca2c9e916,comments0720-fixed-arm-confirmation,poisson-n06-p045,pretrain_arm,10247,,5,6,6,poisson,,0.0,,,9a55ac7ca2c9e9164b2b68b406c1a506497cf4df5f27e7a8b6fca8b34bd27370,100000,200187444,99887,113,0.00113,0.9668989979211683,22048.368080100125,22022.0,0.9989707349759743,0.9736594109657143,37478,0,37464
9ad4f0d1177f6cdb,comments0720-fixed-arm-confirmation,poisson-n06-p045,pretrain_arm,10247,,21,6,6,poisson,,0.0,,,9ad4f0d1177f6cdb30639e82850690abc1ec6763e5afc25e7b20f2a6914e5d87,100000,200187458,99898,102,0.00102,0.966941585321494,22045.72135234167,22022.0,0.9989547966381586,0.9736957939865509,37478,0,37464
9b16b5e27babb655,comments0720-fixed-arm-confirmation,poisson-n04-p025,pretrain_arm,10151,,9,4,4,poisson,,0.0,,,9b16b5e27babb6553e5966ec3fc41656c579c899eaca6061003ea70cc5ed5d4d,100000,348952681,69662,30338,0.30338,0.3867937183150629,38066.55726878571,116313.0,0.9990323834850111,0.6418883672666913,24989,0,23836
9b5dbd14ef08a472,comments0720-fixed-arm-confirmation,poisson-n04-p025,pretrain_arm,10141,,2,4,4,poisson,,0.0,,,9b5dbd14ef08a472b7c9182df1a3d6ff62f259ce3efdf2102540690cfaae7d9d,100000,382208417,76720,23280,0.2328,0.3890299202908449,37852.54164928564,118180.0,0.9987366199166661,0.6589355134025036,24992,0,24133
9b6323a010f09cf5,comments0720-fixed-arm-confirmation,poisson-n04-p025,pretrain_arm,10111,,14,4,4,poisson,,0.0,,,9b6323a010f09cf5483b9a6b7edc0add35b146e5eacee81ef86a08a5907cbc05,100000,386244961,76856,23144,0.23144,0.38556874014467724,38195.085935873416,118219.0,0.9989555197839993,0.6581687533095588,24991,0,24146
9b6c4e1efa673d78,comments0720-fixed-arm-confirmation,poisson-n04-p025,pretrain_arm,10223,,20,4,4,poisson,,0.0,,,9b6c4e1efa673d78934b89c6567f3a9f3728686b470c2d77a9e49a65cf107e8b,100000,355288851,70471,29529,0.29529,0.384287130360868,38332.06268538098,118288.0,0.9991412327269432,0.6417949543626038,24990,0,23878
9b76b166a9d3c233,comments0720-fixed-arm-confirmation,poisson-n06-p045,pretrain_arm,10331,,3,6,6,poisson,,0.0,,,9b76b166a9d3c2338bed0d26be8c5c98d13ce436533fd572ffe2e21b7815a06f,100000,200187413,99857,143,0.00143,0.9665741921546286,22055.51053132355,22022.0,0.9989764507475242,0.9734780476340509,37481,0,37468
9ba7576a8e461194,comments0720-fixed-arm-confirmation,poisson-n06-p045,pretrain_arm,10259,,8,6,6,poisson,,0.0,,,9ba7576a8e4611947764ae79ae630d9be401993763b0d104cbfb1b5af2b15466,100000,200191442,99924,76,0.00076,0.9671367220582786,22038.178276883657,22022.0,0.998954227814286,0.9738256499575215,37478,0,37464
9bd2e43a0322267b,comments0720-fixed-arm-confirmation,poisson-n04-p025,pretrain_arm,10243,,4,4,4,poisson,,0.0,,,9bd2e43a0322267bc601066cc21b677a492dd236941ff3c158c87806a0f42cf9,100000,386067522,77429,22571,0.22571,0.38871430889231856,37883.792084834866,116296.0,0.9984171354589347,0.6617523147837512,24990,0,24065
9be0441ff4030325,comments0720-fixed-arm-confirmation,poisson-n04-p025,pretrain_arm,10301,,5,4,4,poisson,,0.0,,,9be0441ff40303255731ebae5e8eed24fc1f6b2743845dbdbe3f7fa4299a3c98,100000,384959129,77272,22728,0.22728,0.3889415725480821,37850.55962673431,118190.0,0.9986702290177367,0.6602572671886062,24990,0,24145
9bf9c7826f6f610b,comments0720-fixed-arm-confirmation,poisson-n06-p045,pretrain_arm,10301,,9,6,6,poisson,,0.0,,,9bf9c7826f6f610bbc0e11f410840ca171f8e493a97880106c748ff88d7da477,100000,200185427,99915,85,0.00085,0.9671951045667275,22040.90501786733,22022.0,0.9989534708455334,0.9738223584707537,37480,0,37468
9bfbe9dd9d77f594,comments0720-fixed-arm-confirmation,poisson-n04-p025,pretrain_arm,10253,,10,4,4,poisson,,0.0,,,9bfbe9dd9d77f594f5f0a5a95889e5dcbcd6d61c41fe16dfd3d659444446fd5c,100000,352514272,70541,29459,0.29459,0.3878148229981452,37974.63780074575,116299.0,0.9984419763068768,0.6442387664350073,24990,0,23913
9c067a6156503560,comments0720-fixed-arm-confirmation,poisson-n06-p045,pretrain_arm,10337,,20,6,6,poisson,,0.0,,,9c067a6156503560471beabaaeffc00875716b298bbf9b1027ed0dacd8c9cfb2,100000,200187396,99929,71,0.00071,0.9672935652752085,22037.874976230272,22022.0,0.9989753516426114,0.9738974723059399,37483,0,37467
9c300abca287fc14,comments0720-fixed-arm-confirmation,poisson-n06-p045,pretrain_arm,10253,,22,6,6,poisson,,0.0,,,9c300abca287fc14e5e6af6939468a852985bfe2cbe9cf8c2f0074c8e4532b7a,100000,200191471,99893,107,0.00107,0.9668303850966757,22047.084870996485,22022.0,0.9989697961284185,0.9736512270750315,37479,0,37463
9c7ed8bc1ab8762f,comments0720-fixed-arm-confirmation,poisson-n06-p045,pretrain_arm,10321,,3,6,6,poisson,,0.0,,,9c7ed8bc1ab8762fcf0686b17b90a6e1b10a5483a36bde7aa2a58063750dfdf1,100000,200185372,99935,65,0.00065,0.9673443522137072,22035.92754420904,22022.0,0.9989692826654581,0.9739273782930551,37482,0,37469
9c967b1e06d9ca5b,comments0720-fixed-arm-confirmation,poisson-n04-p025,pretrain_arm,10111,,20,4,4,poisson,,0.0,,,9c967b1e06d9ca5b39d701dff0f9e8e19c6015b51b3ffd3abc23e9bd46fd4b6b,100000,352776068,70232,29768,0.29768,0.38576151373170814,38176.45225279107,118252.0,0.9989088589967212,0.641635457576143,24991,0,23888
9cb83b1b876b5e48,comments0720-fixed-arm-confirmation,poisson-n04-p025,pretrain_arm,10271,,17,4,4,poisson,,0.0,,,9cb83b1b876b5e48ce0596a38ba7a13cd3b676190494ab0b088179b4846f45bc,100000,383872837,77428,22572,0.22572,0.3908399593274686,37653.8480754327,116246.0,0.9989690450799623,0.6626756681358102,24988,0,24179
9d38da4cf1372313,comments0720-fixed-arm-confirmation,poisson-n06-p045,pretrain_arm,10103,,17,6,6,poisson,,0.0,,,9d38da4cf13723131f5a7fba410d8eff81ff8a5b13d1b18af181846318811be4,100000,200185501,99930,70,0.0007,0.9674159668536634,22037.103314718068,22022.0,0.9989923446218529,0.9739464371585055,37480,0,37467
9d66a235307151fc,comments0720-fixed-arm-confirmation,poisson-n04-p025,pretrain_arm,10301,,18,4,4,poisson,,0.0,,,9d66a235307151fce3888772ec52b83196b7f3c6fe8f7860e0e3ee5fe34945be,100000,345881169,69474,30526,0.30526,0.38929842983154717,37826.541819019374,118198.0,0.9987255595932226,0.6408943298082566,24989,0,23810
9d6b68e5a87bf58d,comments0720-fixed-arm-confirmation,poisson-n04-p025,pretrain_arm,10133,,13,4,4,poisson,,0.0,,,9d6b68e5a87bf58d17cc82818bb9e1bc581aef6d5172e7651acefbad39fbe66d,100000,381729550,75964,24036,0.24036,0.38557407462953813,38195.20577702881,118229.0,0.9991330618250518,0.6559930454848633,24993,0,24126
9d8a018131814455,comments0720-fixed-arm-confirmation,poisson-n04-p025,pretrain_arm,10181,,1,4,4,poisson,,0.0,,,9d8a01813181445518e94f0f67dd7a3374e322b6af4af5ef57677c85af1b4c5a,100000,379295087,75931,24069,0.24069,0.3879187921039431,37959.689132410465,118154.0,0.9987078903747741,0.6566003941595725,24990,0,24135
9dd47939d6f33f17,comments0720-fixed-arm-confirmation,poisson-n04-p025,pretrain_arm,10333,,16,4,4,poisson,,0.0,,,9dd47939d6f33f1757316cc7d9654d1bc90a89a72dd285e6b83cfdfc645a2b3f,100000,387940079,77473,22527,0.22527,0.3870272037553511,38056.9752275221,118200.0,0.9987218265433677,0.6601321767662397,24992,0,24127
9e1a37b41c98d072,comments0720-fixed-arm-confirmation,poisson-n06-p045,pretrain_arm,10159,,0,6,6,poisson,,0.0,,,9e1a37b41c98d0726a72c8fce15c7dbba89163c7c095ba98ecf194489782c577,100000,200201516,99874,126,0.00126,0.9666920903835713,22051.682251507078,22022.0,0.9989488658322518,0.973550652071941,37479,0,37467
9eeef4b29527b9a7,comments0720-fixed-arm-confirmation,poisson-n06-p045,pretrain_arm,10159,,20,6,6,poisson,,0.0,,,9eeef4b29527b9a733d91c5c641cd47863a91b4ed5b5a2687e281f47c0026dab,100000,200201530,99870,130,0.0013,0.9666481170248798,22052.64747942078,22022.0,0.9989593591745626,0.9735294920664808,37479,0,37467
9ef08d4471006083,comments0720-fixed-arm-confirmation,poisson-n06-p045,pretrain_arm,10163,,9,6,6,poisson,,0.0,,,9ef08d4471006083d52a334ebc61f3f818d0f10a92480de12fb18534d929043f,100000,200187594,99876,124,0.00124,0.9667201005472896,22049.503414643917,22022.0,0.9989742450271646,0.973573448524818,37480,0,37467
9f053a584bfc54c1,comments0720-fixed-arm-confirmation,poisson-n04-p025,pretrain_arm,10163,,13,4,4,poisson,,0.0,,,9f053a584bfc54c1f97a77bf69b9cd1cff223055719c86758d0d392db177c4a4,100000,378679387,75866,24134,0.24134,0.3882389299420726,37927.7327902133,116256.0,0.9988605507925696,0.6578608269115473,24992,0,24140
9f0a372a35c6fc57,comments0720-fixed-arm-confirmation,poisson-n06-p045,pretrain_arm,10223,,7,6,6,poisson,,0.0,,,9f0a372a35c6fc57d7651990926029917997bd9aaf7ba880d8f923512b100384,100000,200193448,99894,106,0.00106,0.9669243670751901,22046.563494924012,22022.0,0.9989495649011196,0.97367831065877,37481,0,37466
9f26d907a3799a2c,comments0720-fixed-arm-confirmation,poisson-n04-p025,pretrain_arm,10141,,14,4,4,poisson,,0.0,,,9f26d907a3799a2c4dba0bd6a530348a02450ab5670f2ae011e03cf5bcb1bded,100000,382360844,76727,23273,0.23273,0.3888444576192012,37865.66426830381,118198.0,0.9987305409174103,0.6588771661788705,24992,0,24134
9f56bbad28fa5fd7,comments0720-fixed-arm-confirmation,poisson-n04-p025,pretrain_arm,10343,,6,4,4,poisson,,0.0,,,9f56bbad28fa5fd79c2a7042d4d4c7a23fea86d4eb95f6d01711cf144851588f,100000,346348259,68841,31159,0.31159,0.38508942526545226,38246.70322374442,118241.0,0.9991590790900772,0.6380246681185099,24994,0,23806
9fd6409f235a3e07,comments0720-fixed-arm-confirmation,poisson-n04-p025,pretrain_arm,10301,,11,4,4,poisson,,0.0,,,9fd6409f235a3e07541708c204ad5bba81f627281824139e40b7ed4023a46dea,100000,350437606,70367,29633,0.29633,0.3891619782381461,37840.9345073125,118230.0,0.9987305509508879,0.6430616763963446,24989,0,23877
a01170304f92d98b,comments0720-fixed-arm-confirmation,poisson-n06-p045,pretrain_arm,10337,,17,6,6,poisson,,0.0,,,a01170304f92d98be43714fd3cd4c16f65bfce24941bf11c9c7ac72ef40a1bca,100000,200187379,99908,92,0.00092,0.9670672595198921,22042.92630335549,22022.0,0.9989732371542069,0.9737688322246998,37482,0,37465
a01a85ca1126caaa,comments0720-fixed-arm-confirmation,poisson-n04-p025,pretrain_arm,10169,,19,4,4,poisson,,0.0,,,a01a85ca1126caaa75e36fce4d47a0a8d6653e0a7c9cae5a0481211a7ea28188,100000,349960147,69426,30574,0.30574,0.38441716907839796,38321.098634359965,120181.0,0.9990629458727354,0.637937704983711,24993,0,23869
a06a27c4b4fc9b7e,comments0720-fixed-arm-confirmation,poisson-n04-p025,pretrain_arm,10357,,17,4,4,poisson,,0.0,,,a06a27c4b4fc9b7e58e0a3ba8336efcb1e499db61fda287abad10c9a12b456e8,100000,387212668,77511,22489,0.22489,0.3878346872680312,37962.845270505655,118247.0,0.9989646419169379,0.6605459430616564,24989,0,24159
a0be771b52b95dd4,comments0720-fixed-arm-confirmation,poisson-n06-p045,pretrain_arm,10247,,2,6,6,poisson,,0.0,,,a0be771b52b95dd44269485ab7193cb880ca92f0100a1dfa2ada4c3f9d6023d8,100000,200187439,99887,113,0.00113,0.9668668422297965,22048.367399249062,22022.0,0.998959285672246,0.9736448759673476,37479,0,37464
a12af2ede67b25ac,comments0720-fixed-arm-confirmation,poisson-n04-p025,pretrain_arm,10211,,19,4,4,poisson,,0.0,,,a12af2ede67b25acd708c981a3e4a79587f5df69ef8372df91740a3e45f019e0,100000,346242094,69250,30750,0.3075,0.38770519912578855,37994.33101296901,118241.0,0.9984773179207324,0.639691839015507,24989,0,23917
a1f51dbe61094327,comments0720-fixed-arm-confirmation,poisson-n04-p025,pretrain_arm,10163,,22,4,4,poisson,,0.0,,,a1f51dbe61094327034e4e15519ef5a67a1902d41b403918c61108f4f8f92fb5,100000,353359882,70779,29221,0.29221,0.38815084277167605,37933.52580859391,116295.0,0.9988537770686687,0.6450857066134483,24992,0,23891
a21e821d3b96d135,comments0720-fixed-arm-confirmation,poisson-n06-p045,pretrain_arm,10247,,6,6,6,poisson,,0.0,,,a21e821d3b96d135d89e6f4150b9495ab6ce5b974e75ec947f4b1268ac63dfe5,100000,200187460,99899,101,0.00101,0.9669509019196307,22045.480693183297,22022.0,0.998972772118226,0.9737073913459523,37478,0,37464
a22f9fcf4d930573,comments0720-fixed-arm-confirmation,poisson-n06-p045,pretrain_arm,10169,,8,6,6,poisson,,0.0,,,a22f9fcf4d930573aa88fd7bb9880f797022c963bfa5d5d62da370fd038de9b2,100000,200187489,99928,72,0.00072,0.9672663709768596,22037.523109411904,22022.0,0.9989909228204288,0.9738910979324296,37476,0,37462
a24bd7801654303a,comments0720-fixed-arm-confirmation,poisson-n04-p025,pretrain_arm,10243,,8,4,4,poisson,,0.0,,,a24bd7801654303a55dccd50c7613b66c309835c6c999f428b69ce97b71f0c1c,100000,347012983,69597,30403,0.30403,0.3886945319276426,37884.30338128153,118154.0,0.9983049569332606,0.6408896629536345,24989,0,23854
a24ef221afbf5895,comments0720-fixed-arm-confirmation,poisson-n06-p045,pretrain_arm,10193,,23,6,6,poisson,,0.0,,,a24ef221afbf5895db3b6a27997164147a8e6938b5f2e0a11eb5e75476ecbda9,100000,200189519,99814,186,0.00186,0.9661586129291814,22066.187240736657,22022.0,0.9989546986077679,0.9732247705123164,37476,0,37462
a270bd7fcd1abc3d,comments0720-fixed-arm-confirmation,poisson-n06-p045,pretrain_arm,10303,,11,6,6,poisson,,0.0,,,a270bd7fcd1abc3d5e6e05812cf99d585737edac0f5db49a7782c57b2c2c87a0,100000,200193518,99911,89,0.00089,0.9671126015178974,22042.55660216819,22022.0,0.9989785211771917,0.9737932075650297,37481,0,37469
a29054c92948f744,comments0720-fixed-arm-confirmation,poisson-n06-p045,pretrain_arm,10139,,4,6,6,poisson,,0.0,,,a29054c92948f74435cd5cd2f74c21f9abd8519c75b033d8ea9ba4f31e6d7f54,100000,200189463,99832,168,0.00168,0.966377645960317,22061.098757763975,22022.0,0.9989554937075719,0.973343046555963,37481,0,37469
a2a1430ed993908c,comments0720-fixed-arm-confirmation,poisson-n04-p025,pretrain_arm,10211,,8,4,4,poisson,,0.0,,,a2a1430ed993908c865babb13f59ce7114abeaf1dc5d9fd9a455d851a64710cd,100000,347836766,69560,30440,0.3044,0.3876268991070369,37996.58718656545,118259.0,0.9984465281494385,0.6404184757521585,24989,0,23896
a2c669a6f620a5d5,comments0720-fixed-arm-confirmation,poisson-n04-p025,pretrain_arm,10337,,9,4,4,poisson,,0.0,,,a2c669a6f620a5d5dff960649f1338e6e0e32e629f4d35e49dfdb9e7aae9e06c,100000,347008181,69421,30579,0.30579,0.3876079624762507,37988.199645599525,118194.0,0.9990666323397567,0.6403146982720025,24991,0,23837
a300b24e7d6a2236,comments0720-fixed-arm-confirmation,poisson-n04-p025,pretrain_arm,10151,,8,4,4,poisson,,0.0,,,a300b24e7d6a22365219e085c9066cda6c465481b45e688777e8070d777e5c71,100000,348952681,69662,30338,0.30338,0.3867937183150629,38066.55726878571,116313.0,0.9990323834850111,0.6418883672666913,24989,0,23836
a31325e16c0b6bb1,comments0720-fixed-arm-confirmation,poisson-n06-p045,pretrain_arm,10267,,13,6,6,poisson,,0.0,,,a31325e16c0b6bb197279664e5b26cab06938badba20398d39fa16f29adc0f82,100000,200191441,99883,117,0.00117,0.9668124173200792,22048.58610607684,22022.0,0.9989798600888928,0.9736235924696574,37483,0,37470
a34b3991851a56c8,comments0720-fixed-arm-confirmation,poisson-n06-p045,pretrain_arm,10159,,5,6,6,poisson,,0.0,,,a34b3991851a56c8fdb27f14d1b4db8cf01e2b42b5ab70246cf03d9aaf2094c5,100000,200201518,99878,122,0.00122,0.9667457716279654,22050.719253800093,22022.0,0.9989530807706128,0.9735799507995262,37479,0,37466
a38dfa2a4891c2ed,comments0720-fixed-arm-confirmation,poisson-n04-p025,pretrain_arm,10169,,15,4,4,poisson,,0.0,,,a38dfa2a4891c2edcf59da678b18a6495b273ca85eaeda6d10fe16c076b9c8f1,100000,386455635,76641,23359,0.23359,0.38422376736724256,38333.01192697663,118264.0,0.9989565666870237,0.6571532780180889,24993,0,24152
a393b84edbca2ad4,comments0720-fixed-arm-confirmation,poisson-n04-p025,pretrain_arm,10343,,15,4,4,poisson,,0.0,,,a393b84edbca2ad4b5f057d2b666035785a6acae6b28b903cd507551bfde3dec,100000,385951242,76860,23140,0.2314,0.3858815927841994,38168.20726851611,118209.0,0.9990928895973603,0.6583354941271866,24994,0,24090
a3b65a17e0d1bb19,comments0720-fixed-arm-confirmation,poisson-n04-p025,pretrain_arm,10141,,9,4,4,poisson,,0.0,,,a3b65a17e0d1bb1955942b8108ba39e31eed8bf92cde4cc62e515e6fddc1a58a,100000,345956946,69512,30488,0.30488,0.3894052990050386,37815.56047133978,118227.0,0.9986495474523613,0.6409802821524668,24991,0,23876
a3ec77a8fb6ebb83,comments0720-fixed-arm-confirmation,poisson-n04-p025,pretrain_arm,10301,,16,4,4,poisson,,0.0,,,a3ec77a8fb6ebb83b70212910cd8a6ea37639fe66b576890084b72df6144f226,100000,385263643,77298,22702,0.22702,0.38883948880688957,37869.19451416742,118212.0,0.9986773017180335,0.6602759301749743,24990,0,24141
a3fd1ab5429be8b2,comments0720-fixed-arm-confirmation,poisson-n06-p045,pretrain_arm,10103,,21,6,6,poisson,,0.0,,,a3fd1ab5429be8b2ef4d7b55b8dae8298d597566aea81cedbc2300084b3d390d,100000,200185498,99910,90,0.0009,0.9671042954370251,22041.915223527998,22022.0,0.9989789869485747,0.9737880941285332,37480,0,37468
a427865b16395162,comments0720-fixed-arm-confirmation,poisson-n06-p045,pretrain_arm,10163,,14,6,6,poisson,,0.0,,,a427865b16395162939f00d19e7aae82bcae7609e6427ab6cfa2737d70a483eb,100000,200187570,99845,155,0.00155,0.9664156620713265,22056.96836717318,22022.0,0.9989774406442627,0.9733955342385298,37480,0,37467
a4e848c7fe5b91c2,comments0720-fixed-arm-confirmation,poisson-n04-p025,pretrain_arm,10333,,23,4,4,poisson,,0.0,,,a4e848c7fe5b91c202895937941887a43db7b10fa7d5889e5e2debb5223a635e,100000,354120394,70719,29281,0.29281,0.3870186392032536,38055.77457538431,118180.0,0.9986989872616653,0.643250042154973,24992,0,23910
a4ed1deaeb27f471,comments0720-fixed-arm-confirmation,poisson-n06-p045,pretrain_arm,10151,,17,6,6,poisson,,0.0,,,a4ed1deaeb27f47137f6e69dc099a595ec0bd7b8b66b8560176877cb9469f02d,100000,200187422,99907,93,0.00093,0.9671065297998592,22042.809399869864,22022.0,0.998964165640925,0.9737763984802614,37479,0,37466
a4f95bdd9690589e,comments0720-fixed-arm-confirmation,poisson-n04-p025,pretrain_arm,10313,,8,4,4,poisson,,0.0,,,a4f95bdd9690589e2d0f12f7adeabb776575248b90b1a632777b9bddb6bdfbcf,100000,350170211,69704,30296,0.30296,0.38567187829692345,38182.82775195133,118225.0,0.9992449672461601,0.6404156151810279,24993,0,23902
a557456f474a9407,comments0720-fixed-arm-confirmation,poisson-n04-p025,pretrain_arm,10271,,11,4,4,poisson,,0.0,,,a557456f474a9407bcad8e40271d8eff9816a721174bfb01f9650d73142fae4d,100000,349588598,70529,29471,0.29471,0.39093131120941194,37648.57887721388,116278.0,0.999001315733294,0.6454480423142352,24988,0,23928
a561fd0960c6efb8,comments0720-fixed-arm-confirmation,poisson-n04-p025,pretrain_arm,10193,,12,4,4,poisson,,0.0,,,a561fd0960c6efb84b7b0620a4d138d5b65f0507c5cf1f4dfcf81da509ba1244,100000,378916500,75966,24034,0.24034,0.38852084034345297,37898.8531556913,116299.0,0.9987794377997435,0.6581490927143987,24993,0,24112
a58e197deef02083,comments0720-fixed-arm-confirmation,poisson-n04-p025,pretrain_arm,10289,,14,4,4,poisson,,0.0,,,a58e197deef0208389e70bbda6000aa5165398ea29b0a34c8d6c1dd3c3fbc935,100000,380657190,76603,23397,0.23397,0.38992614851173574,37745.4662706443,116297.0,0.9987554485612528,0.6602033656909962,24993,0,24134
a62cab2773015d4a,comments0720-fixed-arm-confirmation,poisson-n04-p025,pretrain_arm,10103,,9,4,4,poisson,,0.0,,,a62cab2773015d4abbd3d09ec40d8242c3ff1236243587655d0cc2558e25686a,100000,349572588,69599,30401,0.30401,0.3858635277203143,38177.455030104466,118242.0,0.9985032191730956,0.6399584156311366,24987,0,23842
a6581269175f4d74,comments0720-fixed-arm-confirmation,poisson-n04-p025,pretrain_arm,10211,,1,4,4,poisson,,0.0,,,a6581269175f4d74acac355bec8cdf997c5cb304abe5630e40885d04b787ade1,100000,379077442,75704,24296,0.24296,0.3870729348226424,38052.44867628408,118226.0,0.9984062316140001,0.6556023888122141,24990,0,24123
a669101d1be4aaed,comments0720-fixed-arm-confirmation,poisson-n06-p045,pretrain_arm,10313,,14,6,6,poisson,,0.0,,,a669101d1be4aaed4d23ad54828bf7703544511711f392258e147d3eab9aa968,100000,200185398,99916,84,0.00084,0.9671269230136356,22039.2175588565,22022.0,0.998955600826332,0.9738028412799892,37482,0,37469
a66d9287d697f9b5,comments0720-fixed-arm-confirmation,poisson-n04-p025,pretrain_arm,10369,,20,4,4,poisson,,0.0,,,a66d9287d697f9b5a5ff9893dfd3f5df345501a546acf3148fb863b24671ac8d,100000,350677479,70329,29671,0.29671,0.38861579417251374,37886.4478605253,116331.0,0.9986339178840377,0.6440184040188505,24992,0,23915
a675450c8b16e872,comments0720-fixed-arm-confirmation,poisson-n04-p025,pretrain_arm,10177,,13,4,4,poisson,,0.0,,,a675450c8b16e872a6df2099b4b92581ba763af949eae23fafadcaf45f4a7401,100000,380337503,75893,24107,0.24107,0.3866166781875307,38091.102299532184,118199.0,0.9990955045097876,0.656170560899106,24992,0,24071
a6830ddacf329a62,comments0720-fixed-arm-confirmation,poisson-n06-p045,pretrain_arm,10289,,3,6,6,poisson,,0.0,,,a6830ddacf329a62ec5ac6c07936e84ef4f4adcaed44be3f6dddc252cff7caef,100000,200185435,99874,126,0.00126,0.966699700205462,22051.257575454125,22022.0,0.9989227087116208,0.9735444696390276,37483,0,37471
a683d1c7dfb24a94,comments0720-fixed-arm-confirmation,poisson-n04-p025,pretrain_arm,10103,,15,4,4,poisson,,0.0,,,a683d1c7dfb24a946ef65ce1902fd34f4d19d074957311e7590e8c543eae742c,100000,385200971,76798,23202,0.23202,0.38632122762743504,38120.87915093111,118226.0,0.9985163838393941,0.6581235371556097,24989,0,24069
a69c810be1a6a717,comments0720-fixed-arm-confirmation,poisson-n06-p045,pretrain_arm,10333,,15,6,6,poisson,,0.0,,,a69c810be1a6a7173fcc29a22f76d626e737a30f9ce617ce36750c74d5373e2a,100000,200191398,99878,122,0.00122,0.9667245992257869,22050.48994652835,22022.0,0.9989578469076715,0.9735744820444862,37482,0,37470
a6d6d0f6061c86d0,comments0720-fixed-arm-confirmation,poisson-n06-p045,pretrain_arm,10273,,22,6,6,poisson,,0.0,,,a6d6d0f6061c86d0bcb5d653f931220cf5aa995be0f465d65082cd80a9204b44,100000,200185495,99856,144,0.00144,0.9665966607620597,22055.57993469813,22022.0,0.9989642842523565,0.9734789816714722,37480,0,37468
a6db7d7df91c2a6d,comments0720-fixed-arm-confirmation,poisson-n04-p025,pretrain_arm,10159,,1,4,4,poisson,,0.0,,,a6db7d7df91c2a6d63aee2e915ddbadd6ba06660880be87938856a3569108c9c,100000,375786115,75682,24318,0.24318,0.39028960130684975,37719.39900097788,116258.0,0.9987697446506362,0.6580527819858286,24991,0,24107
a7276adf7fb1fc59,comments0720-fixed-arm-confirmation,poisson-n04-p025,pretrain_arm,10193,,8,4,4,poisson,,0.0,,,a7276adf7fb1fc597d5fdde823e2f8e7a77cb844777a4c02a8780ec6963f8b8d,100000,346603503,69517,30483,0.30483,0.38858565142661006,37881.585665165665,116270.0,0.9987593773866219,0.6420608429377441,24993,0,23903
a75efeb0c2c542a4,comments0720-fixed-arm-confirmation,poisson-n04-p025,pretrain_arm,10357,,19,4,4,poisson,,0.0,,,a75efeb0c2c542a4b4cb5d85fc2da0dbabff6d30b8d541171f1b92e6127b9e21,100000,345691267,69234,30766,0.30766,0.38810454821237933,37938.992315026146,118273.0,0.9989613490859085,0.6399249657660959,24989,0,23881
a77049f42c1b6464,comments0720-fixed-arm-confirmation,poisson-n06-p045,pretrain_arm,10181,,9,6,6,poisson,,0.0,,,a77049f42c1b6464476d2f2cc9d6df7026d84d6088b41f9e9f4ed9ea298fb02b,100000,200195511,99858,142,0.00142,0.9664695228855557,22054.4576648038,22022.0,0.9989727536453584,0.9734444255103047,37478,0,37462
a7e9625cb5ff925c,comments0720-fixed-arm-confirmation,poisson-n04-p025,pretrain_arm,10273,,19,4,4,poisson,,0.0,,,a7e9625cb5ff925c2ef855c647776226a2c0106f0d182be55e4e2bf8f81d13b7,100000,345905375,69152,30848,0.30848,0.3873982125892088,38013.36029156543,118221.0,0.999024343141306,0.639540185243505,24990,0,23876
a82cd9a20d55d0e1,comments0720-fixed-arm-confirmation,poisson-n06-p045,pretrain_arm,10333,,9,6,6,poisson,,0.0,,,a82cd9a20d55d0e125030b4103132aeeac01e94ee20cc11463d87483d28ffe0c,100000,200191430,99898,102,0.00102,0.9670418109306678,22045.678333299962,22022.0,0.9989715510596825,0.9737347873301168,37482,0,37469
a83b8ff8935ee623,comments0720-fixed-arm-confirmation,poisson-n04-p025,pretrain_arm,10169,,21,4,4,poisson,,0.0,,,a83b8ff8935ee62381c9209c649de74fd241d708399591cb594789e827f16371,100000,354600525,70329,29671,0.29671,0.38429985403997924,38328.4414612989,118340.0,0.9990315485717425,0.6413729675372407,24993,0,23878
a8aa731e069299af,comments0720-fixed-arm-confirmation,poisson-n06-p045,pretrain_arm,10343,,14,6,6,poisson,,0.0,,,a8aa731e069299af9f970cbce752fa05d771592ad2dc45497a483222a55a1bdc,100000,200189438,99873,127,0.00127,0.966690825117357,22050.534452889515,22022.0,0.9989596839229741,0.973551336346777,37481,0,37469
a8bc05be8fadb98b,comments0720-fixed-arm-confirmation,poisson-n04-p025,pretrain_arm,10247,,8,4,4,poisson,,0.0,,,a8bc05be8fadb98b992d7e8df25a4815dd7eab217d41c1aaf39111637e997b5e,100000,347232896,69390,30610,0.3061,0.3872229749798821,38026.89181632124,118144.0,0.9990175570503734,0.6401258440100851,24991,0,23911
a8bff8bdc10c34fb,comments0720-fixed-arm-confirmation,poisson-n06-p045,pretrain_arm,10177,,11,6,6,poisson,,0.0,,,a8bff8bdc10c34fbd3794ed1d99452997efc9a3d790344e7143b4f54d76135ae,100000,200193537,99894,106,0.00106,0.9668826721414089,22045.36760377245,22022.0,0.9989581160026277,0.973667262714679,37478,0,37463
a8f3b5b18932c432,comments0720-fixed-arm-confirmation,poisson-n06-p045,pretrain_arm,10247,,0,6,6,poisson,,0.0,,,a8f3b5b18932c4321f141e1001dd255e4e0078e07bad0ece86f6735bbd900e08,100000,200187427,99869,131,0.00131,0.9667380709179103,22052.7010625194,22022.0,0.9989650889864786,0.9735588866347963,37478,0,37464
a90c9c1d41dedaa5,comments0720-fixed-arm-confirmation,poisson-n06-p045,pretrain_arm,10289,,13,6,6,poisson,,0.0,,,a90c9c1d41dedaa5393439d89700d30b9f6426b1f1f48c543ad3ceecd95f2130,100000,200185416,99853,147,0.00147,0.9665193342555983,22056.314099418076,22022.0,0.9989314846215188,0.973434772959039,37484,0,37472
a910d6bbe398d221,comments0720-fixed-arm-confirmation,poisson-n04-p025,pretrain_arm,10193,,4,4,4,poisson,,0.0,,,a910d6bbe398d221a6ee09293eedd0635afd25eb9a8d97078e8b7da4e35cd632,100000,386036747,77420,22580,0.2258,0.3886270391766616,37885.58746705937,116264.0,0.9988108059563645,0.6618532817110088,24993,0,24172
a92e63868f09380f,comments0720-fixed-arm-confirmation,poisson-n04-p025,pretrain_arm,10289,,13,4,4,poisson,,0.0,,,a92e63868f09380f18040425f247e6e795e1e8d9d21978037ac9281b9c4764eb,100000,377814744,76035,23965,0.23965,0.3899638257632423,37746.76099280519,116264.0,0.9988063921186766,0.6588349059606396,24993,0,24113
a930c267f4a974dc,comments0720-fixed-arm-confirmation,poisson-n06-p045,pretrain_arm,10103,,0,6,6,poisson,,0.0,,,a930c267f4a974dcb2632af629d633538badaebde103b9eadca30e7a5c24dad8,100000,200185491,99922,78,0.00078,0.9670956173342253,22039.026694024622,22022.0,0.9989691860328815,0.9738119344557024,37480,0,37467
a99cbe5f0f8996b9,comments0720-fixed-arm-confirmation,poisson-n06-p045,pretrain_arm,10103,,7,6,6,poisson,,0.0,,,a99cbe5f0f8996b9cf72af4ffc4d64f7469e5fe74ad063c51c3f244a00f7b47d,100000,200185521,99890,110,0.0011,0.9668254878433491,22046.73232343459,22022.0,0.9989757675110358,0.9736440851181284,37480,0,37468
a9f31278fe0964ff,comments0720-fixed-arm-confirmation,poisson-n06-p045,pretrain_arm,10139,,6,6,6,poisson,,0.0,,,a9f31278fe0964ff1b3c5803e92df2bc5ae8ac1df28ac51b0d41b45f466c5d3b,100000,200189484,99845,155,0.00155,0.9665457552205889,22057.948303667123,22022.0,0.9989628189782854,0.9734340247329581,37482,0,37470
aa0af8cb6b58a0a6,comments0720-fixed-arm-confirmation,poisson-n04-p025,pretrain_arm,10177,,17,4,4,poisson,,0.0,,,aa0af8cb6b58a0a615369d30df03e963ac7311695a1413d298ec7f843842192d,100000,388529437,77508,22492,0.22492,0.3865099004068513,38099.154606451615,118232.0,0.9991081997358079,0.6601547000475531,24992,0,24153
aa0dd18b53edd6ec,comments0720-fixed-arm-confirmation,poisson-n04-p025,pretrain_arm,10133,,18,4,4,poisson,,0.0,,,aa0dd18b53edd6ecad3a08c550243dd5abc3c8d12d37bfc8f282cf8487a0f704,100000,348197391,69335,30665,0.30665,0.38576311733478785,38170.49364605421,118244.0,0.9991442260776933,0.6394772811374938,24993,0,23875
aa40fb3a90f76d0c,comments0720-fixed-arm-confirmation,poisson-n04-p025,pretrain_arm,10301,,4,4,4,poisson,,0.0,,,aa40fb3a90f76d0c41bbb77ddcf90c2f74e5582e0c50effcffce3c31d4518491,100000,384959129,77272,22728,0.22728,0.3889415725480821,37850.55962673431,118190.0,0.9986702290177367,0.6602572671886062,24990,0,24145
aa4343c68d93d670,comments0720-fixed-arm-confirmation,poisson-n06-p045,pretrain_arm,10181,,4,6,6,poisson,,0.0,,,aa4343c68d93d670ce5dd5a34089d98aca10f87a0c1cc0c2a1bbada2bda5e510,100000,200195488,99848,152,0.00152,0.9664953837521053,22056.864487759925,22022.0,0.9989691929103693,0.9734268588874915,37477,0,37462
aa6c3b2c4aa1effd,comments0720-fixed-arm-confirmation,poisson-n06-p045,pretrain_arm,10169,,2,6,6,poisson,,0.0,,,aa6c3b2c4aa1effdc7ac19e812d328199e41f41cfd61d0b4271fa5e77493335d,100000,200187467,99924,76,0.00076,0.9671864922492875,22038.422732004165,22022.0,0.998976236724678,0.9738495763246551,37476,0,37463
aabbaaaf8b46fa5a,comments0720-fixed-arm-confirmation,poisson-n04-p025,pretrain_arm,10141,,5,4,4,poisson,,0.0,,,aabbaaaf8b46fa5aae92d6d9fe26d0f62db371722d6ca4cba4884e7ada051f4e,100000,387054324,77628,22372,0.22372,0.38863959830093514,37884.660912136045,118201.0,0.9987974140415716,0.6610816707808356,24992,0,24162
aae27a07fdbf53ee,comments0720-fixed-arm-confirmation,poisson-n04-p025,pretrain_arm,10343,,0,4,4,poisson,,0.0,,,aae27a07fdbf53ee79a69bc2e2bc57626ec3978139cdac56d98b39047e7e0114,100000,380287090,75719,24281,0.24281,0.38580961294268495,38175.77278070558,118213.0,0.9991426188939571,0.6554729106122139,24994,0,24075
aafe842fabfc07d9,comments0720-fixed-arm-confirmation,poisson-n04-p025,pretrain_arm,10273,,23,4,4,poisson,,0.0,,,aafe842fabfc07d95fd1a62497e498826ce996be715da3c313656e09f08c6a4d,100000,353343322,70703,29297,0.29297,0.38772676167911274,37976.20042435816,118232.0,0.9990195241154296,0.6435182619315142,24990,0,23941
ab003dafa675e056,comments0720-fixed-arm-confirmation,poisson-n06-p045,pretrain_arm,10141,,3,6,6,poisson,,0.0,,,ab003dafa675e056513b6554e5f0142fefe1af5fde58fa58f0f221d67a4c3f37,100000,200193399,99895,105,0.00105,0.966919688495823,22046.7788011974,22022.0,0.9989666929360762,0.9736849604772997,37480,0,37467
ab0a6d4e7d21a70c,comments0720-fixed-arm-confirmation,poisson-n06-p045,pretrain_arm,10289,,22,6,6,poisson,,0.0,,,ab0a6d4e7d21a70cda6925862856a6d1901fa2d05b4f0d7e2565912e7923bfdc,100000,200185432,99900,100,0.001,0.9670594062009468,22044.99678640077,22022.0,0.9989395592320539,0.9737349884776669,37485,0,37472
ab448d7c9129b2af,comments0720-fixed-arm-confirmation,poisson-n04-p025,pretrain_arm,10333,,4,4,4,poisson,,0.0,,,ab448d7c9129b2af932c673c0083e6b280ee021bcda95f00c29f1444ed2fc374,100000,388188944,77542,22458,0.22458,0.3870603383284404,38048.03871849769,118206.0,0.9987015963539344,0.6603049782274582,24992,0,24158
ab549d278febbf15,comments0720-fixed-arm-confirmation,poisson-n06-p045,pretrain_arm,10247,,9,6,6,poisson,,0.0,,,ab549d278febbf15a48fdd6e2268bf08cfd466a4340ddcef73472bab37f07e83,100000,200187458,99898,102,0.00102,0.966941585321494,22045.72135234167,22022.0,0.9989547966381586,0.9736957939865509,37478,0,37464
abdaae3b94c546bc,comments0720-fixed-arm-confirmation,poisson-n04-p025,pretrain_arm,10369,,0,4,4,poisson,,0.0,,,abdaae3b94c546bca62c151d581d1050bac990e9562ba2018e818573b62994a5,100000,377600443,75665,24335,0.24335,0.388332947480149,37919.98797203167,118167.0,0.9987204012388945,0.6560689495730145,24992,0,24102
abff93a57be13fab,comments0720-fixed-arm-confirmation,poisson-n06-p045,pretrain_arm,10163,,0,6,6,poisson,,0.0,,,abff93a57be13fab9e71a77421fa671ab530c16445cf8f3540568770136f7d57,100000,200187579,99863,137,0.00137,0.9666351427328066,22052.632482398774,22022.0,0.9989804492571228,0.9735146973299764,37481,0,37467
ac0596497baa5311,comments0720-fixed-arm-confirmation,poisson-n04-p025,pretrain_arm,10111,,4,4,4,poisson,,0.0,,,ac0596497baa531153b865d7416c46ed5587420e41dd8ca325abd90fe454c55a,100000,388690525,77348,22652,0.22652,0.3856725475878271,38197.71375743471,118225.0,0.998961948648497,0.6594314987454414,24991,0,24192
ac1187ba352bfa61,comments0720-fixed-arm-confirmation,poisson-n04-p025,pretrain_arm,10301,,2,4,4,poisson,,0.0,,,ac1187ba352bfa6126cb913e4aae574bd5fec00e0c60ded4737829f6d7d69f60,100000,381569876,76552,23448,0.23448,0.3888152323638882,37875.08400397157,118209.0,0.9987001627397406,0.658412465034543,24990,0,24110
ac2b1d7ece0e50ae,comments0720-fixed-arm-confirmation,poisson-n06-p045,pretrain_arm,10267,,2,6,6,poisson,,0.0,,,ac2b1d7ece0e50aec95a1f6252bf51e6564bccaf4524b41bf484717f11b9ba3c,100000,200191446,99857,143,0.00143,0.9665734868611718,22054.608322900494,22022.0,0.9989555790426237,0.9734708553012651,37485,0,37473
ac41b4ddd03b9da0,comments0720-fixed-arm-confirmation,poisson-n06-p045,pretrain_arm,10211,,21,6,6,poisson,,0.0,,,ac41b4ddd03b9da0ca3843cc9e83b4adf73a7a7e1709d64fc469b4bed92b78fc,100000,200193467,99821,179,0.00179,0.9661225708229529,22063.430562374135,22022.0,0.9989710118472502,0.9732356942234011,37478,0,37465
ac49279e453b7d36,comments0720-fixed-arm-confirmation,poisson-n04-p025,pretrain_arm,10369,,8,4,4,poisson,,0.0,,,ac49279e453b7d36d1304be80f54a979d233c8ee1930d13bd8780b7818563fa1,100000,346165586,69391,30609,0.30609,0.38848026331537183,37902.44056901547,116365.0,0.9985869159690878,0.6415898930948198,24992,0,23867
ac6d3379e42ef172,comments0720-fixed-arm-confirmation,poisson-n06-p045,pretrain_arm,10271,,8,6,6,poisson,,0.0,,,ac6d3379e42ef172130758b3f7187c163af7cd202a5e4def5289b9140484fe2e,100000,200199498,99886,114,0.00114,0.966749502039211,22048.15145082804,22022.0,0.9989251745602896,0.9735918921998334,37480,0,37465
ac9a89049f2ceb57,comments0720-fixed-arm-confirmation,poisson-n06-p045,pretrain_arm,10337,,11,6,6,poisson,,0.0,,,ac9a89049f2ceb578c524a76db7c53ed74d2e1f5bed9f398b3adba13c1d852b4,100000,200187401,99921,79,0.00079,0.9671620693052506,22039.800708644867,22022.0,0.9989794509965717,0.9738350067672741,37484,0,37468
aca5ab31226356c3,comments0720-fixed-arm-confirmation,poisson-n04-p025,pretrain_arm,10159,,20,4,4,poisson,,0.0,,,aca5ab31226356c3c7a7ace6b0df43a8ee4d333d866d061ca3377677b1da65bf,100000,348432977,70227,29773,0.29773,0.3906000234874439,37685.64858514077,116257.0,0.9988312482871036,0.6445399239248493,24991,0,23934
acf55e7a3159c7c2,comments0720-fixed-arm-confirmation,poisson-n06-p045,pretrain_arm,10133,,1,6,6,poisson,,0.0,,,acf55e7a3159c7c24bff5a0e5613db8cba6c9bb1605c64d13e8af3c635ce2cd5,100000,200185451,99843,157,0.00157,0.9664641362972977,22058.484508819907,22022.0,0.9989478573358178,0.9733968312110385,37479,0,37467
ad0851e66abad75a,comments0720-fixed-arm-confirmation,poisson-n04-p025,pretrain_arm,10259,,6,4,4,poisson,,0.0,,,ad0851e66abad75a33ee15b192170f07b6869f7695fcf9752b1ee048c0931533,100000,342097616,68426,31574,0.31574,0.3875979977597973,37989.090327106904,118220.0,0.9984544630751266,0.6376024869449748,24990,0,23834
ad32efb5b21ea297,comments0720-fixed-arm-confirmation,poisson-n06-p045,pretrain_arm,10267,,18,6,6,poisson,,0.0,,,ad32efb5b21ea297c33fa59c12ca5c42c6e896f1b0f31a2d81e76d917de44a3a,100000,200191470,99868,132,0.00132,0.9666814225401312,22052.201950809165,22022.0,0.9989762838169515,0.9735412354523609,37482,0,37469
ad4f1cfb00ddacc9,comments0720-fixed-arm-confirmation,poisson-n04-p025,pretrain_arm,10177,,11,4,4,poisson,,0.0,,,ad4f1cfb00ddacc9ad759930ad0b7272526120b41f89883c246125230181dfc8,100000,353678884,70655,29345,0.29345,0.3871038028948316,38042.633784874095,118235.0,0.998957397586748,0.6431679001605265,24992,0,23905
ad6ca1ec26c8e359,comments0720-fixed-arm-confirmation,poisson-n06-p045,pretrain_arm,10357,,4,6,6,poisson,,0.0,,,ad6ca1ec26c8e359d04a1f5e8540e6342438bf9bb2dfa51e8a4ac4936524954e,100000,200185434,99888,112,0.00112,0.9669704689902663,22047.823771476633,22022.0,0.9989657249546962,0.9736840646483209,37478,0,37466
ad784b23b8a35550,comments0720-fixed-arm-confirmation,poisson-n06-p045,pretrain_arm,10271,,15,6,6,poisson,,0.0,,,ad784b23b8a35550e10f9f917cd890016b64c7df9ed63dac384bf60f651015d6,100000,200199482,99844,156,0.00156,0.9664034944905602,22058.2666880359,22022.0,0.9989441007893084,0.9733778650932895,37479,0,37464
ad93c69c8e6cd97e,comments0720-fixed-arm-confirmation,poisson-n06-p045,pretrain_arm,10301,,10,6,6,poisson,,0.0,,,ad93c69c8e6cd97e3acc5fa0771d83522bf48f38ec80fae37183576f74f37f97,100000,200185428,99910,90,0.0009,0.9670586512420875,22042.10840056858,22022.0,0.998954595803536,0.9737647490152079,37480,0,37468
adc100b409517c5f,comments0720-fixed-arm-confirmation,poisson-n04-p025,pretrain_arm,10193,,22,4,4,poisson,,0.0,,,adc100b409517c5f333ad995b96916c613eff348975eb6910c55eaf89d20120b,100000,353088715,70787,29213,0.29213,0.38846512271002487,37899.38638579239,116278.0,0.9988409799385124,0.645217534216179,24993,0,23968
add41e104e41830c,comments0720-fixed-arm-confirmation,poisson-n06-p045,pretrain_arm,10273,,2,6,6,poisson,,0.0,,,add41e104e41830c59ae931655e10ff015e38126fefc6e82b75b9ac6608054c2,100000,200185467,99805,195,0.00195,0.9660525306764651,22067.870371669356,22022.0,0.9989693995832991,0.973171810086588,37480,0,37467
adf750c642985d18,comments0720-fixed-arm-confirmation,poisson-n06-p045,pretrain_arm,10103,,12,6,6,poisson,,0.0,,,adf750c642985d18b99b284ec61decdc02bf5cfbc37d7098cb34f90e19caea30,100000,200185491,99922,78,0.00078,0.9670956173342253,22039.026694024622,22022.0,0.9989691860328815,0.9738119344557024,37480,0,37467
ae602bf5784cfdc1,comments0720-fixed-arm-confirmation,poisson-n04-p025,pretrain_arm,10169,,13,4,4,poisson,,0.0,,,ae602bf5784cfdc1f0744e6f2f2249f09456e6a07d8d85f34f5e24082b6add32,100000,382653695,75941,24059,0.24059,0.3845348782010324,38303.66241291665,118279.0,0.9989801172150728,0.6555048318053683,24993,0,24104
ae6fbe48d68f2734,comments0720-fixed-arm-confirmation,poisson-n04-p025,pretrain_arm,10247,,3,4,4,poisson,,0.0,,,ae6fbe48d68f273442e7f0f1dbfc1fc37f83f0ba97c56c8a9ff016cb9937753b,100000,383554941,76598,23402,0.23402,0.38694796529814485,38054.53063063063,118198.0,0.9989870218458169,0.658007995714654,24991,0,24187
ae758d8620472916,comments0720-fixed-arm-confirmation,poisson-n04-p025,pretrain_arm,10321,,12,4,4,poisson,,0.0,,,ae758d8620472916dcbb9abd14d2476f1c8fcf9b53666a25cecc9407f294d5a9,100000,378207540,75827,24173,0.24173,0.3885053111315549,37896.980413880425,118201.0,0.998747711854751,0.6565178409954352,24992,0,24042
aeb0226b77b4059f,comments0720-fixed-arm-confirmation,poisson-n06-p045,pretrain_arm,10253,,12,6,6,poisson,,0.0,,,aeb0226b77b4059fe68c85a6e77719abb4a1ca937e878993eb4208574c00ca34,100000,200191447,99864,136,0.00136,0.9665477816342474,22054.066137884067,22022.0,0.9989628584325279,0.9734822133555917,37477,0,37463
aeb9cd91e039ce3e,comments0720-fixed-arm-confirmation,poisson-n06-p045,pretrain_arm,10273,,0,6,6,poisson,,0.0,,,aeb9cd91e039ce3e44c00c442941774fda5cf3fb87f33c969d36914e091e0176,100000,200185460,99841,159,0.00159,0.9664334462652782,22059.1900750283,22022.0,0.9989663697459313,0.9733877720037364,37480,0,37466
aebf2b33dcc7910e,comments0720-fixed-arm-confirmation,poisson-n06-p045,pretrain_arm,10181,,21,6,6,poisson,,0.0,,,aebf2b33dcc7910e33cf39437e202af9035c87942f8f3fedd5a094fbb923bac4,100000,200195506,99868,132,0.00132,0.9666574233689341,22052.04835963788,22022.0,0.9989761809348703,0.9735332014346014,37478,0,37463
aed74cc09b985b06,comments0720-fixed-arm-confirmation,poisson-n04-p025,pretrain_arm,10313,,1,4,4,poisson,,0.0,,,aed74cc09b985b06fe7fa0dc1843518936236275cb2e583642aca7cf724ede8b,100000,381520538,75827,24173,0.24173,0.38508167285085976,38247.36945884277,118209.0,0.9992016148938075,0.655522595914889,24993,0,24115
aed7a6269f64f33e,comments0720-fixed-arm-confirmation,poisson-n04-p025,pretrain_arm,10259,,4,4,4,poisson,,0.0,,,aed7a6269f64f33e52dfc72d9369390ee17be41833d8c1506cc4aa93bfc0efab,100000,386293072,77404,22596,0.22596,0.3883036452696206,37917.34738229366,118212.0,0.9986329589614256,0.660347534743682,24990,0,24180
aeff6d0aac411c60,comments0720-fixed-arm-confirmation,poisson-n06-p045,pretrain_arm,10303,,15,6,6,poisson,,0.0,,,aeff6d0aac411c60cd3bde99787c941b0ef91546fe49e46752e4e31e942ddd55,100000,200193496,99887,113,0.00113,0.9667600839539762,22048.331624530663,22022.0,0.9989677542643632,0.9736121127394465,37480,0,37467
af4699a94fc895f1,comments0720-fixed-arm-confirmation,poisson-n04-p025,pretrain_arm,10139,,18,4,4,poisson,,0.0,,,af4699a94fc895f14def74cfcf360e5507bad63b1f6d83bdac6eec1c8d366935,100000,350352227,69341,30659,0.30659,0.3835462989650127,38414.296179308556,120211.0,0.9989386786039993,0.6373734925230039,24991,0,23856
af74e6d970f715f5,comments0720-fixed-arm-confirmation,poisson-n04-p025,pretrain_arm,10369,,11,4,4,poisson,,0.0,,,af74e6d970f715f595c8fb7c2d8e85cc369da700775ae05e897ac0da880eb7e1,100000,351590538,70492,29508,0.29508,0.3885710798053388,37895.88201577663,118185.0,0.9986597995965869,0.6431836264673085,24992,0,23875
af8f2a592978a2dd,comments0720-fixed-arm-confirmation,poisson-n06-p045,pretrain_arm,10333,,12,6,6,poisson,,0.0,,,af8f2a592978a2dd4705e904ea3922e9b6cb54acbeef4cb4c7efc710172d1dca,100000,200191403,99883,117,0.00117,0.9668125359009547,22049.28677994613,22022.0,0.9989651477146696,0.9736187278718748,37482,0,37468
afc3a2b0e66aecab,comments0720-fixed-arm-confirmation,poisson-n06-p045,pretrain_arm,10139,,2,6,6,poisson,,0.0,,,afc3a2b0e66aecab7bddbf3e99f42fd297f0256a672b15a983c45bae5c66a5ea,100000,200189460,99820,180,0.0018,0.9662280421756471,22063.971355001602,22022.0,0.9989530919533629,0.9732623780430034,37479,0,37465
afd0a6a3ad9182b1,comments0720-fixed-arm-confirmation,poisson-n04-p025,pretrain_arm,10141,,18,4,4,poisson,,0.0,,,afd0a6a3ad9182b1cc06541e667c6483bfa09e9c4a06c99affa6a68a5d7af61a,100000,346781513,69682,30318,0.30318,0.38935531145225727,37807.5962195367,118173.0,0.9986788213725739,0.6414343776082772,24991,0,23865
afd270a068de0c08,comments0720-fixed-arm-confirmation,poisson-n06-p045,pretrain_arm,10181,,18,6,6,poisson,,0.0,,,afd270a068de0c08babcd958947aa29f5ff5d057e337f6cd5cfbf67f85a1b576,100000,200195501,99880,120,0.0012,0.9668028953357948,22049.15746785757,22022.0,0.9989807748445679,0.9736132233934544,37478,0,37460
b000e129a5f86f79,comments0720-fixed-arm-confirmation,poisson-n06-p045,pretrain_arm,10151,,18,6,6,poisson,,0.0,,,b000e129a5f86f79b589faea54803c8b8d512c7ee66cb3456d1e872e1199c427,100000,200187441,99896,104,0.00104,0.967049905992854,22045.459653197708,22022.0,0.9989629827272107,0.9737296295733548,37479,0,37466
b020d7b991865d94,comments0720-fixed-arm-confirmation,poisson-n04-p025,pretrain_arm,10103,,19,4,4,poisson,,0.0,,,b020d7b991865d94d960280d9666a1218f0e679472e7249c42de2799ae35baab,100000,348346080,69370,30630,0.3063,0.38598102496230186,38169.30892996165,118241.0,0.998496136721659,0.6394233872279869,24987,0,23875
b0759a39b2318780,comments0720-fixed-arm-confirmation,poisson-n04-p025,pretrain_arm,10267,,5,4,4,poisson,,0.0,,,b0759a39b231878026983d42871b8f8c987d6a8c3545400168e7ac9bb731283e,100000,390600969,77419,22581,0.22581,0.38408760066337677,38359.18291974009,118273.0,0.9989699405128049,0.6590513470587271,24992,0,24204
b07949d0123e1cca,comments0720-fixed-arm-confirmation,poisson-n06-p045,pretrain_arm,10321,,2,6,6,poisson,,0.0,,,b07949d0123e1ccae09004a15dcba46eab8d7ca99f58380017ebeeaf4b2186b8,100000,200185372,99935,65,0.00065,0.9673443522137072,22035.92754420904,22022.0,0.9989692826654581,0.9739273782930551,37482,0,37469
b0a5cbb1aa74d14b,comments0720-fixed-arm-confirmation,poisson-n04-p025,pretrain_arm,10301,,3,4,4,poisson,,0.0,,,b0a5cbb1aa74d14b66a6384f7cb89e85d3bba57ff3501ce09fbd57777aa6a38a,100000,381569876,76552,23448,0.23448,0.3888152323638882,37875.08400397157,118209.0,0.9987001627397406,0.658412465034543,24990,0,24110
b0b593566ae7aed0,comments0720-fixed-arm-confirmation,poisson-n04-p025,pretrain_arm,10337,,7,4,4,poisson,,0.0,,,b0b593566ae7aed0e6516c9b88a5a2de5eb55fc7bb89c3ee43a6b1e9e4c3fee6,100000,343366140,68665,31335,0.31335,0.3875455279312049,37999.99864544038,118218.0,0.9991048714988531,0.6384006331433527,24991,0,23794
b0c0bb07d89003d5,comments0720-fixed-arm-confirmation,poisson-n04-p025,pretrain_arm,10331,,0,4,4,poisson,,0.0,,,b0c0bb07d89003d5bc49422abcdd832f7951ee782a68e1b6e3a3d3e3488bc1f5,100000,378510341,75749,24251,0.24251,0.3877851411198301,37970.21125942356,118223.0,0.9988004063687087,0.6560856824961796,24992,0,24073
b0caf16c0364e5d2,comments0720-fixed-arm-confirmation,poisson-n06-p045,pretrain_arm,10337,,16,6,6,poisson,,0.0,,,b0caf16c0364e5d22ae011aaa4209a32cebd9406778e8f5756cc572627dd85ff,100000,200187379,99908,92,0.00092,0.9670672595198921,22042.92630335549,22022.0,0.9989732371542069,0.9737688322246998,37482,0,37465
b0d74b7c2639859e,comments0720-fixed-arm-confirmation,poisson-n06-p045,pretrain_arm,10177,,20,6,6,poisson,,0.0,,,b0d74b7c2639859e315d8747ccbaa0b1a614c489c658041fc9e0b9aae9124e1e,100000,200193524,99883,117,0.00117,0.9667846548322911,22048.01484915541,22022.0,0.9989554149720905,0.9736061899347939,37476,0,37464
b0d8ec5825444c95,comments0720-fixed-arm-confirmation,poisson-n06-p045,pretrain_arm,10247,,8,6,6,poisson,,0.0,,,b0d8ec5825444c954254b42e93499ae0bba7bb06991bcdf0f59256615811f6fc,100000,200187458,99898,102,0.00102,0.966941585321494,22045.72135234167,22022.0,0.9989547966381586,0.9736957939865509,37478,0,37464
b12a94e183c01c7f,comments0720-fixed-arm-confirmation,poisson-n06-p045,pretrain_arm,10271,,19,6,6,poisson,,0.0,,,b12a94e183c01c7f549d82fdfa87266671b5ff69fbdd7a5b2ab7bbd4974282b3,100000,200199511,99883,117,0.00117,0.9667083952068195,22048.875329174636,22022.0,0.9989425421122323,0.9735764791063506,37480,0,37465
b1520496ac1561d3,comments0720-fixed-arm-confirmation,poisson-n06-p045,pretrain_arm,10321,,1,6,6,poisson,,0.0,,,b1520496ac1561d3038807e5836dbe16b12e52e0fddc289e2bfeab93c1ec9f73,100000,200185377,99931,69,0.00069,0.9673048346583277,22036.890271119606,22022.0,0.9989692529834985,0.9739041958806087,37482,0,37469
b161c03c9abe3e62,comments0720-fixed-arm-confirmation,poisson-n06-p045,pretrain_arm,10133,,6,6,6,poisson,,0.0,,,b161c03c9abe3e62bbf0b8d544866e1cfbad2faf445bb761b345f441af554cc5,100000,200185473,99907,93,0.00093,0.9671193823340019,22043.073437108964,22022.0,0.9989654794904818,0.9737811206081612,37479,0,37463
b1ca587da188bb3c,comments0720-fixed-arm-confirmation,poisson-n06-p045,pretrain_arm,10253,,0,6,6,poisson,,0.0,,,b1ca587da188bb3cd9f72a27a7e7a1a93ccdae2db23c5e9930a42ff21574533b,100000,200191455,99828,172,0.00172,0.9663237324490198,22062.742365953352,22022.0,0.9989694992022595,0.9733197438837596,37477,0,37462
b1fad26d1f5882a1,comments0720-fixed-arm-confirmation,poisson-n06-p045,pretrain_arm,10151,,15,6,6,poisson,,0.0,,,b1fad26d1f5882a1ce71cfc949149331fa16f6ee48d899ee7a8aecc983574919,100000,200187409,99908,92,0.00092,0.9670296347159376,22042.56716985665,22022.0,0.9989628941838232,0.973752842966587,37479,0,37466
b21d0a66b54ee339,comments0720-fixed-arm-confirmation,poisson-n04-p025,pretrain_arm,10271,,5,4,4,poisson,,0.0,,,b21d0a66b54ee339d1107edc9008155baebd05d8f501c125a1e66375b74a2ee6,100000,383596544,77376,22624,0.22624,0.39081373214874426,37655.76032726709,116241.0,0.9989510687199467,0.6625342669562302,24988,0,24171
b229a0242f7258df,comments0720-fixed-arm-confirmation,poisson-n04-p025,pretrain_arm,10313,,17,4,4,poisson,,0.0,,,b229a0242f7258dfc834303b107c5bd9c267706422b42c1ddbbe1e48c4044d25,100000,390039199,77493,22507,0.22507,0.3849224216051167,38260.59617990579,118238.0,0.9991966718415539,0.6596135311488901,24993,0,24164
b295dae82d8cbd57,comments0720-fixed-arm-confirmation,poisson-n06-p045,pretrain_arm,10103,,22,6,6,poisson,,0.0,,,b295dae82d8cbd576ffdc63339c2ce8db79815bca2bf4d30f717a6f5cec78875,100000,200185511,99926,74,0.00074,0.967256761154907,22038.06696759213,22022.0,0.99897497350301,0.9738775782193057,37480,0,37467
b29af29afd4e5853,comments0720-fixed-arm-confirmation,poisson-n04-p025,pretrain_arm,10111,,17,4,4,poisson,,0.0,,,b29af29afd4e58537037b1816fe8df0f66afc70ac6b02ca7262ee73b3e60e42a,100000,390150361,77618,22382,0.22382,0.3854502700306357,38204.710784692696,118226.0,0.9989521828764333,0.6600284843023564,24991,0,24188
b2a10a2fd4ad4c50,comments0720-fixed-arm-confirmation,poisson-n04-p025,pretrain_arm,10243,,14,4,4,poisson,,0.0,,,b2a10a2fd4ad4c50b0c05410664824a9d6216fc836dc31d640631102f5c3cdec,100000,383345881,76884,23116,0.23116,0.38872037339042126,37882.92798792861,116277.0,0.9984163910942306,0.6604042548282173,24991,0,24099
b2b0f7576d5fc8d3,comments0720-fixed-arm-confirmation,poisson-n06-p045,pretrain_arm,10111,,11,6,6,poisson,,0.0,,,b2b0f7576d5fc8d3aef36bbab52c3777641369ba1eafaf4058c307c14efaf342,100000,200189389,99915,85,0.00085,0.9672529096934304,22040.680259852055,22022.0,0.9989748681225633,0.973848759271998,37483,0,37470
b34ae3104b79a7dc,comments0720-fixed-arm-confirmation,poisson-n06-p045,pretrain_arm,10343,,8,6,6,poisson,,0.0,,,b34ae3104b79a7dcca7050756b128240af1179f5cac7c446ef5992daaadeb80d,100000,200189456,99898,102,0.00102,0.966932029626975,22044.517369801575,22022.0,0.9989657844845178,0.9736962713704976,37481,0,37469
b35132aa39030fa9,comments0720-fixed-arm-confirmation,poisson-n06-p045,pretrain_arm,10273,,15,6,6,poisson,,0.0,,,b35132aa39030fa944278da71a5392e5478f0aab8fbf28576cea117f276cc1a1,100000,200185451,99842,158,0.00158,0.9663729808216682,22058.94802163678,22022.0,0.9989596597252216,0.9733678801822966,37480,0,37466
b3919f14ef77ac84,comments0720-fixed-arm-confirmation,poisson-n06-p045,pretrain_arm,10243,,19,6,6,poisson,,0.0,,,b3919f14ef77ac845eeab6ebf50a00d748613d5d8876108a8530c78e56ccc270,100000,200191537,99835,165,0.00165,0.9663112032553104,22059.620618494737,22022.0,0.998959897844995,0.9733298670334352,37480,0,37468
b39cdd8f0809ef89,comments0720-fixed-arm-confirmation,poisson-n04-p025,pretrain_arm,10313,,2,4,4,poisson,,0.0,,,b39cdd8f0809ef896ec803d31231abfd7a32814370e006858b6b10131ea36f25,100000,386777455,76874,23126,0.23126,0.3850849734765435,38245.60372596467,118220.0,0.9992143048117195,0.6581380927627544,24993,0,24158
b3d67608cec3a686,comments0720-fixed-arm-confirmation,poisson-n04-p025,pretrain_arm,10271,,16,4,4,poisson,,0.0,,,b3d67608cec3a6862fc7847127988a111e5030623d012212de3e88f8f74ff42a,100000,383872837,77428,22572,0.22572,0.3908399593274686,37653.8480754327,116246.0,0.9989690450799623,0.6626756681358102,24988,0,24179
b3da090a8ce8f705,comments0720-fixed-arm-confirmation,poisson-n04-p025,pretrain_arm,10163,,19,4,4,poisson,,0.0,,,b3da090a8ce8f70536cb3be2a15580b8090c6cfd9b71d88ece551d5cda20595f,100000,346514435,69393,30607,0.30607,0.3880738590298554,37944.573870433094,116289.0,0.9988455490112923,0.6415963026803825,24991,0,23880
b3e34a592a0b4b3c,comments0720-fixed-arm-confirmation,poisson-n06-p045,pretrain_arm,10271,,17,6,6,poisson,,0.0,,,b3e34a592a0b4b3c18c3b415d2d9132adc6b0567489974c3daf48d8fe2d87bf6,100000,200199475,99851,149,0.00149,0.9664881538775264,22056.578992177405,22022.0,0.998932724181794,0.9734197926864401,37480,0,37465
b3f896605c2080a4,comments0720-fixed-arm-confirmation,poisson-n04-p025,pretrain_arm,10193,,10,4,4,poisson,,0.0,,,b3f896605c2080a44bfa3282882a16bb3e2e8a1e10737bc77dd33e1fe39eaa88,100000,350297068,70257,29743,0.29743,0.38861497122208283,37882.21204572307,116285.0,0.9988049092517632,0.6439257934912821,24993,0,23939
b450fbebceb62d4d,comments0720-fixed-arm-confirmation,poisson-n06-p045,pretrain_arm,10163,,2,6,6,poisson,,0.0,,,b450fbebceb62d4d720f4953b0afee7a84a17f720a2da407b7ed038fd863e5e2,100000,200187577,99861,139,0.00139,0.9666068589261161,22053.11422247594,22022.0,0.9989796275865822,0.9734999955042328,37480,0,37467
b48bf07e3ec040a2,comments0720-fixed-arm-confirmation,poisson-n04-p025,pretrain_arm,10289,,4,4,4,poisson,,0.0,,,b48bf07e3ec040a24049430337e8f0a215b3d1fc6a237b0b3deda285773b972d,100000,384320751,77352,22648,0.22648,0.3900166582470068,37741.76095107571,116349.0,0.998753112172187,0.6620705901397312,24993,0,24166
b4f4313f98f39856,comments0720-fixed-arm-confirmation,poisson-n06-p045,pretrain_arm,10181,,14,6,6,poisson,,0.0,,,b4f4313f98f39856ebe7bf978c734af70e67b43d39cadea11b577b24cb982fe3,100000,200195460,99848,152,0.00152,0.9664539195843902,22056.861152289755,22022.0,0.998977042720671,0.9734156541016871,37477,0,37464
b5102dc6fe80e360,comments0720-fixed-arm-confirmation,poisson-n04-p025,pretrain_arm,10181,,0,4,4,poisson,,0.0,,,b5102dc6fe80e360e6bc588e0a9761cd094c2f6ede543dbc9c587eacb37587c4,100000,379295087,75931,24069,0.24069,0.3879187921039431,37959.689132410465,118154.0,0.9987078903747741,0.6566003941595725,24990,0,24135
b538171b97537568,comments0720-fixed-arm-confirmation,poisson-n06-p045,pretrain_arm,10343,,20,6,6,poisson,,0.0,,,b538171b97537568d566578a296623cb304e6108d1c95f0bdc4aef49320caa30,100000,200189456,99898,102,0.00102,0.966932029626975,22044.517369801575,22022.0,0.9989657844845178,0.9736962713704976,37481,0,37469
b56155e2381b0430,comments0720-fixed-arm-confirmation,poisson-n04-p025,pretrain_arm,10139,,8,4,4,poisson,,0.0,,,b56155e2381b043016923341ab550da999a9c99e6f16444afc775dd9505b10b7,100000,353617275,69988,30012,0.30012,0.3835439939974652,38410.06884824236,120192.0,0.9989367257071013,0.6390022399015222,24991,0,23854
b56cafc5cf5751d3,comments0720-fixed-arm-confirmation,poisson-n06-p045,pretrain_arm,10331,,8,6,6,poisson,,0.0,,,b56cafc5cf5751d33849aa88df4b3e63ff48276f3b91521a21052ca1c980d7e0,100000,200187427,99885,115,0.00115,0.9668073410024897,22048.768205621138,22022.0,0.9989736179992278,0.9736248196672391,37481,0,37468
b5a440823fa8fff2,comments0720-fixed-arm-confirmation,poisson-n06-p045,pretrain_arm,10111,,22,6,6,poisson,,0.0,,,b5a440823fa8fff2dfcfac2be3d5029fb6ff386ee4ca8c3c06a583646a976eb2,100000,200189384,99926,74,0.00074,0.9671581236295727,22038.032928318353,22022.0,0.9989604663627649,0.9738398633307793,37483,0,37470
b654f80b875c7fb8,comments0720-fixed-arm-confirmation,poisson-n06-p045,pretrain_arm,10247,,17,6,6,poisson,,0.0,,,b654f80b875c7fb838164e2ebe15cd63eed7b254389d4f775be704a7127b2fe0,100000,200187444,99884,116,0.00116,0.9668837921723002,22049.09023550144,22022.0,0.9989605092314805,0.9736434338012603,37478,0,37464
b67b006e607e3ae1,comments0720-fixed-arm-confirmation,poisson-n04-p025,pretrain_arm,10267,,7,4,4,poisson,,0.0,,,b67b006e607e3ae1be2cba1c48538ec19326f6b95ce5f73092a198f5ecf2a6b9,100000,348906336,69052,30948,0.30948,0.38346680239134434,38418.593896645616,120121.0,0.9989238296526102,0.6366795440146515,24992,0,23858
b69db4c560bf0fe6,comments0720-fixed-arm-confirmation,poisson-n06-p045,pretrain_arm,10259,,23,6,6,poisson,,0.0,,,b69db4c560bf0fe6d729b60dc19e55d824eb6ecb97b38df4aab8dd1855e541f1,100000,200191441,99903,97,0.00097,0.9670086494856691,22043.231602446667,22022.0,0.9989639833051969,0.9737337109302887,37479,0,37467
b6a4eff103183950,comments0720-fixed-arm-confirmation,poisson-n04-p025,pretrain_arm,10343,,12,4,4,poisson,,0.0,,,b6a4eff103183950a8ff874d1800b79e7301526042900b7e70725d29b67bbad3,100000,380754377,75830,24170,0.2417,0.3858552176276098,38167.76721795785,118199.0,0.9991088275439579,0.6557636817238559,24994,0,24124
b6eeda2ba6a13514,comments0720-fixed-arm-confirmation,poisson-n06-p045,pretrain_arm,10357,,21,6,6,poisson,,0.0,,,b6eeda2ba6a135147c29429c527343d72385951cf67e41016bd87219b8daa9a7,100000,200185437,99946,54,0.00054,0.9674560542583325,22033.86719234695,22022.0,0.9989524988137108,0.9739865176906811,37478,0,37465
b6f57102fcea58ce,comments0720-fixed-arm-confirmation,poisson-n04-p025,pretrain_arm,10313,,9,4,4,poisson,,0.0,,,b6f57102fcea58ce63e4a3cae2c84314007e67bcfcd089455822b459755f47bc,100000,350170211,69704,30296,0.30296,0.38567187829692345,38182.82775195133,118225.0,0.9992449672461601,0.6404156151810279,24993,0,23902
b722646bb086d10f,comments0720-fixed-arm-confirmation,poisson-n06-p045,pretrain_arm,10211,,0,6,6,poisson,,0.0,,,b722646bb086d10f0de22e7fd958dc05d69f78e26f2d76940776b0ba9a0d163d,100000,200193458,99793,207,0.00207,0.9659342564530755,22070.182339323117,22022.0,0.9989782123247839,0.9731053229259533,37478,0,37462
b7493cb5e4ebb081,comments0720-fixed-arm-confirmation,poisson-n06-p045,pretrain_arm,10103,,4,6,6,poisson,,0.0,,,b7493cb5e4ebb081cef18737837edbf4e7ea74e38ae66d1f19a28d817ebb211d,100000,200185491,99916,84,0.00084,0.9671947404020405,22040.47042160474,22022.0,0.9989878941987548,0.9738362115335985,37480,0,37467
b771ecce984a5acc,comments0720-fixed-arm-confirmation,poisson-n04-p025,pretrain_arm,10331,,6,4,4,poisson,,0.0,,,b771ecce984a5acc86c9736999dc8e2f6fffa3db5f4415885d43976a317a16c1,100000,343567751,68717,31283,0.31283,0.3875981567315379,37993.49044521096,118238.0,0.9988402842254954,0.6384466469856779,24992,0,23813
b7e92440b952c6d7,comments0720-fixed-arm-confirmation,poisson-n06-p045,pretrain_arm,10357,,11,6,6,poisson,,0.0,,,b7e92440b952c6d77345a0fa0c843abeb04fa37c23ee7b359aa0f0570b149117,100000,200185435,99937,63,0.00063,0.9673266139467139,22036.03161371028,22022.0,0.9989516220041517,0.9739205786502885,37478,0,37465
b7fd74efc5e6b104,comments0720-fixed-arm-confirmation,poisson-n06-p045,pretrain_arm,10369,,8,6,6,poisson,,0.0,,,b7fd74efc5e6b1046e63db7234d22423f45f63662a2b94df8c532a052d0acb2e,100000,200197483,99942,58,0.00058,0.9674004792557757,22034.189822876015,22022.0,0.9989610719128315,0.9739608503895358,37484,0,37472
b86eb4fdad3e6323,comments0720-fixed-arm-confirmation,poisson-n04-p025,pretrain_arm,10343,,17,4,4,poisson,,0.0,,,b86eb4fdad3e6323d2ed400d9b20e9f393c0d3071230dfbfa62c9ee65618bdd7,100000,388424383,77316,22684,0.22684,0.3856749719030898,38187.33096186682,118219.0,0.9990679131309032,0.6593916283446644,24994,0,24153
b88203ffd1ad8384,comments0720-fixed-arm-confirmation,poisson-n06-p045,pretrain_arm,10159,,7,6,6,poisson,,0.0,,,b88203ffd1ad8384a69a9f6333175dd56768d25a4f1bcf598853077d6ffe0600,100000,200201530,99885,115,0.00115,0.9668067272013355,22049.035134620968,22022.0,0.998954278552829,0.9736181685847216,37479,0,37467
b977ed8a95993cc0,comments0720-fixed-arm-confirmation,poisson-n04-p025,pretrain_arm,10181,,15,4,4,poisson,,0.0,,,b977ed8a95993cc01b5c4b90db06af77ba98850d90754e47d970508f1c21f198,100000,384033107,76849,23151,0.23151,0.3877688649379909,37974.308168816126,116281.0,0.9987027565969381,0.6600923738449763,24990,0,24193
b99c3bfec28fa2f7,comments0720-fixed-arm-confirmation,poisson-n04-p025,pretrain_arm,10321,,13,4,4,poisson,,0.0,,,b99c3bfec28fa2f756319730f2a8227c31e6a0a758f9c245532f5e7116285f94,100000,378207540,75827,24173,0.24173,0.3885053111315549,37896.980413880425,118201.0,0.998747711854751,0.6565178409954352,24992,0,24042
b99ee370f86657f8,comments0720-fixed-arm-confirmation,poisson-n04-p025,pretrain_arm,10211,,21,4,4,poisson,,0.0,,,b99ee370f86657f8aa28606bc27ae59f24cb3d0b5c2b0260a776a11d31a7cf87,100000,349893150,69978,30022,0.30022,0.3876829712156411,37995.883278547946,118247.0,0.9984732162019593,0.6414990624725334,24989,0,23907
b9b03320ff860855,comments0720-fixed-arm-confirmation,poisson-n04-p025,pretrain_arm,10211,,4,4,4,poisson,,0.0,,,b9b03320ff86085544633e56ec2700a37512d6a9046a503f18d8eb1dfbdebb35,100000,386922173,77264,22736,0.22736,0.3870566704379591,38058.53496168582,118232.0,0.9984279520571218,0.6595002074983601,24990,0,24150
b9b9b416ee1ff5e0,comments0720-fixed-arm-confirmation,poisson-n04-p025,pretrain_arm,10273,,11,4,4,poisson,,0.0,,,b9b9b416ee1ff5e0861c7d5c73f6e4dc7f67fa35d173e29d7b29bee3d8653000,100000,351741748,70382,29618,0.29618,0.38774453636933653,37976.84840992412,118235.0,0.9990330004242144,0.6427241789311837,24990,0,23933
b9c062948b4d0936,comments0720-fixed-arm-confirmation,poisson-n06-p045,pretrain_arm,10267,,16,6,6,poisson,,0.0,,,b9c062948b4d09361d3a3184d796343845db516da07982d06b1bada2ca4074a0,100000,200191459,99865,135,0.00135,0.9666458197899442,22052.943286631347,22022.0,0.99896844562679,0.9735192551389114,37484,0,37469
ba25149f2d37b85b,comments0720-fixed-arm-confirmation,poisson-n04-p025,pretrain_arm,10357,,11,4,4,poisson,,0.0,,,ba25149f2d37b85b73ab13f0f2686082d3cbe4375ff48abd74c43223c8b921c9,100000,351728932,70441,29559,0.29559,0.38813642433031353,37939.23315775276,118258.0,0.9989506471612138,0.6429595238305092,24989,0,23874
ba6563b9957e4424,comments0720-fixed-arm-confirmation,poisson-n04-p025,pretrain_arm,10321,,2,4,4,poisson,,0.0,,,ba6563b9957e4424deefd549aac20c824abbccb2a6865e63eedef86ff729f5c5,100000,383118004,76769,23231,0.23231,0.38828981266043555,37917.07667956384,118215.0,0.9988009516467764,0.6588094214357373,24992,0,24115
bb19e5519f6e02ed,comments0720-fixed-arm-confirmation,poisson-n06-p045,pretrain_arm,10243,,0,6,6,poisson,,0.0,,,bb19e5519f6e02ed6b12c96e1d7bc2d4bae87049226682ec60801136643fc54b,100000,200191568,99849,151,0.00151,0.9665223712119584,22056.270571030782,22022.0,0.9989677173324559,0.9734378628481382,37478,0,37465
bb3fa52853b745c7,comments0720-fixed-arm-confirmation,poisson-n04-p025,pretrain_arm,10357,,13,4,4,poisson,,0.0,,,bb3fa52853b745c7d35433c533d96ae9cdfcf838fe25ed88893bda3fb90383c6,100000,379324842,75896,24104,0.24104,0.3877088229301892,37975.50990934008,118237.0,0.998958187074368,0.6564710033348523,24988,0,24127
bb6db1f6b939b701,comments0720-fixed-arm-confirmation,poisson-n04-p025,pretrain_arm,10223,,9,4,4,poisson,,0.0,,,bb6db1f6b939b701a1ab522110eeb57ee59975158c2818f9afb9bbebace1ae36,100000,350739124,69619,30381,0.30381,0.384519948792482,38303.98218672336,118315.0,0.9991148330464799,0.6397157606129873,24990,0,23847
bba911a0c2565c33,comments0720-fixed-arm-confirmation,poisson-n06-p045,pretrain_arm,10193,,10,6,6,poisson,,0.0,,,bba911a0c2565c33b54bd66a6ba23a89f7438d0b77b4ca9886985617540c2fa0,100000,200189539,99797,203,0.00203,0.9659576267868822,22070.29000350754,22022.0,0.998954207986819,0.9731151115912338,37476,0,37461
bbc9c073101a54bf,comments0720-fixed-arm-confirmation,poisson-n04-p025,pretrain_arm,10303,,13,4,4,poisson,,0.0,,,bbc9c073101a54bfe44958917998187f344be4d656f1b3ee0dd3f2cd2b08f698,100000,377931076,75737,24263,0.24263,0.388275223496043,37918.60197546514,116223.0,0.9989970266400079,0.657617916712017,24992,0,24109
bbd0b09580c4789c,comments0720-fixed-arm-confirmation,poisson-n04-p025,pretrain_arm,10343,,22,4,4,poisson,,0.0,,,bbd0b09580c4789c90f436bed9891d1a1c0bb206135753244bf629161fc9d09f,100000,355057847,70608,29392,0.29392,0.38528594187076226,38225.63395184136,118258.0,0.9991305819759827,0.6424868412822483,24994,0,23903
bc04af75c91ead9b,comments0720-fixed-arm-confirmation,poisson-n04-p025,pretrain_arm,10259,,8,4,4,poisson,,0.0,,,bc04af75c91ead9b97fa2eafbbaa9b89b92ed56abe6eba75572e630e6f1963cb,100000,349731532,69966,30034,0.30034,0.3876866241503211,37984.1488893336,118232.0,0.9984418569572131,0.6414698270358448,24990,0,23874
bc4a718123a421a1,comments0720-fixed-arm-confirmation,poisson-n04-p025,pretrain_arm,10103,,11,4,4,poisson,,0.0,,,bc4a718123a421a159b77a9e4a1efe91e96421fca5a98b65d1f5b11dbfe23cfb,100000,354173861,70545,29455,0.29455,0.38599635392065257,38159.48211576903,118262.0,0.9985076555133939,0.6423558364780154,24987,0,23903
bc4f1a1592daf56b,comments0720-fixed-arm-confirmation,poisson-n06-p045,pretrain_arm,10169,,1,6,6,poisson,,0.0,,,bc4f1a1592daf56b8e4bbbf1e3d8b37396bcbcf10b7af37522b4d32151cee0cc,100000,200187474,99910,90,0.0009,0.9671334631056886,22041.79243828705,22022.0,0.9989897908140875,0.9738014179732586,37476,0,37462
bcc3869bc4964b7e,comments0720-fixed-arm-confirmation,poisson-n04-p025,pretrain_arm,10333,,7,4,4,poisson,,0.0,,,bcc3869bc4964b7e936af646da2670f8d181430a689e67df04f58022c783789e,100000,344856714,68857,31143,0.31143,0.3869286941010521,38064.29471742509,118217.0,0.9986700167568899,0.6385307369526474,24992,0,23874
bcd77720093f3c8a,comments0720-fixed-arm-confirmation,poisson-n06-p045,pretrain_arm,10273,,23,6,6,poisson,,0.0,,,bcd77720093f3c8a4c6850ed5edf08582a10afd26d9ef7920b4e80f37d7ed7ce,100000,200185495,99856,144,0.00144,0.9665966607620597,22055.57993469813,22022.0,0.9989642842523565,0.9734789816714722,37480,0,37468
bce21130b454d5b3,comments0720-fixed-arm-confirmation,poisson-n04-p025,pretrain_arm,10321,,22,4,4,poisson,,0.0,,,bce21130b454d5b3933247799aba16109c02aa5859bc7cfb0199cb9fa53b68b1,100000,353512737,70930,29070,0.2907,0.3887879689042152,37864.87169002566,118230.0,0.9988333134573493,0.6443787607871881,24993,0,23869
bd6ebd54e1a2e42f,comments0720-fixed-arm-confirmation,poisson-n04-p025,pretrain_arm,10111,,15,4,4,poisson,,0.0,,,bd6ebd54e1a2e42f92149a3044bdd66d945e34e7ceca7f9fc21979fd13073753,100000,386244961,76856,23144,0.23144,0.38556874014467724,38195.085935873416,118219.0,0.9989555197839993,0.6581687533095588,24991,0,24146
be91aacaf5c3c131,comments0720-fixed-arm-confirmation,poisson-n04-p025,pretrain_arm,10151,,1,4,4,poisson,,0.0,,,be91aacaf5c3c13168887636e2bd832f59f28a34b4f2f2afaa2cc078ff2e948e,100000,379542956,75831,24169,0.24169,0.38712008397805703,38033.92649987471,118157.0,0.9990202328957328,0.6561862722912633,24989,0,24063
be99bd024e17026e,comments0720-fixed-arm-confirmation,poisson-n04-p025,pretrain_arm,10247,,7,4,4,poisson,,0.0,,,be99bd024e17026eec976e1ae816a49c1b9892b812bdc846d02f17cef8fa32d2,100000,342895581,68576,31424,0.31424,0.3875081055652333,37994.76690292848,118184.0,0.9990087152646941,0.6381562736099758,24991,0,23902
bea4d71bc538f827,comments0720-fixed-arm-confirmation,poisson-n04-p025,pretrain_arm,10169,,18,4,4,poisson,,0.0,,,bea4d71bc538f827a377135bf1819bb3a15d8ac7a93d1a9991043525c5a5a797,100000,349960147,69426,30574,0.30574,0.38441716907839796,38321.098634359965,120181.0,0.9990629458727354,0.637937704983711,24993,0,23869
bf1f467d990ee22b,comments0720-fixed-arm-confirmation,poisson-n04-p025,pretrain_arm,10343,,7,4,4,poisson,,0.0,,,bf1f467d990ee22bc3de68984b8b3be7e46a7e6de40bfcc984def23f8eab3a9f,100000,346348259,68841,31159,0.31159,0.38508942526545226,38246.70322374442,118241.0,0.9991590790900772,0.6380246681185099,24994,0,23806
bf2c750d12b24d3d,comments0720-fixed-arm-confirmation,poisson-n04-p025,pretrain_arm,10247,,5,4,4,poisson,,0.0,,,bf2c750d12b24d3d6a008b87c0b1115c1f83cac3533ba92bc1e1c622fca6762c,100000,387494995,77400,22600,0.226,0.3869990165937498,38048.38783078354,118195.0,0.9989780291978262,0.6600290152638586,24991,0,24188
bf5a123ba0cc0d40,comments0720-fixed-arm-confirmation,poisson-n06-p045,pretrain_arm,10141,,13,6,6,poisson,,0.0,,,bf5a123ba0cc0d402747442f7b03641bb1e232925788bca467a9c014b7f0bbff,100000,200193404,99904,96,0.00096,0.9670076142968227,22044.612641652984,22022.0,0.9989593939911928,0.9737343360960052,37480,0,37466
bf670e3c528c04bd,comments0720-fixed-arm-confirmation,poisson-n06-p045,pretrain_arm,10243,,16,6,6,poisson,,0.0,,,bf670e3c528c04bd1cb53d5ac35fb20f130e4cca1d19dfe3f238ffc2964fb221,100000,200191599,99848,152,0.00152,0.9663992643367617,22056.515275051082,22022.0,0.9989473216079524,0.9733875286482381,37477,0,37464
bfa55343616178fb,comments0720-fixed-arm-confirmation,poisson-n04-p025,pretrain_arm,10331,,12,4,4,poisson,,0.0,,,bfa55343616178fba0c7e0a880c0eaa69874e93777a4c67e601103d8c36a29d7,100000,378694288,75803,24197,0.24197,0.3879496064646214,37963.26177188469,118212.0,0.9988009269290815,0.6562830111312344,24992,0,24088
bfbd9e3b360cd9e1,comments0720-fixed-arm-confirmation,poisson-n06-p045,pretrain_arm,10321,,9,6,6,poisson,,0.0,,,bfbd9e3b360cd9e1d5998e540694126d7c5e7748a4c763e36d92f24fce90afc5,100000,200185376,99944,56,0.00056,0.9673876527324353,22033.763289036546,22022.0,0.9989761800982336,0.9739666109435562,37482,0,37469
bfd86b22f20190aa,comments0720-fixed-arm-confirmation,poisson-n04-p025,pretrain_arm,10303,,2,4,4,poisson,,0.0,,,bfd86b22f20190aa10c59f1fe77d8d78d02950598c66f493a80e1b9cb900f2cd,100000,382438747,76627,23373,0.23373,0.3882793941901499,37925.54047951553,116236.0,0.9989981264318349,0.6598360068739949,24992,0,24109
bfe7f97cece485d0,comments0720-fixed-arm-confirmation,poisson-n04-p025,pretrain_arm,10141,,11,4,4,poisson,,0.0,,,bfe7f97cece485d0f51fd93f7fc9ebac4cdb3507fc6d1961887efffa52f19537,100000,350774572,70526,29474,0.29474,0.38961263703002963,37786.914163759604,118239.0,0.9986761526964705,0.6435852632421668,24991,0,23920
c02309fa8ea763dc,comments0720-fixed-arm-confirmation,poisson-n04-p025,pretrain_arm,10243,,23,4,4,poisson,,0.0,,,c02309fa8ea763dcd30ef1b0ed2f80f669414cf7b9248f9108eb21a90b8ba68d,100000,352166479,70585,29415,0.29415,0.38841330210760916,37908.984725902206,116312.0,0.9983651073270271,0.6445139698115453,24990,0,23939
c03a354eb438bd8f,comments0720-fixed-arm-confirmation,poisson-n06-p045,pretrain_arm,10223,,20,6,6,poisson,,0.0,,,c03a354eb438bd8f61dffc2596495472583896532fd3e5202c9093b07ebdee52,100000,200193436,99895,105,0.00105,0.9669284211696132,22046.321486138782,22022.0,0.9989524453071023,0.9736831221589052,37481,0,37468
c041c72765113634,comments0720-fixed-arm-confirmation,poisson-n04-p025,pretrain_arm,10271,,4,4,4,poisson,,0.0,,,c041c72765113634c757ef51f8898a9183dd32acc31cbc234d8d1d21e60daceb,100000,383596544,77376,22624,0.22624,0.39081373214874426,37655.76032726709,116241.0,0.9989510687199467,0.6625342669562302,24988,0,24171
c04356e487ddd0e3,comments0720-fixed-arm-confirmation,poisson-n06-p045,pretrain_arm,10133,,14,6,6,poisson,,0.0,,,c04356e487ddd0e33d231e8b9001215c5036b08b1598cadde3ff820735e50c90,100000,200185450,99873,127,0.00127,0.9667553411099558,22051.25675689208,22022.0,0.9989512177833101,0.9735700196310887,37479,0,37465
c0712a19c7a98516,comments0720-fixed-arm-confirmation,poisson-n04-p025,pretrain_arm,10133,,16,4,4,poisson,,0.0,,,c0712a19c7a9851694c13dff676ae6b345c2f9aa08b7dfb7e92e6cce84c52e5a,100000,390117989,77605,22395,0.22395,0.3854330336968901,38206.529208603424,118241.0,0.9991716648485146,0.6600533995151349,24993,0,24180
c0f1fe8517074eca,comments0720-fixed-arm-confirmation,poisson-n06-p045,pretrain_arm,10343,,22,6,6,poisson,,0.0,,,c0f1fe8517074ecae2ffa7d345746aff15d1cc350ef1e852e7cb1cc636cca36e,100000,200189465,99891,109,0.00109,0.966856192957007,22046.20341613352,22022.0,0.9989750248803677,0.9736565726124583,37481,0,37469
c121f79ca36c5d61,comments0720-fixed-arm-confirmation,poisson-n04-p025,pretrain_arm,10253,,18,4,4,poisson,,0.0,,,c121f79ca36c5d61636ee1be31f19e36869e037420858788502b8937fbc62bc0,100000,347418214,69481,30519,0.30519,0.38757878710412114,37993.95958142012,118154.0,0.9984356316552128,0.6402713062531113,24990,0,23820
c1828b1af8fc246b,comments0720-fixed-arm-confirmation,poisson-n04-p025,pretrain_arm,10267,,0,4,4,poisson,,0.0,,,c1828b1af8fc246bfe6256cda101777978ac6d9b868352f5f484c3493f6a01e7,100000,382809609,75812,24188,0.24188,0.3837250412384502,38394.54494485779,118280.0,0.998955205160182,0.6549034154662107,24992,0,24089
c1bc72ee44e0b5c9,comments0720-fixed-arm-confirmation,poisson-n04-p025,pretrain_arm,10141,,10,4,4,poisson,,0.0,,,c1bc72ee44e0b5c9c59bf665627ed58f581958eed207dbdd56b47310888d2af1,100000,350774572,70526,29474,0.29474,0.38961263703002963,37786.914163759604,118239.0,0.9986761526964705,0.6435852632421668,24991,0,23920
c1c55544df7d35c5,comments0720-fixed-arm-confirmation,poisson-n04-p025,pretrain_arm,10103,,16,4,4,poisson,,0.0,,,c1c55544df7d35c53868a1dc24f819a19eb16a7e4715c46b339585df60384177,100000,388857319,77528,22472,0.22472,0.3863870362177753,38122.2306501548,118252.0,0.9985649385145733,0.6599693249107829,24989,0,24114
c1c6261f62aa6fc1,comments0720-fixed-arm-confirmation,poisson-n06-p045,pretrain_arm,10253,,16,6,6,poisson,,0.0,,,c1c6261f62aa6fc1f9898bb2fb586b3b7a4582b8de2fae42efae0087f1352329,100000,200191454,99874,126,0.00126,0.9667220260061651,22051.65830846568,22022.0,0.9989706049547562,0.9735678769869738,37479,0,37465
c1e9b1c3e4c63067,comments0720-fixed-arm-confirmation,poisson-n06-p045,pretrain_arm,10163,,7,6,6,poisson,,0.0,,,c1e9b1c3e4c63067179fbb58bf302b6e3c61d97b1d1f490322375a1cadc453b8,100000,200187594,99865,135,0.00135,0.9666852981908559,22052.15270447558,22022.0,0.9989784643282219,0.973535754173026,37480,0,37467
c1f7a5134439868e,comments0720-fixed-arm-confirmation,poisson-n04-p025,pretrain_arm,10169,,6,4,4,poisson,,0.0,,,c1f7a5134439868e3ccec68c97e01c0550fd950b7c4e1439a254dd78243f466f,100000,346342421,68739,31261,0.31261,0.38451844453671474,38303.06867352432,118320.0,0.9990744312781514,0.6374984586049555,24993,0,23822
c1fc325f1fd32903,comments0720-fixed-arm-confirmation,poisson-n06-p045,pretrain_arm,10357,,0,6,6,poisson,,0.0,,,c1fc325f1fd329036500fd7a33701e04eb57dbae9fb37a8cb99bfae51bfd6fca,100000,200185425,99934,66,0.00066,0.9673379168338554,22036.751936510478,22022.0,0.9989590491798978,0.9739193220045844,37477,0,37464
c1feb1516e59929a,comments0720-fixed-arm-confirmation,poisson-n04-p025,pretrain_arm,10357,,1,4,4,poisson,,0.0,,,c1feb1516e59929a748911a3e87d5233b700628efee9ba382a873d27ca5b8571,100000,377379829,75548,24452,0.24452,0.3879130699378212,37958.45279322213,118234.0,0.9989657776364266,0.6556736158580825,24988,0,24080
c2200caa0ac92d7f,comments0720-fixed-arm-confirmation,poisson-n04-p025,pretrain_arm,10133,,20,4,4,poisson,,0.0,,,c2200caa0ac92d7f1200d2f86b01a1e9e2047139c8e13ba719f94638b6e06d16,100000,352141119,70066,29934,0.29934,0.3855406786504816,38202.48255730966,118236.0,0.9991200946390857,0.6412279244298558,24993,0,23904
c2a538c033c0ce4e,comments0720-fixed-arm-confirmation,poisson-n04-p025,pretrain_arm,10313,,15,4,4,poisson,,0.0,,,c2a538c033c0ce4e5bc2cccf9636f4818b753941df97f5bb6b3bdaf2879430a0,100000,386123082,76729,23271,0.23271,0.38502328643486794,38252.46383649848,118233.0,0.9992045552411366,0.6577431138920015,24993,0,24151
c31b62bbbb0f1ebf,comments0720-fixed-arm-confirmation,poisson-n04-p025,pretrain_arm,10211,,20,4,4,poisson,,0.0,,,c31b62bbbb0f1ebf9fdc7ba06ec9f9cb57ae5afce8a8370ee6eb85b41d4df094,100000,349893150,69978,30022,0.30022,0.3876829712156411,37995.883278547946,118247.0,0.9984732162019593,0.6414990624725334,24989,0,23907
c33d998a26f67c4a,comments0720-fixed-arm-confirmation,poisson-n04-p025,pretrain_arm,10111,,13,4,4,poisson,,0.0,,,c33d998a26f67c4ad7cfdd1bbc38d6365990d72e6afa82c47d73538f76523f47,100000,381816931,76001,23999,0.23999,0.3856496950367033,38181.43319779453,118204.0,0.9989709351985756,0.656073376745093,24991,0,24105
c3717d38ffd65313,comments0720-fixed-arm-confirmation,poisson-n06-p045,pretrain_arm,10357,,8,6,6,poisson,,0.0,,,c3717d38ffd65313d845d4a177c9ff99523eb181db2b66226ae79a63e628dc48,100000,200185437,99946,54,0.00054,0.9674560542583325,22033.86719234695,22022.0,0.9989524988137108,0.9739865176906811,37478,0,37465
c37fa347798fc5e0,comments0720-fixed-arm-confirmation,poisson-n06-p045,pretrain_arm,10273,,17,6,6,poisson,,0.0,,,c37fa347798fc5e0e6bcd83bd48402e2997c1df0be8e09104e42f98943b62e72,100000,200185465,99857,143,0.00143,0.9665098462568199,22055.335319745605,22022.0,0.9989595912910886,0.9734509791826362,37480,0,37467
c3f03a701e4fb2a2,comments0720-fixed-arm-confirmation,poisson-n04-p025,pretrain_arm,10289,,17,4,4,poisson,,0.0,,,c3f03a701e4fb2a253c9e8b6c0d200928b51f946573eb6ff6e770d43c409d063,100000,384252017,77350,22650,0.2265,0.39007029597452963,37735.86201546378,116278.0,0.9987395043033361,0.6621262667592885,24993,0,24150
c4232da6f69e3d91,comments0720-fixed-arm-confirmation,poisson-n06-p045,pretrain_arm,10313,,8,6,6,poisson,,0.0,,,c4232da6f69e3d91886dca2da98ecd0182c498f5c1f61916cb9be9545e41fabd,100000,200185428,99894,106,0.00106,0.9669589486803205,22044.516068961373,22022.0,0.9989317903135708,0.9736839129979639,37483,0,37470
c4ba3dd5ca2e04e5,comments0720-fixed-arm-confirmation,poisson-n06-p045,pretrain_arm,10111,,1,6,6,poisson,,0.0,,,c4ba3dd5ca2e04e5cc18a5b0916285b4c269467f7a380cb77dbc5be2b4d7ce24,100000,200189373,99899,101,0.00101,0.9669328051694333,22044.529177971108,22022.0,0.998966175525709,0.9736991602317141,37483,0,37471
c5140e8d8d24e774,comments0720-fixed-arm-confirmation,poisson-n06-p045,pretrain_arm,10159,,23,6,6,poisson,,0.0,,,c5140e8d8d24e77463551162c77037a88d9bd920d304b9ca2a98b786a18149a8,100000,200201532,99887,113,0.00113,0.9668490648712917,22048.55372215269,22022.0,0.9989653838076895,0.9736409828929938,37479,0,37467
c5727a028735a592,comments0720-fixed-arm-confirmation,poisson-n04-p025,pretrain_arm,10141,,19,4,4,poisson,,0.0,,,c5727a028735a592a5a331951519e2887d9540e4824008583a1b26c92c0d9766,100000,346781513,69682,30318,0.30318,0.38935531145225727,37807.5962195367,118173.0,0.9986788213725739,0.6414343776082772,24991,0,23865
c5c5f2d1d8af88f7,comments0720-fixed-arm-confirmation,poisson-n06-p045,pretrain_arm,10259,,17,6,6,poisson,,0.0,,,c5c5f2d1d8af88f7672e7a0b8b1123fc4aa070e85f30caaeafd46e8909707653,100000,200191438,99907,93,0.00093,0.9671692952223062,22042.268461884978,22022.0,0.9989724687389535,0.9738000879870867,37478,0,37465
c606316ca33e8b31,comments0720-fixed-arm-confirmation,poisson-n04-p025,pretrain_arm,10303,,6,4,4,poisson,,0.0,,,c606316ca33e8b31a88af1f796ee26bd1c06c4e7bd0bfe8aaf9f5ee4ccf2e9b4,100000,341728400,68564,31436,0.31436,0.38872530348662854,37872.229024447166,116267.0,0.9989632828583482,0.6397948621149923,24992,0,23829
c623af512897aa9d,comments0720-fixed-arm-confirmation,poisson-n06-p045,pretrain_arm,10139,,14,6,6,poisson,,0.0,,,c623af512897aa9d17bdd7f23b6ff96291e17ede13d5de69dbdb9ef76b3b9f14,100000,200189456,99827,173,0.00173,0.9662938891247099,22062.283133797526,22022.0,0.9989389459730915,0.9732971116992672,37479,0,37466
c6528c59a0f198e8,comments0720-fixed-arm-confirmation,poisson-n06-p045,pretrain_arm,10273,,8,6,6,poisson,,0.0,,,c6528c59a0f198e8f83d733ad0b11bfeffd604e0aeeead58882e9618696750ec,100000,200185500,99869,131,0.00131,0.966794927704554,22052.44871165767,22022.0,0.9989658294109255,0.9735780857051598,37480,0,37466
c6621c7675099719,comments0720-fixed-arm-confirmation,poisson-n04-p025,pretrain_arm,10321,,15,4,4,poisson,,0.0,,,c6621c76750997193fdb365a5469bc022063b8baad9e6c47c257bc54736e506e,100000,382375593,76631,23369,0.23369,0.38834580375531447,37908.68574709944,118212.0,0.9987938131997074,0.658482705651674,24992,0,24111
c66f2f8e1e21c4d7,comments0720-fixed-arm-confirmation,poisson-n06-p045,pretrain_arm,10103,,16,6,6,poisson,,0.0,,,c66f2f8e1e21c4d78ce0e88fb0c52fcbc7d29052e50c100d55484e09ab708323,100000,200185501,99930,70,0.0007,0.9674159668536634,22037.103314718068,22022.0,0.9989923446218529,0.9739464371585055,37480,0,37467
c6a632fa5ba71cb8,comments0720-fixed-arm-confirmation,poisson-n06-p045,pretrain_arm,10103,,2,6,6,poisson,,0.0,,,c6a632fa5ba71cb8bb8477e2aa5935222d0059dfab23031bcd0869a9b3fb272b,100000,200185492,99933,67,0.00067,0.9673245551680638,22036.38063069825,22022.0,0.9989847999171968,0.9739209516950869,37480,0,37467
c72156a1d830dcd2,comments0720-fixed-arm-confirmation,poisson-n06-p045,pretrain_arm,10313,,17,6,6,poisson,,0.0,,,c72156a1d830dcd2dc571aeaf247d73bff92797237de795b87c919f8e913eb56,100000,200185402,99905,95,0.00095,0.9670988047370207,22041.86543601654,22022.0,0.9989629693598655,0.973768424698962,37482,0,37469
c76c08d481534cbe,comments0720-fixed-arm-confirmation,poisson-n06-p045,pretrain_arm,10177,,19,6,6,poisson,,0.0,,,c76c08d481534cbe6a78f9ec00173d810d1e16e2430491cda4855012a0ce1543,100000,200193521,99889,111,0.00111,0.9668684232792928,22046.569620633378,22022.0,0.9989585354746072,0.9736501529179666,37476,0,37464
c7be8280aafd1e44,comments0720-fixed-arm-confirmation,poisson-n04-p025,pretrain_arm,10343,,8,4,4,poisson,,0.0,,,c7be8280aafd1e44ca053b8faa92955143009af3775557244922ca09fbc985fd,100000,350918023,69753,30247,0.30247,0.38514408819634777,38243.30288909599,118242.0,0.9991253500896774,0.640310979428675,24994,0,23806
c82b744c1ca6682b,comments0720-fixed-arm-confirmation,poisson-n04-p025,pretrain_arm,10253,,19,4,4,poisson,,0.0,,,c82b744c1ca6682b324bdc806b953aa99ade1899ab9ea11ca7464c91db341105,100000,347418214,69481,30519,0.30519,0.38757878710412114,37993.95958142012,118154.0,0.9984356316552128,0.6402713062531113,24990,0,23820
c836e8b48ad5f313,comments0720-fixed-arm-confirmation,poisson-n06-p045,pretrain_arm,10267,,5,6,6,poisson,,0.0,,,c836e8b48ad5f3135118ee6b0d82faf8095b6e1753e3d959aa4fa00b9f3e6937,100000,200191460,99866,134,0.00134,0.966604784240047,22052.44192521081,22022.0,0.9989655606183666,0.9735071149528045,37485,0,37471
c84f0ad5d0875040,comments0720-fixed-arm-confirmation,poisson-n06-p045,pretrain_arm,10333,,11,6,6,poisson,,0.0,,,c84f0ad5d08750405d65dde3c56938ba8213ae270b9bfb03a04a06beec668017,100000,200191424,99899,101,0.00101,0.9670099554314574,22045.436903701182,22022.0,0.9989654231491177,0.9737246261935251,37482,0,37469
c87a479fb416e163,comments0720-fixed-arm-confirmation,poisson-n06-p045,pretrain_arm,10211,,5,6,6,poisson,,0.0,,,c87a479fb416e1636070e82b5ef824ca8138a6f9700b7300a82662b9c6806a07,100000,200193467,99784,216,0.00216,0.9659126039312761,22072.354508278877,22022.0,0.9989978003542105,0.9730821347618289,37478,0,37462
c87e95e78a2253a7,comments0720-fixed-arm-confirmation,poisson-n06-p045,pretrain_arm,10111,,23,6,6,poisson,,0.0,,,c87e95e78a2253a76ae5721cb2b82ea2c84911ce24bc87513f0dc734603ff672,100000,200189384,99926,74,0.00074,0.9671581236295727,22038.032928318353,22022.0,0.9989604663627649,0.9738398633307793,37483,0,37470
c88eb7cabd92d856,comments0720-fixed-arm-confirmation,poisson-n06-p045,pretrain_arm,10333,,21,6,6,poisson,,0.0,,,c88eb7cabd92d856e11331814a4bfc81f4b6fca042b2fce7d4edb4a1eb592e63,100000,200191430,99887,113,0.00113,0.9668080696561286,22048.32670838548,22022.0,0.9989688413794808,0.9736284703452033,37482,0,37469
c8b6bb7bb339ddb4,comments0720-fixed-arm-confirmation,poisson-n06-p045,pretrain_arm,10343,,21,6,6,poisson,,0.0,,,c8b6bb7bb339ddb414fb0d403d58700e02548234e550953828f2235431ceb67c,100000,200189456,99898,102,0.00102,0.966932029626975,22044.517369801575,22022.0,0.9989657844845178,0.9736962713704976,37481,0,37469
c8bc0efdd1864acc,comments0720-fixed-arm-confirmation,poisson-n06-p045,pretrain_arm,10181,,5,6,6,poisson,,0.0,,,c8bc0efdd1864acc5c102252d5bcf6d075f0a3db80225b8a4b13ae93745f9e5f,100000,200195488,99848,152,0.00152,0.9664953837521053,22056.864487759925,22022.0,0.9989691929103693,0.9734268588874915,37477,0,37462
c8ffacba8e9fc866,comments0720-fixed-arm-confirmation,poisson-n04-p025,pretrain_arm,10139,,12,4,4,poisson,,0.0,,,c8ffacba8e9fc86699cb2496c0034ae355306ec7347ac561efc856e5b8657519,100000,383747717,76033,23967,0.23967,0.3839494086162863,38368.93616573496,120185.0,0.9990437521050706,0.6542902202404522,24992,0,24106
c92e866a6fda4be7,comments0720-fixed-arm-confirmation,poisson-n06-p045,pretrain_arm,10141,,11,6,6,poisson,,0.0,,,c92e866a6fda4be779cbff141303c2483b028e7673c5031371241f46259a229c,100000,200193415,99917,83,0.00083,0.9671387393036879,22041.485220959912,22022.0,0.9989551318523688,0.9738091237186857,37480,0,37466
c9a733b7fc16f0ca,comments0720-fixed-arm-confirmation,poisson-n06-p045,pretrain_arm,10333,,14,6,6,poisson,,0.0,,,c9a733b7fc16f0cac5f159cc16c53b51153eb06ca0bcef8f7ac1bf3c6a1de68e,100000,200191398,99878,122,0.00122,0.9667245992257869,22050.48994652835,22022.0,0.9989578469076715,0.9735744820444862,37482,0,37470
c9ae7086ee2dc830,comments0720-fixed-arm-confirmation,poisson-n04-p025,pretrain_arm,10259,,15,4,4,poisson,,0.0,,,c9ae7086ee2dc830dad4dc0dffabde187e8204146bae92ebdf46f71b052e73dd,100000,383914030,76924,23076,0.23076,0.3882857576213091,37921.74755577513,118191.0,0.9986242406503388,0.6591526660905492,24990,0,24160
c9b975b26a66be41,comments0720-fixed-arm-confirmation,poisson-n06-p045,pretrain_arm,10133,,18,6,6,poisson,,0.0,,,c9b975b26a66be41565cb870bf06df3686588cbbc459b2ee95c3ba9175bc4e99,100000,200185477,99877,123,0.00123,0.9668003388677392,22050.296820707958,22022.0,0.9989543948042227,0.9735960778906539,37479,0,37466
c9ce7d43581567b7,comments0720-fixed-arm-confirmation,poisson-n04-p025,pretrain_arm,10169,,23,4,4,poisson,,0.0,,,c9ce7d43581567b7810d69b3e16ac0c1c3451bbf33f76f223aee5d9abb8585a5,100000,356922408,70821,29179,0.29179,0.38449433805231975,38311.60930902518,118294.0,0.9990146773944072,0.6426928384822423,24993,0,23920
c9d48857b96112e7,comments0720-fixed-arm-confirmation,poisson-n04-p025,pretrain_arm,10133,,3,4,4,poisson,,0.0,,,c9d48857b96112e79ecfe5b2d3ccc109dfa767010a3c9cadcba2efe961dd529c,100000,386530042,76874,23126,0.23126,0.38536532433357407,38217.06209507454,118233.0,0.9991257334445734,0.6581933525927158,24993,0,24169
c9ee2cf10602c9c6,comments0720-fixed-arm-confirmation,poisson-n04-p025,pretrain_arm,10333,,18,4,4,poisson,,0.0,,,c9ee2cf10602c9c65688849d450e8199f230cd03e2876eb39349e6f347b0d1a3,100000,347069222,69324,30676,0.30676,0.38707562781236765,38043.79763690923,118198.0,0.9986713360572596,0.6397603212898757,24992,0,23882
ca0daebdbe86cce2,comments0720-fixed-arm-confirmation,poisson-n06-p045,pretrain_arm,10133,,23,6,6,poisson,,0.0,,,ca0daebdbe86cce2f08be824f535827546e8b35d26a55b916469117032bbe60f,100000,200185473,99892,108,0.00108,0.9669808607940298,22046.68441129355,22022.0,0.9989665509290744,0.9736978039077013,37479,0,37466
ca4ae1dd744ca92e,comments0720-fixed-arm-confirmation,poisson-n06-p045,pretrain_arm,10103,,3,6,6,poisson,,0.0,,,ca4ae1dd744ca92ec2d4b0c4ee7124372ac98ca90e9c841a0009e1f0bfe1234e,100000,200185492,99933,67,0.00067,0.9673245551680638,22036.38063069825,22022.0,0.9989847999171968,0.9739209516950869,37480,0,37467
ca73cc91cad5020d,comments0720-fixed-arm-confirmation,poisson-n06-p045,pretrain_arm,10151,,22,6,6,poisson,,0.0,,,ca73cc91cad5020d1d4e93c76cd0a0cad51badcb63d7105bdf29ab9c6c35122c,100000,200187425,99911,89,0.00089,0.9671483311201989,22041.847315788946,22022.0,0.9989605216310756,0.9737991175837583,37479,0,37467
ca99e4269722c8ae,comments0720-fixed-arm-confirmation,poisson-n04-p025,pretrain_arm,10177,,4,4,4,poisson,,0.0,,,ca99e4269722c8ae4b45563227957203146bff89571afbbe6e081bc6f2682f9a,100000,388723318,77517,22483,0.22483,0.38633050307519756,38114.4854533022,118219.0,0.9991108774414446,0.6601269601722141,24992,0,24109
cac10c5be49f5b22,comments0720-fixed-arm-confirmation,poisson-n06-p045,pretrain_arm,10333,,8,6,6,poisson,,0.0,,,cac10c5be49f5b22d17077b140ea720e2eaf0316274eee54fb36ade770da91b4,100000,200191430,99898,102,0.00102,0.9670418109306678,22045.678333299962,22022.0,0.9989715510596825,0.9737347873301168,37482,0,37469
cac4b7a071f00db7,comments0720-fixed-arm-confirmation,poisson-n04-p025,pretrain_arm,10169,,12,4,4,poisson,,0.0,,,cac4b7a071f00db785016c60799722d52b99d9fae51fc2e9898b0d98fd8cc1fe,100000,382653695,75941,24059,0.24059,0.3845348782010324,38303.66241291665,118279.0,0.9989801172150728,0.6555048318053683,24993,0,24104
caeb3f16889a89a8,comments0720-fixed-arm-confirmation,poisson-n04-p025,pretrain_arm,10177,,23,4,4,poisson,,0.0,,,caeb3f16889a89a8f717bb26afb78135cecb597460674210d280bfb480e45576,100000,354472758,70821,29179,0.29179,0.38710813427304336,38038.50559925437,118213.0,0.998959798810974,0.6435998110280057,24992,0,23902
cb039c3f21a6f119,comments0720-fixed-arm-confirmation,poisson-n06-p045,pretrain_arm,10343,,13,6,6,poisson,,0.0,,,cb039c3f21a6f119615cb45da90b1e284d6e734165fb23a2d3e6ff4a5ffad9df,100000,200189433,99864,136,0.00136,0.9666382740591508,22052.701738573087,22022.0,0.998980237440958,0.9735181705000362,37481,0,37469
cb0f5ab464ce37ad,comments0720-fixed-arm-confirmation,poisson-n06-p045,pretrain_arm,10303,,17,6,6,poisson,,0.0,,,cb0f5ab464ce37ad8cd51b50bcaee89c574a9818712e8d4a53f21bf599514aa0,100000,200193499,99914,86,0.00086,0.9670695900070162,22041.83248583612,22022.0,0.9989689889393032,0.9737831929821064,37481,0,37468
cb545b5b800314ec,comments0720-fixed-arm-confirmation,poisson-n04-p025,pretrain_arm,10271,,2,4,4,poisson,,0.0,,,cb545b5b800314ec5cc8a6efae9c9d03b4f3d9040c24029c4f2e1708da9ad521,100000,380938127,76864,23136,0.23136,0.3909811133186991,37639.238484958885,116271.0,0.9989344921968932,0.661284535171864,24988,0,24161
cb734a323f4ccc66,comments0720-fixed-arm-confirmation,poisson-n04-p025,pretrain_arm,10103,,21,4,4,poisson,,0.0,,,cb734a323f4ccc665433b43eda3e8dcdc47659583a5e191d294c17f673fd802d,100000,350907615,69862,30138,0.30138,0.38584451066985254,38176.6714003493,118215.0,0.9984939228135011,0.6406244778277846,24987,0,23802
cbcf2db08d82bb03,comments0720-fixed-arm-confirmation,poisson-n06-p045,pretrain_arm,10253,,7,6,6,poisson,,0.0,,,cbcf2db08d82bb0312ee448e678658f9f930a2d858f78d59ebbd5b2cc3b99775,100000,200191467,99889,111,0.00111,0.9668359191353546,22048.04770868168,22022.0,0.9989662868058384,0.9736419019803977,37479,0,37464
cbd7460aabab9241,comments0720-fixed-arm-confirmation,poisson-n04-p025,pretrain_arm,10103,,13,4,4,poisson,,0.0,,,cbd7460aabab9241c879ffb0c14fc85e6ce23fff9d6dbe2be4ef698cb7722fe6,100000,381222450,75969,24031,0.24031,0.38622646698797514,38142.445807717115,118204.0,0.9985113313597462,0.6560324327825738,24989,0,24107
cbdd07af9709c714,comments0720-fixed-arm-confirmation,poisson-n06-p045,pretrain_arm,10313,,9,6,6,poisson,,0.0,,,cbdd07af9709c7140ad936b7a6a0b1abf9980c7dc835098f114d45e86131ac49,100000,200185428,99894,106,0.00106,0.9669589486803205,22044.516068961373,22022.0,0.9989317903135708,0.9736839129979639,37483,0,37470
cc40f9b760c4c833,comments0720-fixed-arm-confirmation,poisson-n06-p045,pretrain_arm,10321,,21,6,6,poisson,,0.0,,,cc40f9b760c4c83374bcae894fc92bcbbf274a1a6f7bea37a594eafe62be0bff,100000,200185382,99935,65,0.00065,0.9673829780438215,22035.92847492569,22022.0,0.9989785216095999,0.9739433332178071,37482,0,37469
cc884415c38c4a82,comments0720-fixed-arm-confirmation,poisson-n06-p045,pretrain_arm,10111,,4,6,6,poisson,,0.0,,,cc884415c38c4a829a231ccbbd89a5b45bc817073e7cb516aee8b287ced239ef,100000,200189387,99896,104,0.00104,0.9669045242643157,22045.253043530494,22022.0,0.9989669097425846,0.9736824780023,37483,0,37471
cc8cb91e6335e270,comments0720-fixed-arm-confirmation,poisson-n06-p045,pretrain_arm,10211,,9,6,6,poisson,,0.0,,,cc8cb91e6335e270f90e72474bc848f90469303871d6ab2f4dfbbaf829df104a,100000,200193477,99818,182,0.00182,0.9661377678154818,22064.155191070677,22022.0,0.9989766296534494,0.9732351324896437,37478,0,37464
cca7966aaaf4bde8,comments0720-fixed-arm-confirmation,poisson-n04-p025,pretrain_arm,10133,,15,4,4,poisson,,0.0,,,cca7966aaaf4bde87cc2330964f15d8e26d8eeb6c1394d8dda318d13b06a226b,100000,386225126,76842,23158,0.23158,0.38548941013226573,38207.407866309186,118230.0,0.9991283393701023,0.658157583167456,24993,0,24156
ccca4b448cfef47c,comments0720-fixed-arm-confirmation,poisson-n04-p025,pretrain_arm,10181,,4,4,4,poisson,,0.0,,,ccca4b448cfef47c84439da1e27dc06489b3c61abb265b464dacbe2eba671283,100000,387816745,77600,22400,0.224,0.3877601313991741,37978.875734611815,116276.0,0.9987568860183992,0.6619883391391911,24990,0,24218
ccfc90149495c5ed,comments0720-fixed-arm-confirmation,poisson-n04-p025,pretrain_arm,10103,,1,4,4,poisson,,0.0,,,ccfc90149495c5ed36285ceae358632b2d4f3a540032f0a9771ee5deaab99224,100000,380420771,75830,24170,0.2417,0.3862716975567036,38131.47937274142,118224.0,0.9984783223612392,0.6556756733059811,24989,0,24062
cd25a6ce390b35f0,comments0720-fixed-arm-confirmation,poisson-n04-p025,pretrain_arm,10289,,16,4,4,poisson,,0.0,,,cd25a6ce390b35f066de09f7d46f02cc7e5c088401b5f1929d9451464fa1744d,100000,384252017,77350,22650,0.2265,0.39007029597452963,37735.86201546378,116278.0,0.9987395043033361,0.6621262667592885,24993,0,24150
cd87631f225351ff,comments0720-fixed-arm-confirmation,poisson-n06-p045,pretrain_arm,10271,,21,6,6,poisson,,0.0,,,cd87631f225351ff7f3f79da0e5d617ce96f3a8c0da74b96656ca0c8acf9255e,100000,200199498,99878,122,0.00122,0.9667445569718661,22050.077754190614,22022.0,0.9989452880693225,0.973576948347063,37480,0,37465
cde0080e54629bed,comments0720-fixed-arm-confirmation,poisson-n06-p045,pretrain_arm,10273,,21,6,6,poisson,,0.0,,,cde0080e54629bed35bd98fd180af4930d921d857ab70df83a617a7b2642785d,100000,200185491,99848,152,0.00152,0.9664719457615437,22057.507111663126,22022.0,0.9989543499083077,0.973414098556617,37480,0,37468
cdf3d058ba26155c,comments0720-fixed-arm-confirmation,poisson-n06-p045,pretrain_arm,10343,,16,6,6,poisson,,0.0,,,cdf3d058ba26155c1c13e9c4d3597c420678ccac9b47860d4c3295211c7a6eb5,100000,200189433,99865,135,0.00135,0.9666868980042518,22052.460667180756,22022.0,0.9989715762300598,0.9735339914114373,37481,0,37469
cdfe2d8b96af970f,comments0720-fixed-arm-confirmation,poisson-n04-p025,pretrain_arm,10163,,8,4,4,poisson,,0.0,,,cdfe2d8b96af970f3f6d474450911dcbda51a5c5bb45edc4c3fbaec29380c6bd,100000,347161552,69543,30457,0.30457,0.3881874194409639,37932.08029050119,116307.0,0.9988446538489787,0.6419968577633143,24991,0,23847
ce0b58b7572cdf1f,comments0720-fixed-arm-confirmation,poisson-n04-p025,pretrain_arm,10321,,8,4,4,poisson,,0.0,,,ce0b58b7572cdf1fe053938ffd44d29a2a95a90211f01bdb18bc903fe3dacbbb,100000,348257170,69898,30102,0.30102,0.38891166835129337,37851.197696380026,118243.0,0.9988184964195969,0.6418263882569635,24993,0,23867
ce3a0dd7495e46d6,comments0720-fixed-arm-confirmation,poisson-n06-p045,pretrain_arm,10133,,8,6,6,poisson,,0.0,,,ce3a0dd7495e46d6308092e80b4fde538eade3d8a1868a8e5a8911f1990e6a80,100000,200185483,99877,123,0.00123,0.9668291781177759,22050.29719120813,22022.0,0.9989681248735848,0.9736102676637869,37479,0,37466
ce7c51e80b8b6b0b,comments0720-fixed-arm-confirmation,poisson-n06-p045,pretrain_arm,10357,,16,6,6,poisson,,0.0,,,ce7c51e80b8b6b0bda145c3deeaa3cad48dc3456836ab8688c26de815a814fb4,100000,200185428,99918,82,0.00082,0.9671401756575408,22040.60201589494,22022.0,0.998954815934667,0.9738119971974026,37478,0,37466
ce91170661dd58af,comments0720-fixed-arm-confirmation,poisson-n06-p045,pretrain_arm,10103,,10,6,6,poisson,,0.0,,,ce91170661dd58afbb66fb70e95fa0ede26b64e2aa1219f517a06d0da362c92f,100000,200185511,99926,74,0.00074,0.9673388100500441,22038.066987609345,22022.0,0.9989870730542267,0.973908961034757,37480,0,37467
cea443ebde4e6c92,comments0720-fixed-arm-confirmation,poisson-n04-p025,pretrain_arm,10139,,7,4,4,poisson,,0.0,,,cea443ebde4e6c921092d25e5adf97b05e54aabff4b63c8689075d8be090701a,100000,347067111,68696,31304,0.31304,0.3835048403650094,38410.31347542511,120222.0,0.9989249555672329,0.6357352653107474,24991,0,23863
ceb262316995fd27,comments0720-fixed-arm-confirmation,poisson-n06-p045,pretrain_arm,10333,,16,6,6,poisson,,0.0,,,ceb262316995fd27e3b254af436f74b5f26638a9e31a347b8608a060d49137c0,100000,200191412,99894,106,0.00106,0.9668852378142975,22046.639094131075,22022.0,0.9989528513821305,0.9736663630654762,37482,0,37469
cebe1cbe4fc6132e,comments0720-fixed-arm-confirmation,poisson-n06-p045,pretrain_arm,10139,,20,6,6,poisson,,0.0,,,cebe1cbe4fc6132ed27d3e19db824899b84876a23496c7f1b145f55427d60147,100000,200189475,99864,136,0.00136,0.9666525475427716,22053.36937667748,22022.0,0.9989396988164408,0.9735094154530709,37482,0,37470
cf056e1116282b6e,comments0720-fixed-arm-confirmation,poisson-n04-p025,pretrain_arm,10193,,23,4,4,poisson,,0.0,,,cf056e1116282b6e3d10060be9fffeb4c5c954d0a4db8631e1e15e9bfd9866a0,100000,353088715,70787,29213,0.29213,0.38846512271002487,37899.38638579239,116278.0,0.9988409799385124,0.645217534216179,24993,0,23968
cf41b231b4ab2e3b,comments0720-fixed-arm-confirmation,poisson-n04-p025,pretrain_arm,10223,,15,4,4,poisson,,0.0,,,cf41b231b4ab2e3b11ee420e8700b2105c1d79eb075d2e77884eb79b709c95d0,100000,387124078,76925,23075,0.23075,0.3850028155572385,38258.37909694866,118251.0,0.9991230350722258,0.658187116876488,24990,0,24109
cf464106e95be340,comments0720-fixed-arm-confirmation,poisson-n04-p025,pretrain_arm,10357,,5,4,4,poisson,,0.0,,,cf464106e95be340d4dcd1ed1362a8831342e68f73ea9cbcc8d87083d58ce825,100000,386384439,77340,22660,0.2266,0.3878463671773283,37964.72927119433,118240.0,0.9989612897252625,0.6601258856341969,24989,0,24178
cf4e14eb22c73f0d,comments0720-fixed-arm-confirmation,poisson-n04-p025,pretrain_arm,10289,,15,4,4,poisson,,0.0,,,cf4e14eb22c73f0d80c3692263a03915696e5d1337ea6689d057ce4de98d60bc,100000,380657190,76603,23397,0.23397,0.38992614851173574,37745.4662706443,116297.0,0.9987554485612528,0.6602033656909962,24993,0,24134
cf8782fecc7cffb0,comments0720-fixed-arm-confirmation,poisson-n06-p045,pretrain_arm,10333,,17,6,6,poisson,,0.0,,,cf8782fecc7cffb0a78ae86c9db1073a0acf505ffb3f96fc14235c5f991ea03f,100000,200191412,99894,106,0.00106,0.9668852378142975,22046.639094131075,22022.0,0.9989528513821305,0.9736663630654762,37482,0,37469
cfe450081bc285d9,comments0720-fixed-arm-confirmation,poisson-n06-p045,pretrain_arm,10103,,13,6,6,poisson,,0.0,,,cfe450081bc285d9e1d802e1755b28731e972a6419385030ed7f5f89dbdc2326,100000,200185491,99922,78,0.00078,0.9670956173342253,22039.026694024622,22022.0,0.9989691860328815,0.9738119344557024,37480,0,37467
d019e77b0859238c,comments0720-fixed-arm-confirmation,poisson-n06-p045,pretrain_arm,10133,,0,6,6,poisson,,0.0,,,d019e77b0859238cd1a8a849f0772b9875aad5d94206871eb5ce6467d974bcb4,100000,200185451,99843,157,0.00157,0.9664641362972977,22058.484508819907,22022.0,0.9989478573358178,0.9733968312110385,37479,0,37467
d029bed6080a6158,comments0720-fixed-arm-confirmation,poisson-n04-p025,pretrain_arm,10271,,22,4,4,poisson,,0.0,,,d029bed6080a6158a7b3c5ff01c5c1e01900a45372cce335677944f2feec1cc3,100000,349114045,70439,29561,0.29561,0.39087750250781234,37643.23513793642,116283.0,0.9989902702149468,0.6451980909075864,24988,0,23896
d0493c2c88dc1ce1,comments0720-fixed-arm-confirmation,poisson-n04-p025,pretrain_arm,10267,,1,4,4,poisson,,0.0,,,d0493c2c88dc1ce15f85fe1f98041957d08b81ea9163d54be05a4f799360f4c5,100000,382809609,75812,24188,0.24188,0.3837250412384502,38394.54494485779,118280.0,0.998955205160182,0.6549034154662107,24992,0,24089
d04ed92559199b2b,comments0720-fixed-arm-confirmation,poisson-n04-p025,pretrain_arm,10337,,10,4,4,poisson,,0.0,,,d04ed92559199b2bb11b242cbc7ab4e7bf7864634bc622b8e0c25be4618b3495,100000,353040528,70580,29420,0.2942,0.3874004006701463,38009.50381171003,118210.0,0.9990388052022968,0.6431230686241477,24991,0,23865
d060fd77f11910e4,comments0720-fixed-arm-confirmation,poisson-n04-p025,pretrain_arm,10357,,9,4,4,poisson,,0.0,,,d060fd77f11910e491577fb10ab984db319460472a80beb94ad979fe12f02c24,100000,347706730,69612,30388,0.30388,0.387941464348418,37955.78853226826,118261.0,0.9989332035706032,0.6408142226396738,24990,0,23871
d07bd256db2cd59f,comments0720-fixed-arm-confirmation,poisson-n06-p045,pretrain_arm,10177,,22,6,6,poisson,,0.0,,,d07bd256db2cd59fc2c797e76785e86fb57825ef431c41c5e92401db9af8781b,100000,200193526,99888,112,0.00112,0.9668297465323629,22046.81111578357,22022.0,0.9989556520049031,0.973633799512422,37478,0,37464
d0ddcda24ff2ef81,comments0720-fixed-arm-confirmation,poisson-n06-p045,pretrain_arm,10159,,16,6,6,poisson,,0.0,,,d0ddcda24ff2ef81fcbb61bae54e9d65b94721c9cfe35b3da3bd26e84bf74c1f,100000,200201518,99877,123,0.00123,0.9667341533344418,22050.960026035147,22022.0,0.9989588552245772,0.9735755028530062,37479,0,37466
d0e0a4ea4bd9d73a,comments0720-fixed-arm-confirmation,poisson-n06-p045,pretrain_arm,10223,,22,6,6,poisson,,0.0,,,d0e0a4ea4bd9d73a5fd3e7d02ed6f2e7d88371eba3ff77d062becfb1d93549b0,100000,200193439,99904,96,0.00096,0.9669724590724474,22044.15548792696,22022.0,0.9989489688361736,0.973719142636207,37481,0,37467
d106400a00e34b6c,comments0720-fixed-arm-confirmation,poisson-n06-p045,pretrain_arm,10331,,21,6,6,poisson,,0.0,,,d106400a00e34b6cb50479a2c170b3d00359e6ee27607012b880153c03f6b520,100000,200187426,99891,109,0.00109,0.9669399715444665,22047.32333123079,22022.0,0.9989829196448878,0.9736871303964516,37481,0,37467
d1168d0f3b48af5a,comments0720-fixed-arm-confirmation,poisson-n04-p025,pretrain_arm,10301,,22,4,4,poisson,,0.0,,,d1168d0f3b48af5ab7f665fef27e6390ba75c8fd3f8d8f19bca3790998aadc62,100000,351425515,70548,29452,0.29452,0.38900858123520143,37848.75334561951,118200.0,0.9987142986158511,0.6434776266170177,24989,0,23886
d1ae833d33c151d0,comments0720-fixed-arm-confirmation,poisson-n04-p025,pretrain_arm,10331,,8,4,4,poisson,,0.0,,,d1ae833d33c151d04f9544e7832ee7f14b58c1ad67ef5345853e4f35bba1345f,100000,348303066,69673,30327,0.30327,0.3876046729947534,37986.895901815835,118229.0,0.9987955590316758,0.6408299106754763,24992,0,23833
d1dbaf9d7353bb27,comments0720-fixed-arm-confirmation,poisson-n04-p025,pretrain_arm,10303,,18,4,4,poisson,,0.0,,,d1dbaf9d7353bb2757c97be0020248709db8e840e67d791551d109309ad99dc2,100000,345768944,69338,30662,0.30662,0.38855856875335804,37891.25241598154,116262.0,0.9989742506420564,0.6416812731318049,24992,0,23888
d20e0d973c4d7778,comments0720-fixed-arm-confirmation,poisson-n06-p045,pretrain_arm,10139,,19,6,6,poisson,,0.0,,,d20e0d973c4d777864300ce6e29edab13fac342cad7c2bfe43557fcb76f652dc,100000,200189491,99864,136,0.00136,0.9666213048116497,22053.371049152745,22022.0,0.9989442093224031,0.973500504711351,37482,0,37470
d2352be627eadfc4,comments0720-fixed-arm-confirmation,poisson-n04-p025,pretrain_arm,10247,,14,4,4,poisson,,0.0,,,d2352be627eadfc4aafe291abc90b58e7a3ef28ff703004ec7e74deee75924f4,100000,383823677,76637,23363,0.23363,0.3869012854045479,38062.64398595832,118202.0,0.9989880621898157,0.6580876158647877,24991,0,24189
d2e69daa4b659515,comments0720-fixed-arm-confirmation,poisson-n04-p025,pretrain_arm,10163,,14,4,4,poisson,,0.0,,,d2e69daa4b6595159d6e4dec96590c91267882c4f658110df05f8698ee9a7ec3,100000,383165526,76699,23301,0.23301,0.3878774235028649,37961.73119401233,116314.0,0.9988868249481766,0.6597929161503471,24992,0,24140
d2e837defa35d277,comments0720-fixed-arm-confirmation,poisson-n04-p025,pretrain_arm,10313,,6,4,4,poisson,,0.0,,,d2e837defa35d277c2f748de4872a589476d1a7541373dce2cb9805a79d0ecc9,100000,344904103,68637,31363,0.31363,0.38553337534520427,38193.7626222151,118237.0,0.9992815243260454,0.6377061332237499,24992,0,23841
d320f6c0acd72b84,comments0720-fixed-arm-confirmation,poisson-n04-p025,pretrain_arm,10223,,6,4,4,poisson,,0.0,,,d320f6c0acd72b844a3875f18db6c903acc2d954eb307d4b8713c4104312dfdd,100000,346635210,68834,31166,0.31166,0.3847529712864426,38286.18718216953,118297.0,0.9991629099764342,0.6378589604209589,24990,0,23813
d34991910019ad2b,comments0720-fixed-arm-confirmation,poisson-n06-p045,pretrain_arm,10159,,6,6,6,poisson,,0.0,,,d34991910019ad2be414dfb337c7a4af06f52e756fe017ee15f7fa565d59b0f8,100000,200201530,99885,115,0.00115,0.9668067272013355,22049.035134620968,22022.0,0.998954278552829,0.9736181685847216,37479,0,37467
d39c418903003799,comments0720-fixed-arm-confirmation,poisson-n06-p045,pretrain_arm,10289,,23,6,6,poisson,,0.0,,,d39c418903003799ea3900ffa54f720af794f8356f64ee58352c7ada45889948,100000,200185432,99900,100,0.001,0.9670594062009468,22044.99678640077,22022.0,0.9989395592320539,0.9737349884776669,37485,0,37472
d3a26047e2a0af45,comments0720-fixed-arm-confirmation,poisson-n06-p045,pretrain_arm,10111,,19,6,6,poisson,,0.0,,,d3a26047e2a0af45843bd170138d3145158430d3297d7d6914432899eab2bb15,100000,200189389,99920,80,0.0008,0.9671331680821504,22039.47694879289,22022.0,0.9989678780298694,0.9738190153706733,37483,0,37470
d3c069d1681b4b6f,comments0720-fixed-arm-confirmation,poisson-n06-p045,pretrain_arm,10247,,14,6,6,poisson,,0.0,,,d3c069d1681b4b6fe48b0175f0bdd63de8d2ad283387a1b25d71586bc7d369a5,100000,200187436,99881,119,0.00119,0.966843153932997,22049.81181347565,22022.0,0.9989708710427359,0.9736258416585777,37479,0,37465
d3d79d70283a5d4d,comments0720-fixed-arm-confirmation,poisson-n06-p045,pretrain_arm,10141,,16,6,6,poisson,,0.0,,,d3d79d70283a5d4d459d83078f81dfb0714c8e93b6ca294ab33ee7b414445870,100000,200193409,99909,91,0.00091,0.9670561132209902,22043.409862158023,22022.0,0.9989653182194531,0.9737649771468144,37480,0,37467
d3f7843862ba2857,comments0720-fixed-arm-confirmation,poisson-n04-p025,pretrain_arm,10133,,17,4,4,poisson,,0.0,,,d3f7843862ba28576c406c461f38cb495439ae87c1e397c3879fc66919977b76,100000,390117989,77605,22395,0.22395,0.3854330336968901,38206.529208603424,118241.0,0.9991716648485146,0.6600533995151349,24993,0,24180
d40a71549cef4c17,comments0720-fixed-arm-confirmation,poisson-n04-p025,pretrain_arm,10337,,23,4,4,poisson,,0.0,,,d40a71549cef4c170d28aaa5008ff23846484b778b06ca7d345d49f79d42f380,100000,353606653,70674,29326,0.29326,0.3872446540195611,38023.74515325616,118214.0,0.9990390769695093,0.6433035769963568,24991,0,23894
d4b378d45f6f340f,comments0720-fixed-arm-confirmation,poisson-n04-p025,pretrain_arm,10247,,2,4,4,poisson,,0.0,,,d4b378d45f6f340fedc11c4265ce357590863987b14714222f6d8457f636dbfe,100000,383554941,76598,23402,0.23402,0.38694796529814485,38054.53063063063,118198.0,0.9989870218458169,0.658007995714654,24991,0,24187
d4d831158d6afd74,comments0720-fixed-arm-confirmation,poisson-n06-p045,pretrain_arm,10103,,14,6,6,poisson,,0.0,,,d4d831158d6afd741cc34834fcb6d325547c29bef5cccafa5a62224e05a0dd1b,100000,200185492,99930,70,0.0007,0.9672537058779465,22037.102193798914,22022.0,0.9989799047304707,0.973888203536139,37480,0,37467
d520bba870ac8c1b,comments0720-fixed-arm-confirmation,poisson-n04-p025,pretrain_arm,10343,,16,4,4,poisson,,0.0,,,d520bba870ac8c1bc001b26ac6f9c0127b814dceb65d333e3015fabfd2b42faf,100000,388424383,77316,22684,0.22684,0.3856749719030898,38187.33096186682,118219.0,0.9990679131309032,0.6593916283446644,24994,0,24153
d5404c405f209f8f,comments0720-fixed-arm-confirmation,poisson-n04-p025,pretrain_arm,10163,,20,4,4,poisson,,0.0,,,d5404c405f209f8faee7cd59c27daca31e0401d5a65a1749e67852948b9b3192,100000,350229491,70161,29839,0.29839,0.3882201056563795,37927.677333827494,116279.0,0.9988417575912455,0.643570454415875,24991,0,23839
d5627ccf81097411,comments0720-fixed-arm-confirmation,poisson-n04-p025,pretrain_arm,10267,,13,4,4,poisson,,0.0,,,d5627ccf81097411d7347b00814ab4da333c4be1345c701617ae63335b3637bd,100000,383643434,75981,24019,0.24019,0.38377114776842497,38390.4822634357,120137.0,0.998951933293828,0.6541021936874176,24992,0,24103
d58d082ac06e4002,comments0720-fixed-arm-confirmation,poisson-n04-p025,pretrain_arm,10271,,15,4,4,poisson,,0.0,,,d58d082ac06e400293dae8dad37b6e4a4be891e08afede3f2d78e0fd56543578,100000,380545565,76777,23223,0.23223,0.39094254324051836,37644.78927692167,116231.0,0.9989458798280396,0.6610846410228527,24988,0,24165
d5d386e897df04ba,comments0720-fixed-arm-confirmation,poisson-n04-p025,pretrain_arm,10177,,5,4,4,poisson,,0.0,,,d5d386e897df04ba47eeec6595d1e880ceed2871794a808a97cd9963b31e8247,100000,388723318,77517,22483,0.22483,0.38633050307519756,38114.4854533022,118219.0,0.9991108774414446,0.6601269601722141,24992,0,24109
d607bef90b4d4d28,comments0720-fixed-arm-confirmation,poisson-n06-p045,pretrain_arm,10169,,21,6,6,poisson,,0.0,,,d607bef90b4d4d282bfe34eaf5bc8830eb99f2d1c55f1ab32559290897d14fcd,100000,200187489,99926,74,0.00074,0.9672887200258553,22038.004443821686,22022.0,0.998989728647196,0.9738931495576837,37476,0,37461
d6389f33519dafab,comments0720-fixed-arm-confirmation,poisson-n04-p025,pretrain_arm,10243,,2,4,4,poisson,,0.0,,,d6389f33519dafab78d4df4e56c7843109622a112bbbd40496a954ceb4f82938,100000,381782738,76587,23413,0.23413,0.38880961663594127,37873.46793507358,116254.0,0.9984476102871791,0.6597172423077067,24991,0,24102
d66f26108236cbf4,comments0720-fixed-arm-confirmation,poisson-n04-p025,pretrain_arm,10181,,19,4,4,poisson,,0.0,,,d66f26108236cbf4aecfb92496e31b2e467930a8bea81dd8746e1543e70c4ead,100000,346638126,69417,30583,0.30583,0.38808461594325605,37941.41187742224,116272.0,0.9987496109919939,0.6416392423117501,24990,0,23904
d675eefd6342fb82,comments0720-fixed-arm-confirmation,poisson-n06-p045,pretrain_arm,10259,,11,6,6,poisson,,0.0,,,d675eefd6342fb8275b3f522ffa2d4cfe1faf92163158aa5273e8515cf7d2ecd,100000,200191446,99921,79,0.00079,0.9671052328579514,22038.900439399855,22022.0,0.9989640821679402,0.9738109383419637,37479,0,37466
d6a9bfbc86d5b23e,comments0720-fixed-arm-confirmation,poisson-n06-p045,pretrain_arm,10243,,6,6,6,poisson,,0.0,,,d6a9bfbc86d5b23ed7733aa84809e418cb9ae1c0a7d3450cec32443cb3a0086d,100000,200191538,99830,170,0.0017,0.9662988902158292,22060.825843034323,22022.0,0.9989617369798874,0.9733138757319055,37480,0,37468
d6b4b7cbac242df7,comments0720-fixed-arm-confirmation,poisson-n06-p045,pretrain_arm,10321,,13,6,6,poisson,,0.0,,,d6b4b7cbac242df78cec5a4611d3f63f11df49b0c4eda6cc6e97b9fe364ef57d,100000,200185383,99916,84,0.00084,0.9671986091012449,22040.500090086483,22022.0,0.9989686023197856,0.9738310704736768,37482,0,37469
d6dbd883657d3de3,comments0720-fixed-arm-confirmation,poisson-n04-p025,pretrain_arm,10369,,18,4,4,poisson,,0.0,,,d6dbd883657d3de3286ec35acf9dca6d9ea4200ab825596ddf95519705bd21d3,100000,345109793,69178,30822,0.30822,0.3885342772640474,37905.84594477375,118206.0,0.9986184430361645,0.6398585734334039,24992,0,23903
d715de7397b2e4d0,comments0720-fixed-arm-confirmation,poisson-n06-p045,pretrain_arm,10357,,13,6,6,poisson,,0.0,,,d715de7397b2e4d0f588744255c229637168f8cca96d943c5ad7900ac7fca014,100000,200185425,99934,66,0.00066,0.9673379168338554,22036.751936510478,22022.0,0.9989590491798978,0.9739193220045844,37477,0,37464
d7201e0acecd42fb,comments0720-fixed-arm-confirmation,poisson-n06-p045,pretrain_arm,10343,,5,6,6,poisson,,0.0,,,d7201e0acecd42fb72bc963830ccf5894405e261c305309ea1c4f8f84dca4543,100000,200189440,99881,119,0.00119,0.9667207720846814,22048.608026514736,22022.0,0.9989604737933597,0.9735815819593471,37481,0,37469
d745c7e13a036412,comments0720-fixed-arm-confirmation,poisson-n04-p025,pretrain_arm,10103,,14,4,4,poisson,,0.0,,,d745c7e13a036412b13ecbf67c948790b87606e90e43c468dd56398a2c3465a1,100000,385200971,76798,23202,0.23202,0.38632122762743504,38120.87915093111,118226.0,0.9985163838393941,0.6581235371556097,24989,0,24069
d781d06edb01b870,comments0720-fixed-arm-confirmation,poisson-n04-p025,pretrain_arm,10139,,4,4,4,poisson,,0.0,,,d781d06edb01b8708f7119158f40179fe04a15f6e982ed81e198166bd72e6b7d,100000,392243647,77670,22330,0.2233,0.3837041215354598,38393.08305220056,120175.0,0.999010065831311,0.6582963957889235,24992,0,24203
d79bab375f8eef74,comments0720-fixed-arm-confirmation,poisson-n04-p025,pretrain_arm,10331,,11,4,4,poisson,,0.0,,,d79bab375f8eef74277ce44c2fc70c2417483bed4697b4d5d63c19e21e19ef54,100000,351636716,70321,29679,0.29679,0.38749350053650256,37999.89316342639,118262.0,0.9987869181366319,0.6423879728910448,24992,0,23882
d7b5a11f4adf5462,comments0720-fixed-arm-confirmation,poisson-n06-p045,pretrain_arm,10159,,13,6,6,poisson,,0.0,,,d7b5a11f4adf54628b7518e55d41eab0b0596e470d8e1a5df00c99dad9498311,100000,200201511,99886,114,0.00114,0.966848162299834,22048.791777639824,22022.0,0.9989531094154718,0.9736340905717686,37479,0,37467
d7be34a070f48738,comments0720-fixed-arm-confirmation,poisson-n06-p045,pretrain_arm,10267,,9,6,6,poisson,,0.0,,,d7be34a070f48738c9caf686d6d916428c19dcfe61ff612b05c8e55948346a07,100000,200191467,99890,110,0.0011,0.9668114925198086,22046.66322913955,22022.0,0.998969157022531,0.9736372165141132,37485,0,37472
d7cd7dd4b9396be8,comments0720-fixed-arm-confirmation,poisson-n04-p025,pretrain_arm,10159,,8,4,4,poisson,,0.0,,,d7cd7dd4b9396be8aa95f39b3a76cd1b6d70bde8e83451d3dc28c774098180e8,100000,345778327,69697,30303,0.30303,0.39052343786717436,37682.54823573304,116256.0,0.9988075164909354,0.6431821514527031,24991,0,23903
d82adf33edefe2cf,comments0720-fixed-arm-confirmation,poisson-n04-p025,pretrain_arm,10301,,23,4,4,poisson,,0.0,,,d82adf33edefe2cfa29a3d73a7211df920406e53bd1c289057319bdaaff1e58c,100000,351425515,70548,29452,0.29452,0.38900858123520143,37848.75334561951,118200.0,0.9987142986158511,0.6434776266170177,24989,0,23886
d84c8e3be326f2eb,comments0720-fixed-arm-confirmation,poisson-n06-p045,pretrain_arm,10169,,6,6,6,poisson,,0.0,,,d84c8e3be326f2eb6ee5299b380d918c41c2bf437f219f9c6169c61162ed9bd9,100000,200187488,99931,69,0.00069,0.9672959480864258,22036.80135910087,22022.0,0.998983627832756,0.9739060253063939,37476,0,37462
d8c669eb7a12c516,comments0720-fixed-arm-confirmation,poisson-n06-p045,pretrain_arm,10151,,7,6,6,poisson,,0.0,,,d8c669eb7a12c5169f1fdc8bf90b3ec4cd5a51acf61b48e55e72174cfe167bd4,100000,200187458,99878,122,0.00122,0.9668410795245724,22049.79554603168,22022.0,0.9989574598334354,0.9736131797860027,37479,0,37466
d8ff3afb571da4df,comments0720-fixed-arm-confirmation,poisson-n04-p025,pretrain_arm,10223,,13,4,4,poisson,,0.0,,,d8ff3afb571da4dfb9cb9df63d24cb8ce146edd75d600ad608ae088230657c4d,100000,382733063,76025,23975,0.23975,0.3848106114626423,38272.85751871292,118249.0,0.9991730234162449,0.6558910449596291,24990,0,24130
d961790345b33809,comments0720-fixed-arm-confirmation,poisson-n06-p045,pretrain_arm,10103,,8,6,6,poisson,,0.0,,,d961790345b33809188da8218065c4ee4479fa11aca6630dfa8aaf108310db21,100000,200185514,99914,86,0.00086,0.9671370526840418,22040.95471562131,22022.0,0.998982701902256,0.973810251528766,37480,0,37466
d963e62fde6f91e2,comments0720-fixed-arm-confirmation,poisson-n06-p045,pretrain_arm,10141,,5,6,6,poisson,,0.0,,,d963e62fde6f91e2b45b480ac51ae839e6fa9b6b145cdfdde00388c2fe1ef1fd,100000,200193409,99909,91,0.00091,0.9670561132209902,22043.409862158023,22022.0,0.9989653182194531,0.9737649771468144,37480,0,37467
d96591f799b5ded8,comments0720-fixed-arm-confirmation,poisson-n04-p025,pretrain_arm,10303,,3,4,4,poisson,,0.0,,,d96591f799b5ded88c22109ced7da192485f47165126b69e86b2b6eb20f17dd8,100000,382438747,76627,23373,0.23373,0.3882793941901499,37925.54047951553,116236.0,0.9989981264318349,0.6598360068739949,24992,0,24109
d9c7963837706f0d,comments0720-fixed-arm-confirmation,poisson-n04-p025,pretrain_arm,10133,,10,4,4,poisson,,0.0,,,d9c7963837706f0d31e23309b36fa6625f2fad64870a0492e3296c8260e35bc8,100000,355401265,70690,29310,0.2931,0.3854139995815716,38216.41688124275,118247.0,0.9991309098194588,0.6427419698003435,24993,0,23900
d9de34ed301bf2da,comments0720-fixed-arm-confirmation,poisson-n06-p045,pretrain_arm,10243,,9,6,6,poisson,,0.0,,,d9de34ed301bf2da515b99ec1a5426ecb9361867e571e19298507fe96edbf415,100000,200191534,99869,131,0.00131,0.966718797409285,22051.428492744624,22022.0,0.9989583759284592,0.9735502244459147,37480,0,37468
da144aa5d430c646,comments0720-fixed-arm-confirmation,poisson-n06-p045,pretrain_arm,10133,,7,6,6,poisson,,0.0,,,da144aa5d430c646e20f07db29913ed498c62ca8eb4ca47875e3ca22d41f4154,100000,200185473,99907,93,0.00093,0.9671193823340019,22043.073437108964,22022.0,0.9989654794904818,0.9737811206081612,37479,0,37463
da60fa7d77ac6063,comments0720-fixed-arm-confirmation,poisson-n04-p025,pretrain_arm,10337,,14,4,4,poisson,,0.0,,,da60fa7d77ac6063cc14d2b7f6d964c1fd16179d0d66fe46b5ed395c3c718d1f,100000,382576015,76626,23374,0.23374,0.3880401493543708,37939.900493356654,118189.0,0.9990731667489278,0.6584767720344329,24991,0,24104
da73bd5971f5a2df,comments0720-fixed-arm-confirmation,poisson-n06-p045,pretrain_arm,10243,,21,6,6,poisson,,0.0,,,da73bd5971f5a2df8a959f7fb397425dabeafb5db1bcc3104c7d20dad3e73eed,100000,200191536,99880,120,0.0012,0.9667457818995904,22048.779238594947,22022.0,0.9989591098329249,0.9735869639108385,37480,0,37466
daa70716c55e5009,comments0720-fixed-arm-confirmation,poisson-n04-p025,pretrain_arm,10321,,1,4,4,poisson,,0.0,,,daa70716c55e500963c165f2ee47bfbc20ae651807ee996f711939105708f5ca,100000,377962142,75777,24223,0.24223,0.3885174060633829,37898.298393802215,118214.0,0.9987727700328634,0.6563965586987488,24992,0,24079
db07c2a257f728de,comments0720-fixed-arm-confirmation,poisson-n06-p045,pretrain_arm,10159,,17,6,6,poisson,,0.0,,,db07c2a257f728deb7e9dac310826a0e7745919d6d206644e68dc180fedc42c8,100000,200201518,99877,123,0.00123,0.9667341533344418,22050.960026035147,22022.0,0.9989588552245772,0.9735755028530062,37479,0,37466
db086b07e2cf6da6,comments0720-fixed-arm-confirmation,poisson-n04-p025,pretrain_arm,10247,,13,4,4,poisson,,0.0,,,db086b07e2cf6da69479eb55f840f03daffa64591cbc809967a06160a21c8e24,100000,378929576,75743,24257,0.24257,0.3872844171973528,38019.21845910081,118176.0,0.998979569659369,0.6559948289522405,24991,0,24137
db2cb5f2e11cabd1,comments0720-fixed-arm-confirmation,poisson-n04-p025,pretrain_arm,10253,,4,4,4,poisson,,0.0,,,db2cb5f2e11cabd13d58322224e23ce3705d7ef86b9a8ebf32059a612579e961,100000,387792803,77349,22651,0.22651,0.38659984104965456,38104.566659339805,118226.0,0.9984435912941217,0.6595696441145922,24990,0,24155
db3fc490a740d34e,comments0720-fixed-arm-confirmation,poisson-n06-p045,pretrain_arm,10133,,19,6,6,poisson,,0.0,,,db3fc490a740d34ec79a2fcd76ba6887b7e4e6b70297e33952c000da216b8009,100000,200185477,99877,123,0.00123,0.9668003388677392,22050.296820707958,22022.0,0.9989543948042227,0.9735960778906539,37479,0,37466
db7b751cabc25ace,comments0720-fixed-arm-confirmation,poisson-n06-p045,pretrain_arm,10151,,5,6,6,poisson,,0.0,,,db7b751cabc25ace22614084251190a2a5122340adb8af124e8c9a30224fdfdd,100000,200187414,99913,87,0.00087,0.9672024186295748,22041.364651004493,22022.0,0.9989654551445146,0.9738237912580299,37479,0,37467
db85e7ec177df7af,comments0720-fixed-arm-confirmation,poisson-n06-p045,pretrain_arm,10333,,10,6,6,poisson,,0.0,,,db85e7ec177df7af2095fe732167c511350df22a04de2446e5c64ad47e7ece6c,100000,200191424,99899,101,0.00101,0.9670099554314574,22045.436903701182,22022.0,0.9989654231491177,0.9737246261935251,37482,0,37469
dbb1f4cee5682c0a,comments0720-fixed-arm-confirmation,poisson-n04-p025,pretrain_arm,10181,,20,4,4,poisson,,0.0,,,dbb1f4cee5682c0ae98ade2265881aa3a4475cc23d2009046919578a455a6c07,100000,350069989,70081,29919,0.29919,0.3879211336793569,37956.822413768496,116368.0,0.998768055026644,0.6431868962353335,24990,0,23888
dbd0b6d334f2efe9,comments0720-fixed-arm-confirmation,poisson-n06-p045,pretrain_arm,10271,,22,6,6,poisson,,0.0,,,dbd0b6d334f2efe9b7de640f9ddaca76c3e131762ddb5b485a1c2fdf1ad1387e,100000,200199495,99886,114,0.00114,0.9668254907436205,22048.151040310793,22022.0,0.9989386584692372,0.973621716404286,37480,0,37464
dbd973c408fe5155,comments0720-fixed-arm-confirmation,poisson-n06-p045,pretrain_arm,10259,,2,6,6,poisson,,0.0,,,dbd973c408fe5155d7760459c16a421d36bf46603e72598d9bda24ceacd4f2ee,100000,200191434,99907,93,0.00093,0.9670806594052371,22042.267861254317,22022.0,0.9989703852366241,0.9737698482139538,37478,0,37466
dc4bd1931ddb14b9,comments0720-fixed-arm-confirmation,poisson-n06-p045,pretrain_arm,10331,,20,6,6,poisson,,0.0,,,dc4bd1931ddb14b9b58672fc5cf90458f3d4cf68522c0fd9f8968ef25f503a51,100000,200187426,99891,109,0.00109,0.9669399715444665,22047.32333123079,22022.0,0.9989829196448878,0.9736871303964516,37481,0,37467
dc8450f44e97dd84,comments0720-fixed-arm-confirmation,poisson-n06-p045,pretrain_arm,10111,,7,6,6,poisson,,0.0,,,dc8450f44e97dd8431d127d852a6a913305cc47d0cd3f889678afe4094d74dd4,100000,200189389,99920,80,0.0008,0.9672980969036276,22039.477038875764,22022.0,0.9989778387418554,0.9738773118818277,37483,0,37470
dcceb1e4bc61fd42,comments0720-fixed-arm-confirmation,poisson-n06-p045,pretrain_arm,10301,,3,6,6,poisson,,0.0,,,dcceb1e4bc61fd425ebd51354660e05c4bdf1998ee5056d3e9e51298a6b94010,100000,200185409,99900,100,0.001,0.9669732422906007,22044.51296452026,22022.0,0.9989555469135821,0.9737115964013943,37480,0,37468
dd50f07884f451ca,comments0720-fixed-arm-confirmation,poisson-n06-p045,pretrain_arm,10181,,22,6,6,poisson,,0.0,,,dd50f07884f451ca52e0cb219f49cfe4fefdf4c32823a56ef023eb4d25173feb,100000,200195509,99867,133,0.00133,0.9665483405024835,22052.28938961494,22022.0,0.9989779571550506,0.9734949325525115,37478,0,37462
dd9d026d81cff81b,comments0720-fixed-arm-confirmation,poisson-n06-p045,pretrain_arm,10259,,15,6,6,poisson,,0.0,,,dd9d026d81cff81b4918cd5ac80bc6aca1625782f2f63d7364d7e46c6533ac82,100000,200191427,99911,89,0.00089,0.967084494582278,22041.30455760318,22022.0,0.99896929451693,0.9737807630330694,37478,0,37465
ddae93429f25e982,comments0720-fixed-arm-confirmation,poisson-n06-p045,pretrain_arm,10267,,7,6,6,poisson,,0.0,,,ddae93429f25e982f72ed9060f52741eb275a02f93855c1f6337bad3e4762416,100000,200191466,99883,117,0.00117,0.9667728593385694,22048.348639745273,22022.0,0.9989744165613512,0.9736085919666402,37485,0,37473
ddc2d00329f29b4f,comments0720-fixed-arm-confirmation,poisson-n04-p025,pretrain_arm,10111,,6,4,4,poisson,,0.0,,,ddc2d00329f29b4f952a5256dd0fb47c0cf2ce1c4305d1ee7864bb08d8c763fb,100000,343087069,68341,31659,0.31659,0.3860226454643792,38156.550114878606,118177.0,0.9989220788356428,0.6370494081000073,24991,0,23802
ddd3521e76e8d21f,comments0720-fixed-arm-confirmation,poisson-n06-p045,pretrain_arm,10151,,1,6,6,poisson,,0.0,,,ddd3521e76e8d21f8accd410ff39d0ae5813c11c450cdaa1b838c6d76229288f,100000,200187414,99909,91,0.00091,0.9670473839079614,22042.327207023234,22022.0,0.998957502888627,0.9737594622655295,37479,0,37466
ddee19f04a1e64e7,comments0720-fixed-arm-confirmation,poisson-n04-p025,pretrain_arm,10313,,3,4,4,poisson,,0.0,,,ddee19f04a1e64e72849c38d45d5dea3f3807fc56f3dafccfa6b6dcfdd3c5141,100000,386777455,76874,23126,0.23126,0.3850849734765435,38245.60372596467,118220.0,0.9992143048117195,0.6581380927627544,24993,0,24158
de024ce168df26c0,comments0720-fixed-arm-confirmation,poisson-n04-p025,pretrain_arm,10111,,22,4,4,poisson,,0.0,,,de024ce168df26c043537f46315e02be59746d800c62c6d2d4d70b5f7672ecf7,100000,355126726,70676,29324,0.29324,0.3856708238849925,38188.40347823626,118259.0,0.9989114383919852,0.6427114207589926,24991,0,23890
de408dddef3c5f20,comments0720-fixed-arm-confirmation,poisson-n04-p025,pretrain_arm,10139,,2,4,4,poisson,,0.0,,,de408dddef3c5f20e7c97761ca419aafee5c22381e5e6c6cab077341c49f8c01,100000,387107306,76704,23296,0.23296,0.38390514386210006,38367.09917075206,118329.0,0.9990008092044619,0.6571759843555207,24992,0,24117
de47eff19e4c82d5,comments0720-fixed-arm-confirmation,poisson-n04-p025,pretrain_arm,10337,,12,4,4,poisson,,0.0,,,de47eff19e4c82d55161e8132dcf5a29ad883a20a2b5124e8ee4df886f3928cd,100000,378265633,75774,24226,0.24226,0.3880577012398057,37933.08524932028,118200.0,0.9990542302536025,0.6563389771644693,24991,0,24081
de549308db28c40d,comments0720-fixed-arm-confirmation,poisson-n06-p045,pretrain_arm,10133,,9,6,6,poisson,,0.0,,,de549308db28c40d72a90f16e08eafb5e463d8c5d7b8009183f9820b2c911389,100000,200185483,99877,123,0.00123,0.9668291781177759,22050.29719120813,22022.0,0.9989681248735848,0.9736102676637869,37479,0,37466
de6c340e2756f105,comments0720-fixed-arm-confirmation,poisson-n04-p025,pretrain_arm,10259,,7,4,4,poisson,,0.0,,,de6c340e2756f10569c26b19c415da18db5dfb4cc20825cc76a4e0927a2d31e8,100000,342097616,68426,31574,0.31574,0.3875979977597973,37989.090327106904,118220.0,0.9984544630751266,0.6376024869449748,24990,0,23834
de9e8a1619757887,comments0720-fixed-arm-confirmation,poisson-n06-p045,pretrain_arm,10271,,5,6,6,poisson,,0.0,,,de9e8a16197578876e8fe928809612cae1786fe65626106af6eb8a5187107ede,100000,200199499,99848,152,0.00152,0.9663798858957184,22057.304619576105,22022.0,0.9989345633777631,0.9733768164244937,37480,0,37464
dec0b8aab5c43429,comments0720-fixed-arm-confirmation,poisson-n06-p045,pretrain_arm,10163,,19,6,6,poisson,,0.0,,,dec0b8aab5c43429185de027b9e50e381795a5ca6ac42a8e73be4f6d93cc4de2,100000,200187594,99862,138,0.00138,0.9667017277803939,22052.87521281923,22022.0,0.998983498374606,0.9735354087183332,37480,0,37467
df1755c85b8de7f9,comments0720-fixed-arm-confirmation,poisson-n06-p045,pretrain_arm,10159,,15,6,6,poisson,,0.0,,,df1755c85b8de7f9448180dbe5fbb5128c7ec8b8478fec57a352816ae2ca9acc,100000,200201504,99868,132,0.00132,0.9666498659270811,22053.12602147092,22022.0,0.9989700969758718,0.9735286543009842,37479,0,37467
df99def27bc9a858,comments0720-fixed-arm-confirmation,poisson-n04-p025,pretrain_arm,10289,,12,4,4,poisson,,0.0,,,df99def27bc9a85818f5cab6c917f556d1a848f34c79e26d54c21a70539ded3a,100000,377814744,76035,23965,0.23965,0.3899638257632423,37746.76099280519,116264.0,0.9988063921186766,0.6588349059606396,24993,0,24113
dfaa5b2708689511,comments0720-fixed-arm-confirmation,poisson-n04-p025,pretrain_arm,10303,,22,4,4,poisson,,0.0,,,dfaa5b2708689511d3f0676b83719a00280c056d38719796a2c0ba8978832aee,100000,351126411,70407,29593,0.29593,0.38854733715829765,37894.71911532834,116272.0,0.9989724894079359,0.6443427755220779,24992,0,23941
dfb2da495af9d77c,comments0720-fixed-arm-confirmation,poisson-n04-p025,pretrain_arm,10333,,6,4,4,poisson,,0.0,,,dfb2da495af9d77c435b16b2366608ee897a971ba017ec3de8d06f09129867be,100000,344856714,68857,31143,0.31143,0.3869286941010521,38064.29471742509,118217.0,0.9986700167568899,0.6385307369526474,24992,0,23874
dfc35f1cfad7ed5d,comments0720-fixed-arm-confirmation,poisson-n04-p025,pretrain_arm,10273,,5,4,4,poisson,,0.0,,,dfc35f1cfad7ed5dfe9f8860e1d3f1fe9b097b78a0a63264bebac483e41ddcd7,100000,386897577,77414,22586,0.22586,0.3876887163860424,37980.51344856988,118166.0,0.9990405345660435,0.6603340836506952,24990,0,24166
e00a392717113ee2,comments0720-fixed-arm-confirmation,poisson-n04-p025,pretrain_arm,10343,,10,4,4,poisson,,0.0,,,e00a392717113ee26189edd0713ca59b730e158187bd0fb30442607d76f1632f,100000,353561566,70313,29687,0.29687,0.38536155256196597,38225.07026527274,118259.0,0.9991480975332392,0.6417797166984017,24994,0,23885
e0171ccbb2e7e424,comments0720-fixed-arm-confirmation,poisson-n04-p025,pretrain_arm,10163,,10,4,4,poisson,,0.0,,,e0171ccbb2e7e4246dbde2517b3ae2975664de09fc4807459815ea3440161027,100000,352465004,70606,29394,0.29394,0.3881857672315178,37932.50297458852,116283.0,0.9988544521179021,0.6446730731164733,24992,0,23870
e0ee32771a2704b1,comments0720-fixed-arm-confirmation,poisson-n06-p045,pretrain_arm,10141,,20,6,6,poisson,,0.0,,,e0ee32771a2704b1cc02836cb605778b7d75ee63ff420bdbd9771da7b23c6c86,100000,200193419,99920,80,0.0008,0.9670397556874735,22040.763932818194,22022.0,0.9989536447515797,0.9737831334796844,37480,0,37467
e0f6f6bba7e2c1e5,comments0720-fixed-arm-confirmation,poisson-n06-p045,pretrain_arm,10169,,7,6,6,poisson,,0.0,,,e0f6f6bba7e2c1e50d19dc6d2620b32a41f5fc623897d4529355c4d30a375e59,100000,200187488,99931,69,0.00069,0.9672959480864258,22036.80135910087,22022.0,0.998983627832756,0.9739060253063939,37476,0,37462
e102c38284ef7b56,comments0720-fixed-arm-confirmation,poisson-n04-p025,pretrain_arm,10159,,0,4,4,poisson,,0.0,,,e102c38284ef7b5694ac8fa80f85bc864b502aa77e105071fd5eca71f149e848,100000,375786115,75682,24318,0.24318,0.39028960130684975,37719.39900097788,116258.0,0.9987697446506362,0.6580527819858286,24991,0,24107
e15be4734e56a681,comments0720-fixed-arm-confirmation,poisson-n06-p045,pretrain_arm,10223,,8,6,6,poisson,,0.0,,,e15be4734e56a68168a39f96dc873a8db111eb67384b5034f3b31dada1fdee82,100000,200193446,99885,115,0.00115,0.9668287392385463,22048.730437655824,22022.0,0.9989550630776609,0.9736257674387357,37481,0,37468
e172f2fdcb403785,comments0720-fixed-arm-confirmation,poisson-n06-p045,pretrain_arm,10163,,1,6,6,poisson,,0.0,,,e172f2fdcb403785b8a8a546ee46d5410366f5de3c0c92570409d4301c723cdb,100000,200187579,99863,137,0.00137,0.9666351427328066,22052.632482398774,22022.0,0.9989804492571228,0.9735146973299764,37481,0,37467
e19b9d1eccf586e2,comments0720-fixed-arm-confirmation,poisson-n06-p045,pretrain_arm,10369,,7,6,6,poisson,,0.0,,,e19b9d1eccf586e2973b8a625b2cae9d23e18c183cb0b2c293eb855c2521a3ce,100000,200197483,99934,66,0.00066,0.9672477450678039,22036.114028942575,22022.0,0.998951897887509,0.9738868809851043,37484,0,37472
e1d8d9a7ccf54a38,comments0720-fixed-arm-confirmation,poisson-n06-p045,pretrain_arm,10169,,10,6,6,poisson,,0.0,,,e1d8d9a7ccf54a38533f1206db0c3800aafd98d6f59f040feb400070c1b672df,100000,200187484,99920,80,0.0008,0.9672240997843802,22039.42724306362,22022.0,0.9989958523909542,0.9738586507251115,37477,0,37464
e1efd01acfe50a15,comments0720-fixed-arm-confirmation,poisson-n04-p025,pretrain_arm,10169,,11,4,4,poisson,,0.0,,,e1efd01acfe50a1556f4259b068927cff1cbf5e33e2f6cb3d9ba94871240a2cc,100000,355632913,70537,29463,0.29463,0.38423046912983555,38329.87881580627,118307.0,0.998998686402658,0.6418808851774979,24993,0,23925
e1f5f6222dd1c0c7,comments0720-fixed-arm-confirmation,poisson-n06-p045,pretrain_arm,10139,,3,6,6,poisson,,0.0,,,e1f5f6222dd1c0c725e48e9b7334fa087a09d7a9c47d963dde81fbb713b0076e,100000,200189460,99820,180,0.0018,0.9662280421756471,22063.971355001602,22022.0,0.9989530919533629,0.9732623780430034,37479,0,37465
e2221c9ed4324bc6,comments0720-fixed-arm-confirmation,poisson-n06-p045,pretrain_arm,10303,,12,6,6,poisson,,0.0,,,e2221c9ed4324bc6bcd99e0fad297e006a361e1776eb84cf590b3ad5007c749a,100000,200193481,99896,104,0.00104,0.9668929429325424,22046.162838893117,22022.0,0.998966250977478,0.9736783979700068,37480,0,37468
e226a986de0892fd,comments0720-fixed-arm-confirmation,poisson-n04-p025,pretrain_arm,10331,,22,4,4,poisson,,0.0,,,e226a986de0892fde05d1c7e68c81fb1534d93b93cda9cb89f20a736eac5e303,100000,354193838,70874,29126,0.29126,0.3877738974103779,37974.87359241385,118246.0,0.9987635106942715,0.64386680270155,24992,0,23928
e29b76e4f35fc2fc,comments0720-fixed-arm-confirmation,poisson-n04-p025,pretrain_arm,10259,,20,4,4,poisson,,0.0,,,e29b76e4f35fc2fcb7f2c3e063fe1b03051f072773cb9f82d21e882ce14d087a,100000,350443751,70145,29855,0.29855,0.3879620384499309,37962.36696750645,118183.0,0.9984284418835288,0.6420373267778198,24990,0,23891
e2a6c1b8da07e930,comments0720-fixed-arm-confirmation,poisson-n04-p025,pretrain_arm,10193,,19,4,4,poisson,,0.0,,,e2a6c1b8da07e930732214c89bb6b9f8827b78c0eb07de32621248038e71d727,100000,345095919,69203,30797,0.30797,0.3886872362579286,37888.95811836115,116293.0,0.9987867474131952,0.6413034945570412,24993,0,23908
e2f6449bfd6bae4d,comments0720-fixed-arm-confirmation,poisson-n04-p025,pretrain_arm,10181,,7,4,4,poisson,,0.0,,,e2f6449bfd6bae4d030ffd387892561dd378047652df613a5c62255ebd79a986,100000,343779689,68838,31162,0.31162,0.38802669345599416,37950.550501234924,116288.0,0.998794181490299,0.6401766249820977,24990,0,23881
e32f946d073f0b0a,comments0720-fixed-arm-confirmation,poisson-n06-p045,pretrain_arm,10243,,18,6,6,poisson,,0.0,,,e32f946d073f0b0a6e7d236b459b4a7f858fda6d3591a3393871c44598383441,100000,200191537,99835,165,0.00165,0.9663112032553104,22059.620618494737,22022.0,0.998959897844995,0.9733298670334352,37480,0,37468
e3329d1df365b9be,comments0720-fixed-arm-confirmation,poisson-n04-p025,pretrain_arm,10141,,16,4,4,poisson,,0.0,,,e3329d1df365b9be10fcc1d243febc55cf68c4fda84eb32a1b97247b63f5c515,100000,386507785,77546,22454,0.22454,0.3887811858692575,37873.473870876216,118206.0,0.9988100437248799,0.6609247431980457,24992,0,24123
e339f99043115206,comments0720-fixed-arm-confirmation,poisson-n04-p025,pretrain_arm,10271,,1,4,4,poisson,,0.0,,,e339f99043115206def917befd54bec3065f9ba30863e74049c2221480570f08,100000,374941562,75663,24337,0.24337,0.39100469742002086,37636.83738021281,116235.0,0.9989771443286793,0.6583281139162334,24988,0,24120
e34de8de45ff5bf2,comments0720-fixed-arm-confirmation,poisson-n06-p045,pretrain_arm,10159,,9,6,6,poisson,,0.0,,,e34de8de45ff5bf21d468f5c77a7f6c14441855653ceb4e8b6a5e008f57a9b7c,100000,200201529,99889,111,0.00111,0.9667899839066664,22048.071648127196,22022.0,0.9989598212021424,0.9736244350362695,37479,0,37467
e3790ca8e0f62236,comments0720-fixed-arm-confirmation,poisson-n06-p045,pretrain_arm,10247,,15,6,6,poisson,,0.0,,,e3790ca8e0f62236f8fb6d5bcbf3c315a3c1d82bb96c7b65355e4fd217c4267a,100000,200187436,99881,119,0.00119,0.966843153932997,22049.81181347565,22022.0,0.9989708710427359,0.9736258416585777,37479,0,37465
e3848a4293d77fa9,comments0720-fixed-arm-confirmation,poisson-n06-p045,pretrain_arm,10369,,23,6,6,poisson,,0.0,,,e3848a4293d77fa9401044ed95f39b46f118da76cbe0c82d8b796abd78c58c14,100000,200197481,99939,61,0.00061,0.9673330305289906,22034.911385311276,22022.0,0.9989603541689028,0.9739306282326311,37484,0,37472
e3951175c0a74d12,comments0720-fixed-arm-confirmation,poisson-n06-p045,pretrain_arm,10181,,20,6,6,poisson,,0.0,,,e3951175c0a74d12201c60fd3452c118c6220ff860843c2838b16c315cedd3fa,100000,200195506,99868,132,0.00132,0.9666574233689341,22052.04835963788,22022.0,0.9989761809348703,0.9735332014346014,37478,0,37463
e3e57dab0d046c0b,comments0720-fixed-arm-confirmation,poisson-n06-p045,pretrain_arm,10289,,21,6,6,poisson,,0.0,,,e3e57dab0d046c0b6e0392b8ceea8833494c089a21abf6bc59c0d7dc7cd0101a,100000,200185438,99899,101,0.00101,0.9670140292622084,22045.238369357376,22022.0,0.998939302178475,0.9737172771468946,37485,0,37472
e3ff8bdc89be5b2f,comments0720-fixed-arm-confirmation,poisson-n06-p045,pretrain_arm,10253,,20,6,6,poisson,,0.0,,,e3ff8bdc89be5b2fe3f5d502cf740fee01614081b4b9563ffbb70e9fe2fab3ee,100000,200191461,99885,115,0.00115,0.9668361579118502,22049.00996265257,22022.0,0.9989705497535776,0.9736334025551426,37479,0,37466
e42bbc3027a2af9b,comments0720-fixed-arm-confirmation,poisson-n04-p025,pretrain_arm,10181,,16,4,4,poisson,,0.0,,,e42bbc3027a2af9b59ad8b2f9f2b6a99409e1b7104040dbcd9df6a79946a5098,100000,387515016,77565,22435,0.22435,0.3878848606991787,37963.39475482548,118161.0,0.9987664566141624,0.660688939104447,24990,0,24177
e42e57d775299211,comments0720-fixed-arm-confirmation,poisson-n06-p045,pretrain_arm,10177,,4,6,6,poisson,,0.0,,,e42e57d7752992112233a0c67969cbb267cefe32dd9864c02ae9189b2001b651,100000,200193521,99865,135,0.00135,0.9666443900549608,22052.509709272632,22022.0,0.9989469896356218,0.9735116265635275,37475,0,37462
e43ec5d0dbd4270d,comments0720-fixed-arm-confirmation,poisson-n04-p025,pretrain_arm,10243,,0,4,4,poisson,,0.0,,,e43ec5d0dbd4270d32e467e260125b89e4707140f94c295660c4e1a1a95c5c06,100000,378441137,75870,24130,0.2413,0.38850123473759673,37901.05947641771,116260.0,0.9984465448134777,0.6578175931836915,24990,0,24092
e46117879440da7d,comments0720-fixed-arm-confirmation,poisson-n06-p045,pretrain_arm,10253,,6,6,6,poisson,,0.0,,,e46117879440da7d531573d61ee3a72687712a77bb287dd3fffd1d51a917be83,100000,200191467,99889,111,0.00111,0.9668359191353546,22048.04770868168,22022.0,0.9989662868058384,0.9736419019803977,37479,0,37464
e4657828d7e10de0,comments0720-fixed-arm-confirmation,poisson-n04-p025,pretrain_arm,10151,,20,4,4,poisson,,0.0,,,e4657828d7e10de0d0487bd90700105e3c01660454da7d563efa3be2a28be9e1,100000,351486440,70162,29838,0.29838,0.3867686503069649,38071.33623171879,116291.0,0.9990402900989146,0.6431473134686265,24989,0,23860
e491fd7f95ac1fa6,comments0720-fixed-arm-confirmation,poisson-n04-p025,pretrain_arm,10331,,10,4,4,poisson,,0.0,,,e491fd7f95ac1fa66feb4f14c8986f27fc4f36b3459e70dd6c65ac09c90e8e2c,100000,351636716,70321,29679,0.29679,0.38749350053650256,37999.89316342639,118262.0,0.9987869181366319,0.6423879728910448,24992,0,23882
e508f6c253fb3f01,comments0720-fixed-arm-confirmation,poisson-n06-p045,pretrain_arm,10223,,13,6,6,poisson,,0.0,,,e508f6c253fb3f011b8a3d620f94f869e12e677bda4d7531e20157f9d9e40c03,100000,200193424,99884,116,0.00116,0.9668906407235435,22048.968469641142,22022.0,0.998967185165923,0.9736479419631554,37481,0,37467
e52d0918afd83628,comments0720-fixed-arm-confirmation,poisson-n06-p045,pretrain_arm,10333,,23,6,6,poisson,,0.0,,,e52d0918afd836288aa25e2b8a0e9b473a89efde3a5432f0848508f468d19617,100000,200191420,99906,94,0.00094,0.9670727496712896,22043.751426512103,22022.0,0.9989709200935015,0.973764889921597,37482,0,37469
e53089745121bb06,comments0720-fixed-arm-confirmation,poisson-n06-p045,pretrain_arm,10247,,23,6,6,poisson,,0.0,,,e53089745121bb0611e7ca73ea34ddbfcf14e7677b9294de1361720f1a3f841e,100000,200187455,99902,98,0.00098,0.9669454661881784,22044.758063870257,22022.0,0.9989550778781074,0.9737071813554286,37478,0,37464
e5342221557929a1,comments0720-fixed-arm-confirmation,poisson-n06-p045,pretrain_arm,10211,,20,6,6,poisson,,0.0,,,e5342221557929a12b6b2fccf0c8e47cd32e4d923b77a353e6df4be7ea8a1476,100000,200193467,99821,179,0.00179,0.9661225708229529,22063.430562374135,22022.0,0.9989710118472502,0.9732356942234011,37478,0,37465
e55ac8f739b103b6,comments0720-fixed-arm-confirmation,poisson-n06-p045,pretrain_arm,10369,,9,6,6,poisson,,0.0,,,e55ac8f739b103b63e0b102b100d31049a48e55b4bdf546c4b8d0f1bae8597ef,100000,200197483,99942,58,0.00058,0.9674004792557757,22034.189822876015,22022.0,0.9989610719128315,0.9739608503895358,37484,0,37472
e579691d4439790a,comments0720-fixed-arm-confirmation,poisson-n06-p045,pretrain_arm,10159,,11,6,6,poisson,,0.0,,,e579691d4439790ae045d2f6c6765697539c7f05d07f147f7c4d8ccb1cb4c157,100000,200201532,99887,113,0.00113,0.9668049393348299,22048.55382227785,22022.0,0.9989634660042898,0.97362563511304,37479,0,37467
e58a26bfe886229b,comments0720-fixed-arm-confirmation,poisson-n06-p045,pretrain_arm,10303,,16,6,6,poisson,,0.0,,,e58a26bfe886229bf04cdf6e3d2289af69486a075237946966c94f2edca7b5f2,100000,200193499,99914,86,0.00086,0.9670695900070162,22041.83248583612,22022.0,0.9989689889393032,0.9737831929821064,37481,0,37468
e596de536ae07d8d,comments0720-fixed-arm-confirmation,poisson-n04-p025,pretrain_arm,10331,,4,4,4,poisson,,0.0,,,e596de536ae07d8d0ae8e0948a2ea9342131b93ff9f33ef2c07b6e94c6d31508,100000,385952474,77326,22674,0.22674,0.38826358708611364,37925.38235598437,118218.0,0.9988314800326547,0.6602013557062562,24991,0,24137
e59fe57fe2eaab0f,comments0720-fixed-arm-confirmation,poisson-n06-p045,pretrain_arm,10159,,18,6,6,poisson,,0.0,,,e59fe57fe2eaab0fc31862cf252b3731a8ad1663d61249ce43d4ce19020949ed,100000,200201531,99881,119,0.00119,0.9668357531191907,22049.99829777008,22022.0,0.9989762214313974,0.9736251581835295,37479,0,37467
e5a19232ba498384,comments0720-fixed-arm-confirmation,poisson-n04-p025,pretrain_arm,10141,,3,4,4,poisson,,0.0,,,e5a19232ba498384d8eff333b6d32d71e95dee6f1394523c966e561006a76056,100000,382208417,76720,23280,0.2328,0.3890299202908449,37852.54164928564,118180.0,0.9987366199166661,0.6589355134025036,24992,0,24133
e5eb7894991f1f35,comments0720-fixed-arm-confirmation,poisson-n06-p045,pretrain_arm,10151,,14,6,6,poisson,,0.0,,,e5eb7894991f1f35a131d72af529403d115608178daa7dfa1764f05ee591702d,100000,200187409,99908,92,0.00092,0.9670296347159376,22042.56716985665,22022.0,0.9989628941838232,0.973752842966587,37479,0,37466
e5ed56122382c88e,comments0720-fixed-arm-confirmation,poisson-n04-p025,pretrain_arm,10369,,2,4,4,poisson,,0.0,,,e5ed56122382c88e5631c683600e6a71003766bb5e6ec824a699565a890ccdb0,100000,382454618,76624,23376,0.23376,0.38822359833552855,37928.21445912081,118132.0,0.9987626097099673,0.6584674026818318,24992,0,24193
e5f7a4889264ee91,comments0720-fixed-arm-confirmation,poisson-n04-p025,pretrain_arm,10169,,2,4,4,poisson,,0.0,,,e5f7a4889264ee9114175cc087971a9b91c4374ea6b074ab602ad6befc922c2d,100000,388016199,76923,23077,0.23077,0.3840581485619883,38349.949957745564,118274.0,0.9989103357724146,0.6577809947781342,24993,0,24159
e5fa26545ce87f35,comments0720-fixed-arm-confirmation,poisson-n06-p045,pretrain_arm,10223,,5,6,6,poisson,,0.0,,,e5fa26545ce87f355c7ea3a47a0c86b580c6f7e9d17e01a9c12c2b7fe35e5879,100000,200193441,99876,124,0.00124,0.9667784670327936,22050.896999919893,22022.0,0.9989541503983084,0.9735862058103673,37481,0,37468
e5fce9cc272b5095,comments0720-fixed-arm-confirmation,poisson-n04-p025,pretrain_arm,10111,,18,4,4,poisson,,0.0,,,e5fce9cc272b5095adacacb42c0addb64ccd4f051e745ba9e82a3be679e5456d,100000,347615836,69240,30760,0.3076,0.38598467648637275,38154.82908192743,118223.0,0.9989153373505684,0.6392513379456471,24991,0,23864
e6175c33f15b0522,comments0720-fixed-arm-confirmation,poisson-n04-p025,pretrain_arm,10259,,17,4,4,poisson,,0.0,,,e6175c33f15b05227e9da3a0e81ac2f355d04a34dc5abb8e8d373b1d99799677,100000,386396513,77414,22586,0.22586,0.38829204962312897,37922.51707877942,118201.0,0.9986495284466559,0.6603815260232617,24990,0,24177
e6580e274cec6519,comments0720-fixed-arm-confirmation,poisson-n06-p045,pretrain_arm,10343,,6,6,6,poisson,,0.0,,,e6580e274cec6519cc2173465f9a9bf1cd960453ab9089815636ad6ea7cb057e,100000,200189456,99895,105,0.00105,0.966900464527962,22045.239530250394,22022.0,0.9989689034645969,0.9736792893308529,37481,0,37469
e6757d8c0fec9101,comments0720-fixed-arm-confirmation,poisson-n04-p025,pretrain_arm,10103,,2,4,4,poisson,,0.0,,,e6757d8c0fec9101bf07af7d04d7e50a2b428a3bcf91bbc5c758dcf9b68b93ac,100000,384404210,76629,23371,0.23371,0.3863366168648361,38129.13667271375,118233.0,0.9985274310914196,0.6577051826520852,24989,0,24092
e6786edf7ee855d7,comments0720-fixed-arm-confirmation,poisson-n06-p045,pretrain_arm,10253,,19,6,6,poisson,,0.0,,,e6786edf7ee855d79cfdcc5341daa66a0540d980489a66bb99d8695e1ded2430,100000,200191465,99891,109,0.00109,0.9668940481553496,22047.565914756855,22022.0,0.9989688637308337,0.9736671372953944,37479,0,37465
e67d2871544035a7,comments0720-fixed-arm-confirmation,poisson-n04-p025,pretrain_arm,10133,,22,4,4,poisson,,0.0,,,e67d2871544035a77486b43ad95dc964f002e21987de5037637dccd0326f4df9,100000,354992765,70611,29389,0.29389,0.3854413117405365,38214.844581675,118245.0,0.999138388409024,0.6425574000498535,24993,0,23931
e68252653083458e,comments0720-fixed-arm-confirmation,poisson-n04-p025,pretrain_arm,10247,,6,4,4,poisson,,0.0,,,e68252653083458ea771ac98f6a26ccecd6c1775acfb5a2acac4e694be543777,100000,342895581,68576,31424,0.31424,0.3875081055652333,37994.76690292848,118184.0,0.9990087152646941,0.6381562736099758,24991,0,23902
e687ea79f67ff07a,comments0720-fixed-arm-confirmation,poisson-n04-p025,pretrain_arm,10357,,12,4,4,poisson,,0.0,,,e687ea79f67ff07ac593de9b1394cc3a03efc10f325d73b7efcb21b42deba934,100000,379324842,75896,24104,0.24104,0.3877088229301892,37975.50990934008,118237.0,0.998958187074368,0.6564710033348523,24988,0,24127
e695692986076c31,comments0720-fixed-arm-confirmation,poisson-n06-p045,pretrain_arm,10267,,10,6,6,poisson,,0.0,,,e695692986076c31e7fd41aeaa9418f82c35df8e09c4dcb888e893921afdb5e1,100000,200191475,99873,127,0.00127,0.9667271995473333,22050.75752295691,22022.0,0.9989701200759894,0.973566939874441,37485,0,37473
e6a386ee6d277354,comments0720-fixed-arm-confirmation,poisson-n04-p025,pretrain_arm,10289,,2,4,4,poisson,,0.0,,,e6a386ee6d27735453b68ddad40300bb67626964a83f52e42aacb8c0d23cf004,100000,381918434,76898,23102,0.23102,0.39014614047144947,37725.66354532449,116277.0,0.9987638994158381,0.6610303466290958,24993,0,24132
e6b008484154e2ab,comments0720-fixed-arm-confirmation,poisson-n06-p045,pretrain_arm,10303,,6,6,6,poisson,,0.0,,,e6b008484154e2ab90c1ea7638fcde39a44c1951da2546de5ce3d4cd93710e82,100000,200193511,99905,95,0.00095,0.9670179569406723,22044.00015016067,22022.0,0.9989681679832487,0.9737432083079737,37480,0,37468
e6e17424928a3c9f,comments0720-fixed-arm-confirmation,poisson-n06-p045,pretrain_arm,10343,,3,6,6,poisson,,0.0,,,e6e17424928a3c9f9da55fc7b3886ea5d86c164e0d0b0f584a0dd8993120637e,100000,200189437,99890,110,0.0011,0.9668515527120445,22046.44068763892,22022.0,0.9989575775797447,0.973646710097263,37481,0,37469
e7099726e4c5a331,comments0720-fixed-arm-confirmation,poisson-n06-p045,pretrain_arm,10223,,16,6,6,poisson,,0.0,,,e7099726e4c5a33155cf7ebcc64e8ff77046088f46131eadcdde596e1ba06279,100000,200193443,99862,138,0.00138,0.9666533633671508,22054.269514271407,22022.0,0.9989522603339126,0.9735088745670211,37481,0,37468
e767f7be4ab74c8d,comments0720-fixed-arm-confirmation,poisson-n06-p045,pretrain_arm,10163,,15,6,6,poisson,,0.0,,,e767f7be4ab74c8d825413ce574c549f5162060bbc3671b19f2f7bc86acac2c4,100000,200187570,99845,155,0.00155,0.9664156620713265,22056.96836717318,22022.0,0.9989774406442627,0.9733955342385298,37480,0,37467
e7988cbc2f327a4e,comments0720-fixed-arm-confirmation,poisson-n06-p045,pretrain_arm,10289,,16,6,6,poisson,,0.0,,,e7988cbc2f327a4e1c4eb5baa098895a30a3f4344badb6f1a96aea872f657432,100000,200185430,99864,136,0.00136,0.9666688230007549,22053.665524976965,22022.0,0.9989351195647928,0.9735133141885158,37485,0,37473
e7bc58601e263d01,comments0720-fixed-arm-confirmation,poisson-n04-p025,pretrain_arm,10177,,8,4,4,poisson,,0.0,,,e7bc58601e263d016bfbf138887d69ce2f5ccf739542dd36ba7fbb1ffdaf8f77,100000,348966301,69748,30252,0.30252,0.3872996091963619,38022.212102093494,118238.0,0.9989631037779826,0.6409655709914482,24992,0,23869
e7c9a6e49525084e,comments0720-fixed-arm-confirmation,poisson-n06-p045,pretrain_arm,10243,,17,6,6,poisson,,0.0,,,e7c9a6e49525084eeddf61937f9a89b444fba1d72d27844e83764b1899967cf5,100000,200191599,99848,152,0.00152,0.9663992643367617,22056.515275051082,22022.0,0.9989473216079524,0.9733875286482381,37477,0,37464
e7f31ae7c913d98e,comments0720-fixed-arm-confirmation,poisson-n06-p045,pretrain_arm,10177,,2,6,6,poisson,,0.0,,,e7f31ae7c913d98e5766b1d93c2de6f295d2b71d535eac6b84945525c6e32144,100000,200193515,99880,120,0.0012,0.9667159997665259,22048.896353186206,22022.0,0.9989546007949296,0.9735755335204852,37477,0,37461
e7fff9eb28bec56a,comments0720-fixed-arm-confirmation,poisson-n06-p045,pretrain_arm,10247,,18,6,6,poisson,,0.0,,,e7fff9eb28bec56a378d2375f5e2211c733e5201c605fe2708d2bfb106d84034,100000,200187457,99888,112,0.00112,0.9669256500920534,22048.128709599903,22022.0,0.9989657625084118,0.9736691375334885,37478,0,37465
e8256144d5f8f0e9,comments0720-fixed-arm-confirmation,poisson-n04-p025,pretrain_arm,10303,,0,4,4,poisson,,0.0,,,e8256144d5f8f0e97152b5af354c6232af8ffdbcb3d970cba745a7d58ae25e42,100000,378002690,75767,24233,0.24233,0.38832886612526485,37912.231866840906,116243.0,0.998997125236022,0.6576974971204289,24992,0,24136
e82da7c875703598,comments0720-fixed-arm-confirmation,poisson-n06-p045,pretrain_arm,10369,,4,6,6,poisson,,0.0,,,e82da7c875703598c91da5f2bd8ee2e9bde3278f0e45a119b52195dc1ec116ea,100000,200197475,99941,59,0.00059,0.9674344743858533,22034.42953496983,22022.0,0.9989648039113215,0.9739709260990582,37484,0,37472
e833725beb1d723f,comments0720-fixed-arm-confirmation,poisson-n04-p025,pretrain_arm,10267,,11,4,4,poisson,,0.0,,,e833725beb1d723f8e699e7b1df4c0c434d4916764506e3d9cc6c674301db194,100000,356492641,70562,29438,0.29438,0.3835014282945605,38412.90298211299,120195.0,0.9989358437897546,0.6404207573614383,24992,0,23966
e839dc11d4e642e6,comments0720-fixed-arm-confirmation,poisson-n04-p025,pretrain_arm,10169,,17,4,4,poisson,,0.0,,,e839dc11d4e642e6b80e836066d8ac42550c1dc0e30a9996a0a4dbdfeb2c2c18,100000,391380983,77573,22427,0.22427,0.3840913266856402,38354.34005028041,118293.0,0.9989487370689577,0.6594171879181993,24993,0,24130
e8565136420c6168,comments0720-fixed-arm-confirmation,poisson-n04-p025,pretrain_arm,10133,,4,4,4,poisson,,0.0,,,e8565136420c61688539ebb763a6f1ff9709904e5b9518d536c85a256783a7c0,100000,388916877,77393,22607,0.22607,0.3856260447139197,38198.59015313045,118234.0,0.9991671380999386,0.659590894271286,24993,0,24157
e8a78163e9bca063,comments0720-fixed-arm-confirmation,poisson-n06-p045,pretrain_arm,10301,,18,6,6,poisson,,0.0,,,e8a78163e9bca063d5a6709310bbf014cd1028d6778cf85fb364a5c06695516b,100000,200185429,99905,95,0.00095,0.9670953873470981,22043.312003844112,22022.0,0.9989574103434923,0.9737654325635301,37480,0,37468
e8c67ea336daa1a7,comments0720-fixed-arm-confirmation,poisson-n04-p025,pretrain_arm,10151,,22,4,4,poisson,,0.0,,,e8c67ea336daa1a7361f7b2e6179e5442549c5d9cd05c89c658f6a622f1f81e5,100000,354102827,70700,29300,0.293,0.3868353555957349,38062.80215583093,118207.0,0.9990588918279454,0.6432434158078933,24989,0,23932
e8d5d44a8b35d7d9,comments0720-fixed-arm-confirmation,poisson-n04-p025,pretrain_arm,10333,,5,4,4,poisson,,0.0,,,e8d5d44a8b35d7d9f426743a64ffd66d0c60b7ee01caa1602d33359fcbe939bf,100000,388188944,77542,22458,0.22458,0.3870603383284404,38048.03871849769,118206.0,0.9987015963539344,0.6603049782274582,24992,0,24158
e8e7aa09afc759df,comments0720-fixed-arm-confirmation,poisson-n04-p025,pretrain_arm,10289,,6,4,4,poisson,,0.0,,,e8e7aa09afc759dfc22bd94beae053ad33d92e6794a2dd50fdc8a05a257135e0,100000,342586827,69025,30975,0.30975,0.39038274229966236,37697.6296129939,116312.0,0.9989694630907063,0.6414719017967896,24992,0,23831
e9198e9c87c193c2,comments0720-fixed-arm-confirmation,poisson-n06-p045,pretrain_arm,10247,,22,6,6,poisson,,0.0,,,e9198e9c87c193c2437b8ead0b42632bc70c93f7d4725c7abbac7d4e30e8fcc4,100000,200187455,99902,98,0.00098,0.9669454661881784,22044.758063870257,22022.0,0.9989550778781074,0.9737071813554286,37478,0,37464
e921c48a007c8447,comments0720-fixed-arm-confirmation,poisson-n06-p045,pretrain_arm,10103,,19,6,6,poisson,,0.0,,,e921c48a007c8447fadc54830ffda409bdcbf039c053e6f8d8fa78cb1b90e684,100000,200185511,99905,95,0.00095,0.9671270214955767,22043.12028870892,22022.0,0.9989963025419021,0.9737889413458263,37480,0,37467
e92e603197a77b37,comments0720-fixed-arm-confirmation,poisson-n06-p045,pretrain_arm,10267,,1,6,6,poisson,,0.0,,,e92e603197a77b3723dcc5665f9fc9ba8eb943478d1d6900a160e179a99889c7,100000,200191443,99874,126,0.00126,0.9667620358778272,22050.513007950973,22022.0,0.9989763968186356,0.9735831442321543,37485,0,37473
e93507b174f5459f,comments0720-fixed-arm-confirmation,poisson-n06-p045,pretrain_arm,10271,,6,6,6,poisson,,0.0,,,e93507b174f5459f437d354c9955f8f2576d37c35bf4626e6c3445b596f7e65f,100000,200199515,99874,126,0.00126,0.9667870174410762,22051.04287917326,22022.0,0.9989506450934694,0.9735828875115153,37480,0,37464
e9430bf449516b49,comments0720-fixed-arm-confirmation,poisson-n04-p025,pretrain_arm,10337,,22,4,4,poisson,,0.0,,,e9430bf449516b490dc8cb817ef4d73c82814b402e0f23c15e8e56855cb7a8ba,100000,353606653,70674,29326,0.29326,0.3872446540195611,38023.74515325616,118214.0,0.9990390769695093,0.6433035769963568,24991,0,23894
e9519069670e830e,comments0720-fixed-arm-confirmation,poisson-n04-p025,pretrain_arm,10357,,6,4,4,poisson,,0.0,,,e9519069670e830e9bb678b5035f819b81ac1e74685b753b1c7114d4bf94507a,100000,342196496,68532,31468,0.31468,0.3880453235266325,37943.24696456716,118274.0,0.9989663307518665,0.638151218092833,24989,0,23780
e9a834a0e70cb943,comments0720-fixed-arm-confirmation,poisson-n06-p045,pretrain_arm,10271,,10,6,6,poisson,,0.0,,,e9a834a0e70cb943c6976f25b3053690d20c96b1d49d96adee3476a743961860,100000,200199508,99878,122,0.00122,0.9668221662163126,22050.079156069132,22022.0,0.9989435907437105,0.9736022523200077,37480,0,37465
e9be9e969632f159,comments0720-fixed-arm-confirmation,poisson-n04-p025,pretrain_arm,10111,,16,4,4,poisson,,0.0,,,e9be9e969632f1593902b7ac232abf3cc688f9ac57de9bc86078bc8efc0d271f,100000,390150361,77618,22382,0.22382,0.3854502700306357,38204.710784692696,118226.0,0.9989521828764333,0.6600284843023564,24991,0,24188
e9c5b04d3539c3e6,comments0720-fixed-arm-confirmation,poisson-n06-p045,pretrain_arm,10289,,1,6,6,poisson,,0.0,,,e9c5b04d3539c3e6af9b6f247285dbd0a99146d0affe244ae29261c202ef22ce,100000,200185425,99856,144,0.00144,0.9665554822485204,22055.592354072352,22022.0,0.9989316747761862,0.9734543856749022,37484,0,37471
e9d48bcc1516fd27,comments0720-fixed-arm-confirmation,poisson-n04-p025,pretrain_arm,10271,,10,4,4,poisson,,0.0,,,e9d48bcc1516fd27c0657012e48a4e0cc092611458edba7b37511b9e65f4c9ee,100000,349588598,70529,29471,0.29471,0.39093131120941194,37648.57887721388,116278.0,0.999001315733294,0.6454480423142352,24988,0,23928
e9dfc844579550b4,comments0720-fixed-arm-confirmation,poisson-n04-p025,pretrain_arm,10159,,17,4,4,poisson,,0.0,,,e9dfc844579550b4a06e38f497728385257b310ea50d8c3bf6bba98df4b70dc8,100000,383224771,77220,22780,0.2278,0.39048578360296027,37698.01204475988,116253.0,0.9987060298006099,0.6619452711345235,24991,0,24171
ea0b4c243e2bdac0,comments0720-fixed-arm-confirmation,poisson-n06-p045,pretrain_arm,10313,,21,6,6,poisson,,0.0,,,ea0b4c243e2bdac00131f8e5549277a5ecc6037338e5fc53eaa292d6bb324060,100000,200185418,99914,86,0.00086,0.9671832241047648,22039.70115713399,22022.0,0.9989581729563888,0.9738174656870513,37483,0,37470
ea2d6afbd3256fba,comments0720-fixed-arm-confirmation,poisson-n04-p025,pretrain_arm,10331,,5,4,4,poisson,,0.0,,,ea2d6afbd3256fba14886ee2164b0130e74025fb645d542c4f5276b4f464d77f,100000,385952474,77326,22674,0.22674,0.38826358708611364,37925.38235598437,118218.0,0.9988314800326547,0.6602013557062562,24991,0,24137
eab845fe8ae4a2c0,comments0720-fixed-arm-confirmation,poisson-n04-p025,pretrain_arm,10271,,12,4,4,poisson,,0.0,,,eab845fe8ae4a2c0da48e36d740368be44a02223fe8711ea701486cf5957843c,100000,376008629,75866,24134,0.24134,0.3909717587890782,37643.32713754647,116240.0,0.9989842982844042,0.6588236856911608,24988,0,24113
eae72e1c674ed89e,comments0720-fixed-arm-confirmation,poisson-n04-p025,pretrain_arm,10247,,16,4,4,poisson,,0.0,,,eae72e1c674ed89e8a08fdefa2f1f55c5f57821414f12822436248d020fc27e7,100000,386218218,77119,22881,0.22881,0.3868550913359556,38056.54741865622,118218.0,0.9989568230364343,0.6592561381241299,24991,0,24181
eaf6a97e4e69e4dd,comments0720-fixed-arm-confirmation,poisson-n04-p025,pretrain_arm,10139,,11,4,4,poisson,,0.0,,,eaf6a97e4e69e4dd7427803ccf6e81013882ef246563904644ddb607e1d386e4,100000,355449041,70373,29627,0.29627,0.38364822877662513,38400.753854899456,120207.0,0.9989699831000373,0.6400005706255542,24991,0,23846
eb2982afc8ee7bb7,comments0720-fixed-arm-confirmation,poisson-n04-p025,pretrain_arm,10289,,3,4,4,poisson,,0.0,,,eb2982afc8ee7bb744a096414dac75b6736b3fc11414d32bd927fd9b9c2d0546,100000,381918434,76898,23102,0.23102,0.39014614047144947,37725.66354532449,116277.0,0.9987638994158381,0.6610303466290958,24993,0,24132
eba10b0a9538c72f,comments0720-fixed-arm-confirmation,poisson-n06-p045,pretrain_arm,10259,,6,6,6,poisson,,0.0,,,eba10b0a9538c72f759a00e469a2bd659f5bea3fa1adbc1cdcc3bb93a5a2e849,100000,200191446,99918,82,0.00082,0.9671581921637151,22039.622184853764,22022.0,0.998969023983517,0.9738227387157441,37478,0,37465
ebb9c1161723a520,comments0720-fixed-arm-confirmation,poisson-n06-p045,pretrain_arm,10321,,6,6,6,poisson,,0.0,,,ebb9c1161723a5207104164935b3de77c123daee53b07f7c099663789705ad27,100000,200185376,99944,56,0.00056,0.9673876527324353,22033.763289036546,22022.0,0.9989761800982336,0.9739666109435562,37482,0,37469
ebcc7c5a7beae07b,comments0720-fixed-arm-confirmation,poisson-n06-p045,pretrain_arm,10337,,7,6,6,poisson,,0.0,,,ebcc7c5a7beae07bd0752c60718fba8c601e7e62f7b702971cf482613ea85143,100000,200187396,99929,71,0.00071,0.9672935652752085,22037.874976230272,22022.0,0.9989753516426114,0.9738974723059399,37483,0,37467
ebe34f85ba752fab,comments0720-fixed-arm-confirmation,poisson-n06-p045,pretrain_arm,10303,,10,6,6,poisson,,0.0,,,ebe34f85ba752fabd03c8a7530d977114cbfdecfa06c481a6a4be16aded27b2b,100000,200193518,99911,89,0.00089,0.9671126015178974,22042.55660216819,22022.0,0.9989785211771917,0.9737932075650297,37481,0,37469
ec63152ef956e0e7,comments0720-fixed-arm-confirmation,poisson-n04-p025,pretrain_arm,10253,,1,4,4,poisson,,0.0,,,ec63152ef956e0e7e5f421c31d8c50f25237abe0d1d58bc744af98ac75849c69,100000,379801116,75770,24230,0.2423,0.386621828673089,38095.24344658272,118195.0,0.9984303344663172,0.6556457210464687,24990,0,24088
ec724871f60c02ad,comments0720-fixed-arm-confirmation,poisson-n06-p045,pretrain_arm,10243,,13,6,6,poisson,,0.0,,,ec724871f60c02ad066b7a9b18c6cea1de286f48025659c38b010713f75c7ab2,100000,200191546,99850,150,0.0015,0.9664070729540197,22056.026963681164,22022.0,0.9989519251384587,0.9733966660308262,37478,0,37465
eca00571de27d4d2,comments0720-fixed-arm-confirmation,poisson-n06-p045,pretrain_arm,10273,,13,6,6,poisson,,0.0,,,eca00571de27d4d2de947ab2780bc178d87d8674540798fa704856c0a768d190,100000,200185467,99843,157,0.00157,0.9664134509824333,22058.709128427043,22022.0,0.9989568979103797,0.9733829496309376,37480,0,37465
ecc81c582d24719c,comments0720-fixed-arm-confirmation,poisson-n06-p045,pretrain_arm,10253,,21,6,6,poisson,,0.0,,,ecc81c582d24719c9dd78ace093076c1776e5138ae77787ac36552207ba28b7b,100000,200191461,99885,115,0.00115,0.9668361579118502,22049.00996265257,22022.0,0.9989705497535776,0.9736334025551426,37479,0,37466
ecf0ad59dbb365ff,comments0720-fixed-arm-confirmation,poisson-n06-p045,pretrain_arm,10177,,8,6,6,poisson,,0.0,,,ecf0ad59dbb365ffa5b3bea219912b1a204eba6d305c6096255c017b92e81a0a,100000,200193538,99892,108,0.00108,0.9669008746925688,22045.849369243093,22022.0,0.9989525562190495,0.9736664769705395,37476,0,37460
ed759ab50a6c1c15,comments0720-fixed-arm-confirmation,poisson-n06-p045,pretrain_arm,10151,,3,6,6,poisson,,0.0,,,ed759ab50a6c1c15c421a54452c93c78e0adbcaae0fb26494dd5d76664e692c1,100000,200187411,99909,91,0.00091,0.9670442563443712,22042.326796600497,22022.0,0.998961286653635,0.9737596809993353,37479,0,37466
edb1848f191c779d,comments0720-fixed-arm-confirmation,poisson-n04-p025,pretrain_arm,10169,,5,4,4,poisson,,0.0,,,edb1848f191c779df5aaacc7da748ec9e6fdeec436084ce65357bd8439187103,100000,390779676,77442,22558,0.22558,0.38395771125006,38362.60723971382,118315.0,0.9989235275842373,0.6590220796114324,24993,0,24167
edb212854a98d5f1,comments0720-fixed-arm-confirmation,poisson-n06-p045,pretrain_arm,10151,,8,6,6,poisson,,0.0,,,edb212854a98d5f121fa4ce6a7b7b3fe4191bb4a7d26ba6002a74b397fca0a38,100000,200187424,99917,83,0.00083,0.9671244882995248,22040.40330313798,22022.0,0.9989573508165286,0.9738051130386844,37479,0,37467
edd5f6d6d986c6ac,comments0720-fixed-arm-confirmation,poisson-n04-p025,pretrain_arm,10163,,0,4,4,poisson,,0.0,,,edd5f6d6d986c6ac2d18dd09a4b5ad4fbf4f21fdac70560321ed836911b92057,100000,378267497,75761,24239,0.24239,0.3880521302098552,37938.51966258762,116292.0,0.9988580348873578,0.6575112216990711,24992,0,24120
edeca933d0d66814,comments0720-fixed-arm-confirmation,poisson-n04-p025,pretrain_arm,10133,,7,4,4,poisson,,0.0,,,edeca933d0d66814659c1ecc13423f9546aa808820f45f619e6a0323283a7f32,100000,344913506,68753,31247,0.31247,0.38622235917894154,38128.80674958179,118242.0,0.9991149107226229,0.6381669233005214,24993,0,23814
edf39fdf37e28ba2,comments0720-fixed-arm-confirmation,poisson-n04-p025,pretrain_arm,10337,,17,4,4,poisson,,0.0,,,edf39fdf37e28ba2327a33ab7bf06f95eb6a2cbd2de593746df86270dd4fa67b,100000,386634023,77450,22550,0.2255,0.3881350090082476,37934.85977893133,118152.0,0.9990509724337235,0.6605856604806571,24991,0,24143
edf5e491d2b3cb7d,comments0720-fixed-arm-confirmation,poisson-n04-p025,pretrain_arm,10177,,3,4,4,poisson,,0.0,,,edf5e491d2b3cb7db6acbc0ae848853e9eb510da6c7c0dd2744b0131968ef5e2,100000,385477953,76889,23111,0.23111,0.3864371433974072,38103.59445116479,118221.0,0.9991314235162848,0.6585980223045639,24991,0,24117
ef34683e5e377acb,comments0720-fixed-arm-confirmation,poisson-n04-p025,pretrain_arm,10151,,18,4,4,poisson,,0.0,,,ef34683e5e377acb66ad05b191b0bdd4ad996b22d1863ae8e686f36a7b1d4a2f,100000,347945812,69479,30521,0.30521,0.3868715683808834,38056.23916454348,118199.0,0.9990028376610566,0.6401896353473133,24989,0,23873
ef831ccb1116f141,comments0720-fixed-arm-confirmation,poisson-n06-p045,pretrain_arm,10303,,23,6,6,poisson,,0.0,,,ef831ccb1116f1410d42ec2621842a172bf932724b6a90207c0b2c8a64f3847f,100000,200193510,99918,82,0.00082,0.9671059516364942,22040.871339058715,22022.0,0.9989702142330336,0.9738057219565092,37481,0,37469
efab568421ddcac8,comments0720-fixed-arm-confirmation,poisson-n06-p045,pretrain_arm,10369,,13,6,6,poisson,,0.0,,,efab568421ddcac889d0b2feab41d82f698856907d0449d21299041b3f98954a,100000,200197471,99911,89,0.00089,0.9671131959504123,22041.64672319042,22022.0,0.9989464071575965,0.973782701036003,37483,0,37471
efacdcc1e8be9408,comments0720-fixed-arm-confirmation,poisson-n04-p025,pretrain_arm,10337,,3,4,4,poisson,,0.0,,,efacdcc1e8be94081863cc035a8b41a5a36135ea9eafdcdcfffcb370a73b64f6,100000,384040662,76908,23092,0.23092,0.3880158502591062,37943.72462938882,118165.0,0.9990443674560583,0.6591800725717215,24991,0,24133
efdfd0450a42371f,comments0720-fixed-arm-confirmation,poisson-n04-p025,pretrain_arm,10259,,10,4,4,poisson,,0.0,,,efdfd0450a42371f5cf354ae1e569b54c544038b8e92df4ac7d7a6dc36a10892,100000,352158414,70490,29510,0.2951,0.3878733421374393,37959.84529383389,118218.0,0.998409861350418,0.6428407344959524,24990,0,23909
effefc19a65b9adb,comments0720-fixed-arm-confirmation,poisson-n06-p045,pretrain_arm,10337,,23,6,6,poisson,,0.0,,,effefc19a65b9adb3bf4cf1ac92b72baede158c42c2a1cb9298b59da950c3e83,100000,200187386,99930,70,0.0007,0.9672962910859928,22037.633329330052,22022.0,0.9989809343399796,0.9739027418086574,37484,0,37468
f02054bb14f04658,comments0720-fixed-arm-confirmation,poisson-n06-p045,pretrain_arm,10163,,12,6,6,poisson,,0.0,,,f02054bb14f046586581d819e5c1f4c1b0634489339e5c7cedbb369868279886,100000,200187579,99863,137,0.00137,0.9666351427328066,22052.632482398774,22022.0,0.9989804492571228,0.9735146973299764,37481,0,37467
f03ccd3010b619f9,comments0720-fixed-arm-confirmation,poisson-n04-p025,pretrain_arm,10247,,10,4,4,poisson,,0.0,,,f03ccd3010b619f9ae1996471efca8353aebb80d257ee4c7ce8480d55e543b4f,100000,351325348,70242,29758,0.29758,0.38741991369208006,38006.741022866416,118213.0,0.9990170697526987,0.6422753278149261,24991,0,23901
f064fa51d889edba,comments0720-fixed-arm-confirmation,poisson-n04-p025,pretrain_arm,10211,,14,4,4,poisson,,0.0,,,f064fa51d889edba2a0569fec834362d81184269053df174a8e6572f59431a59,100000,384209122,76736,23264,0.23264,0.38707872219650213,38049.07526587426,118225.0,0.9984010642447613,0.6581832621470878,24990,0,24160
f0e16a393b59bea8,comments0720-fixed-arm-confirmation,poisson-n04-p025,pretrain_arm,10333,,21,4,4,poisson,,0.0,,,f0e16a393b59bea8d149ab1bc3ddd910ae87c668e15f1a7909c67f39e8ba42b2,100000,350359300,69962,30038,0.30038,0.3869544607492936,38060.45654287103,118220.0,0.998642457471762,0.6412906394070186,24993,0,23942
f0e8628a5d4eb8b3,comments0720-fixed-arm-confirmation,poisson-n04-p025,pretrain_arm,10151,,15,4,4,poisson,,0.0,,,f0e8628a5d4eb8b3272007a51d8609eea02226985bbff8728a1248c50a5e34ec,100000,383962061,76715,23285,0.23285,0.3871896004850333,38031.90187336227,116282.0,0.9990653072186005,0.6596844692345446,24989,0,24119
f0f178cf8b571694,comments0720-fixed-arm-confirmation,poisson-n04-p025,pretrain_arm,10331,,13,4,4,poisson,,0.0,,,f0f178cf8b571694513d441b373649229009c11e85024e9f2a223dece69ff0ea,100000,378694288,75803,24197,0.24197,0.3879496064646214,37963.26177188469,118212.0,0.9988009269290815,0.6562830111312344,24992,0,24088
f115cbe36bbd91a9,comments0720-fixed-arm-confirmation,poisson-n04-p025,pretrain_arm,10357,,22,4,4,poisson,,0.0,,,f115cbe36bbd91a94486bea16ee457a6b9b1336cc05324775aac99188e979494,100000,351699639,70455,29545,0.29545,0.3881719821725492,37930.47117691314,118263.0,0.9989333371002919,0.642997273090947,24989,0,23882
f118e20831c74e38,comments0720-fixed-arm-confirmation,poisson-n06-p045,pretrain_arm,10357,,14,6,6,poisson,,0.0,,,f118e20831c74e38afd0d34041f4badcde654ee6e1b9bbdaa6774a8085d0828a,100000,200185423,99927,73,0.00073,0.9671994299005477,22038.435990592003,22022.0,0.9989483698688167,0.9738520999231215,37477,0,37465
f1511d156335efa3,comments0720-fixed-arm-confirmation,poisson-n06-p045,pretrain_arm,10193,,22,6,6,poisson,,0.0,,,f1511d156335efa3dfc09814bc4a7c9ab5626a6e395d6b8bd45a5f337f69cd63,100000,200189519,99814,186,0.00186,0.9661586129291814,22066.187240736657,22022.0,0.9989546986077679,0.9732247705123164,37476,0,37462
f18b9d4987715209,comments0720-fixed-arm-confirmation,poisson-n04-p025,pretrain_arm,10181,,10,4,4,poisson,,0.0,,,f18b9d498771520932ddec59991f8f82b568617373f2bccaa952da467b1b0476,100000,351734663,70389,29611,0.29611,0.3877716624136075,37973.203407169545,118175.0,0.9987388345285446,0.6426926656473839,24990,0,23931
f18c22c822261280,comments0720-fixed-arm-confirmation,poisson-n04-p025,pretrain_arm,10369,,6,4,4,poisson,,0.0,,,f18c22c822261280dccf06cfd39d3707dfa60f0ba0eae3590038e11356307552,100000,341956032,68531,31469,0.31469,0.38835285408856307,37912.86054317529,118192.0,0.9986156037426105,0.6381889859437245,24992,0,23873
f19117712791a892,comments0720-fixed-arm-confirmation,poisson-n06-p045,pretrain_arm,10247,,16,6,6,poisson,,0.0,,,f19117712791a892363ef504b07fea2551d5673211e2c140a0c0f4f37ec12ab7,100000,200187444,99884,116,0.00116,0.9668837921723002,22049.09023550144,22022.0,0.9989605092314805,0.9736434338012603,37478,0,37464
f19ccb677065827c,comments0720-fixed-arm-confirmation,poisson-n04-p025,pretrain_arm,10211,,0,4,4,poisson,,0.0,,,f19ccb677065827c34cf4697087cfb88cf699b1a3bda94a07e178ce0069907be,100000,379077442,75704,24296,0.24296,0.3870729348226424,38052.44867628408,118226.0,0.9984062316140001,0.6556023888122141,24990,0,24123
f1a945b773b51ee2,comments0720-fixed-arm-confirmation,poisson-n04-p025,pretrain_arm,10267,,10,4,4,poisson,,0.0,,,f1a945b773b51ee25451f2a564fb3751491fcd810a61098a370d24c05996d742,100000,356492641,70562,29438,0.29438,0.3835014282945605,38412.90298211299,120195.0,0.9989358437897546,0.6404207573614383,24992,0,23966
f1c211169ebf16fa,comments0720-fixed-arm-confirmation,poisson-n06-p045,pretrain_arm,10111,,15,6,6,poisson,,0.0,,,f1c211169ebf16fa0b0e880c27e53dac4211c8403bb046b8e38ee82b3e8bf873,100000,200189374,99916,84,0.00084,0.9672138791942074,22040.43762011531,22022.0,0.9989722535657598,0.9738373775866557,37483,0,37471
f22a423c2c24ca26,comments0720-fixed-arm-confirmation,poisson-n06-p045,pretrain_arm,10193,,18,6,6,poisson,,0.0,,,f22a423c2c24ca262f2c789c1482685357c24c5026709159ddea53c434c84065,100000,200189517,99810,190,0.0019,0.966162179211412,22067.151866770877,22022.0,0.9989680682747016,0.9732204158287046,37476,0,37462
f247a5bec3e8c695,comments0720-fixed-arm-confirmation,poisson-n04-p025,pretrain_arm,10193,,7,4,4,poisson,,0.0,,,f247a5bec3e8c69542e12bffc305e80bad025ef8c9b4144f2b478f21845c6b66,100000,341654615,68519,31481,0.31481,0.38867580348651226,37883.8419815796,116280.0,0.9987586733667217,0.6395889922844112,24993,0,23877
f26c47b23265c2f1,comments0720-fixed-arm-confirmation,poisson-n06-p045,pretrain_arm,10369,,11,6,6,poisson,,0.0,,,f26c47b23265c2f123c0e9e947ab0b9ca0a7e66ebb4e7a40deca143abffbaa3d,100000,200197477,99946,54,0.00054,0.9673607824737971,22033.227440110473,22022.0,0.9989557541930548,0.9739558455556173,37484,0,37472
f2a5bf2e6c4bef2c,comments0720-fixed-arm-confirmation,poisson-n04-p025,pretrain_arm,10163,,16,4,4,poisson,,0.0,,,f2a5bf2e6c4bef2c39dd8dcf7bb0f85b69a8ed0f9542e29a97d811ef4978e515,100000,387368485,77574,22426,0.22426,0.38802573472129515,37941.00956604698,118154.0,0.9988766327673945,0.6607997891628965,24993,0,24148
f2cb93cae27174f4,comments0720-fixed-arm-confirmation,poisson-n06-p045,pretrain_arm,10357,,5,6,6,poisson,,0.0,,,f2cb93cae27174f41351c251a81673a91049820153b30848e35ee734e54ee0bf,100000,200185434,99888,112,0.00112,0.9669704689902663,22047.823771476633,22022.0,0.9989657249546962,0.9736840646483209,37478,0,37466
f2d805f7caaf8a1c,comments0720-fixed-arm-confirmation,poisson-n04-p025,pretrain_arm,10159,,10,4,4,poisson,,0.0,,,f2d805f7caaf8a1c31aa7f56e61018b7705a8bce966e132be709806916aed742,100000,348304648,70236,29764,0.29764,0.39076964887359183,37666.399327903404,116276.0,0.9988368027603202,0.6446081505446374,24991,0,23917
f3152b61dd60c283,comments0720-fixed-arm-confirmation,poisson-n04-p025,pretrain_arm,10133,,14,4,4,poisson,,0.0,,,f3152b61dd60c2832fce07d9ef725896731e4e8785ec782ef36bcac4f82284c9,100000,386225126,76842,23158,0.23158,0.38548941013226573,38207.407866309186,118230.0,0.9991283393701023,0.658157583167456,24993,0,24156
f31997c9f3a84d86,comments0720-fixed-arm-confirmation,poisson-n04-p025,pretrain_arm,10247,,21,4,4,poisson,,0.0,,,f31997c9f3a84d869da760d47d4e67bfc45fc26bcb365c5a2c4fc821ad57bfa2,100000,349718093,69936,30064,0.30064,0.38754165916145494,38001.91396865347,118189.0,0.9990446772303182,0.6415761121305911,24991,0,23942
f326440367731985,comments0720-fixed-arm-confirmation,poisson-n04-p025,pretrain_arm,10193,,17,4,4,poisson,,0.0,,,f326440367731985d3f30ca11e54e5ab35f14c3eaed65e0ef4ea14d25b0e78c5,100000,386136751,77417,22583,0.22583,0.3884867384715732,37897.985118009536,116279.0,0.9987802512182894,0.6617788298966207,24993,0,24219
f3948766fbccd6a1,comments0720-fixed-arm-confirmation,poisson-n06-p045,pretrain_arm,10247,,1,6,6,poisson,,0.0,,,f3948766fbccd6a1f1cce089df83e5e9b3ee61b3a097a54afacf5836f634d375,100000,200187427,99869,131,0.00131,0.9667380709179103,22052.7010625194,22022.0,0.9989650889864786,0.9735588866347963,37478,0,37464
f40d04d491a603c9,comments0720-fixed-arm-confirmation,poisson-n06-p045,pretrain_arm,10211,,7,6,6,poisson,,0.0,,,f40d04d491a603c98705f8373f7c8f1458586902bb008008c2e9666d38607ccf,100000,200193474,99829,171,0.00171,0.9662206820987581,22061.50281014256,22022.0,0.9989893344872647,0.9732945055286742,37478,0,37461
f42b0f8250813d25,comments0720-fixed-arm-confirmation,poisson-n06-p045,pretrain_arm,10177,,13,6,6,poisson,,0.0,,,f42b0f8250813d256a02d660d3986056fc051e61e9c7aaf80cdfda235007a5d1,100000,200193512,99885,115,0.00115,0.9667993785932483,22047.691958787662,22022.0,0.9989629627119816,0.9736186137684099,37475,0,37461
f48b7c6320e4c684,comments0720-fixed-arm-confirmation,poisson-n04-p025,pretrain_arm,10103,,6,4,4,poisson,,0.0,,,f48b7c6320e4c684203303107e1bfe882394266d16e61ff0fe467838966ffaca,100000,344897939,68704,31296,0.31296,0.38600757483795806,38157.277483405145,118246.0,0.9985083889944913,0.6377679879441499,24987,0,23826
f4e29a38e2727ff4,comments0720-fixed-arm-confirmation,poisson-n06-p045,pretrain_arm,10331,,7,6,6,poisson,,0.0,,,f4e29a38e2727ff4ba459b99abb4eb99f2b817492a771d40de34cb4bc169eb20,100000,200187418,99886,114,0.00114,0.9668200925594634,22048.52649338166,22022.0,0.998972004729798,0.9736310324297539,37482,0,37470
f4e75bdbfbfc1c49,comments0720-fixed-arm-confirmation,poisson-n04-p025,pretrain_arm,10369,,9,4,4,poisson,,0.0,,,f4e75bdbfbfc1c49e7150194aa72472d3215fc53d874bacfc37dcd8711a81bc2,100000,346165586,69391,30609,0.30609,0.38848026331537183,37902.44056901547,116365.0,0.9985869159690878,0.6415898930948198,24992,0,23867
f4feda029870e36d,comments0720-fixed-arm-confirmation,poisson-n04-p025,pretrain_arm,10193,,21,4,4,poisson,,0.0,,,f4feda029870e36d9796ae5bfb7f2bb60b52f05aa54b558fbfef1cca3ac81a09,100000,349857489,70149,29851,0.29851,0.38847099825837944,37891.77231576396,116273.0,0.9987921982274557,0.6436115654952785,24993,0,23906
f5c388f013a972b1,comments0720-fixed-arm-confirmation,poisson-n06-p045,pretrain_arm,10211,,16,6,6,poisson,,0.0,,,f5c388f013a972b12bf7b2e2564f0c127b92228ce1cfd7326d25a65c29fa1091,100000,200193456,99791,209,0.00209,0.9659024818473587,22070.664438408883,22022.0,0.9989794238844025,0.9730901352439204,37478,0,37464
f5cc788f7c98239f,comments0720-fixed-arm-confirmation,poisson-n06-p045,pretrain_arm,10331,,6,6,6,poisson,,0.0,,,f5cc788f7c98239f8e4efdec5b317bc632fe4ab667723b449c928587bcb04dc2,100000,200187418,99886,114,0.00114,0.9668200925594634,22048.52649338166,22022.0,0.998972004729798,0.9736310324297539,37482,0,37470
f5cca07b5650493f,comments0720-fixed-arm-confirmation,poisson-n04-p025,pretrain_arm,10321,,20,4,4,poisson,,0.0,,,f5cca07b5650493ffcf607889f660cfa5cb71f9a9595542ae574a1974f38a754,100000,348339082,69923,30077,0.30077,0.3889592354153359,37848.150253879714,118203.0,0.9988256979380573,0.6419338111177977,24993,0,23922
f60f07ac9f110df3,comments0720-fixed-arm-confirmation,poisson-n06-p045,pretrain_arm,10169,,14,6,6,poisson,,0.0,,,f60f07ac9f110df3c8b86e1efe13b484b67de4f454651ef4d2d578fa6d40f3c1,100000,200187454,99919,81,0.00081,0.9670906149792984,22039.624530813657,22022.0,0.9989749826342886,0.9738046992045291,37476,0,37462
f66784812bcc1e4f,comments0720-fixed-arm-confirmation,poisson-n06-p045,pretrain_arm,10369,,14,6,6,poisson,,0.0,,,f66784812bcc1e4fbb4cc8d6907766f7207dc3244038fa4370f2e4fcb99eb7f4,100000,200197473,99932,68,0.00068,0.96722934160113,22036.59409527622,22022.0,0.9989573155202213,0.9738775523737838,37483,0,37471
f67f25f3905e10ea,comments0720-fixed-arm-confirmation,poisson-n04-p025,pretrain_arm,10301,,12,4,4,poisson,,0.0,,,f67f25f3905e10eaad13c09ef6b5bc749a5241c3516dd030465de338a265604d,100000,378416229,75923,24077,0.24077,0.38881627616451936,37872.10597378647,118197.0,0.9986827476150427,0.6568425079265208,24990,0,24070
f6927db325fdf5ae,comments0720-fixed-arm-confirmation,poisson-n06-p045,pretrain_arm,10331,,0,6,6,poisson,,0.0,,,f6927db325fdf5ae943e2cb5b04d3a303a958769576e893c077cfe61baf0a4c7,100000,200187401,99868,132,0.00132,0.9666750506441711,22052.859137157506,22022.0,0.9989782355310328,0.9735397620584012,37481,0,37468
f69864722f527dc1,comments0720-fixed-arm-confirmation,poisson-n06-p045,pretrain_arm,10133,,16,6,6,poisson,,0.0,,,f69864722f527dc17d44387017d4c5194bef14bb07a4699498127828d361c24a,100000,200185459,99872,128,0.00128,0.9667919436645995,22051.498547967152,22022.0,0.998949932194252,0.9735792919529506,37479,0,37467
f6ad51a55fb89699,comments0720-fixed-arm-confirmation,poisson-n06-p045,pretrain_arm,10103,,15,6,6,poisson,,0.0,,,f6ad51a55fb8969956d11e2303a8ab0aae2d60a5c7dbc03d658fc69d6313fa00,100000,200185492,99930,70,0.0007,0.9672537058779465,22037.102193798914,22022.0,0.9989799047304707,0.973888203536139,37480,0,37467
f6c3cf115a88ff14,comments0720-fixed-arm-confirmation,poisson-n04-p025,pretrain_arm,10151,,4,4,4,poisson,,0.0,,,f6c3cf115a88ff14a036d35198d0fdae3d304f47c142c8b1cf65d3998d09ed99,100000,388577355,77694,22306,0.22306,0.3874334004872724,38005.50590840048,116279.0,0.9990694300596562,0.6622166101823096,24989,0,24128
f6cf86f0eb4826ba,comments0720-fixed-arm-confirmation,poisson-n06-p045,pretrain_arm,10193,,14,6,6,poisson,,0.0,,,f6cf86f0eb4826ba01afd277f89244285f4184f95b16cf41a171fba19e428eb5,100000,200189479,99794,206,0.00206,0.9659739311275194,22071.00629372031,22022.0,0.9989568877014303,0.9731139396096499,37476,0,37462
f6d36c8d3924210d,comments0720-fixed-arm-confirmation,poisson-n04-p025,pretrain_arm,10193,,14,4,4,poisson,,0.0,,,f6d36c8d3924210d69ceca1702b298771b95b5398f6e5d3f2f1acf32fd762dab,100000,381799075,76539,23461,0.23461,0.38849898732730037,37902.07535508487,116282.0,0.9987870919046248,0.6595881930773083,24993,0,24119
f6d892c7c883a485,comments0720-fixed-arm-confirmation,poisson-n04-p025,pretrain_arm,10111,,10,4,4,poisson,,0.0,,,f6d892c7c883a485cfb183c64fee2ae088c0b2c3c94464badc68492c2e41d9a6,100000,354844492,70617,29383,0.29383,0.3855726327576757,38190.88614765823,118239.0,0.9989247256176983,0.6425489527917915,24991,0,23887
f779c998d4113c7e,comments0720-fixed-arm-confirmation,poisson-n04-p025,pretrain_arm,10259,,22,4,4,poisson,,0.0,,,f779c998d4113c7e8dc010c2332655870a2da3df582a01320fd3e643e52c1569,100000,352407093,70536,29464,0.29464,0.38788431253283545,37961.56474024501,118211.0,0.9984312308601881,0.6429711811310079,24990,0,23915
f780434839132c94,comments0720-fixed-arm-confirmation,poisson-n04-p025,pretrain_arm,10163,,1,4,4,poisson,,0.0,,,f780434839132c94d96ebf9bc708dded719b94afd95a16a18cf09814ae54fe4b,100000,378267497,75761,24239,0.24239,0.3880521302098552,37938.51966258762,116292.0,0.9988580348873578,0.6575112216990711,24992,0,24120
f78a069e8721dcd2,comments0720-fixed-arm-confirmation,poisson-n04-p025,pretrain_arm,10253,,0,4,4,poisson,,0.0,,,f78a069e8721dcd2ee3b72ee4334733b11a3b6bbf786eebdc7a1e9758a6d1828,100000,379801116,75770,24230,0.2423,0.386621828673089,38095.24344658272,118195.0,0.9984303344663172,0.6556457210464687,24990,0,24088
f7dc57247cb12a7b,comments0720-fixed-arm-confirmation,poisson-n06-p045,pretrain_arm,10333,,7,6,6,poisson,,0.0,,,f7dc57247cb12a7be72a05a9bb768ba1942baf9ad6af583b4f9cf60b235af7be,100000,200191430,99888,112,0.00112,0.9668243340886271,22048.08603668549,22022.0,0.9989659320810822,0.9736354220565697,37482,0,37469
f7ed96edc15b94ba,comments0720-fixed-arm-confirmation,poisson-n06-p045,pretrain_arm,10343,,7,6,6,poisson,,0.0,,,f7ed96edc15b94bab74ef05af22422289f520bc7cf842869767f028a6c69a374,100000,200189456,99895,105,0.00105,0.966900464527962,22045.239530250394,22022.0,0.9989689034645969,0.9736792893308529,37481,0,37469
f7f0988bd4711865,comments0720-fixed-arm-confirmation,poisson-n04-p025,pretrain_arm,10177,,0,4,4,poisson,,0.0,,,f7f0988bd4711865efb75540d1679249c457f77be6a4066353ea5af24be1d80d,100000,379254865,75683,24317,0.24317,0.38666595878737114,38084.25149653122,118206.0,0.999077961523028,0.6556514734367996,24992,0,24088
f84e04d23253f8f8,comments0720-fixed-arm-confirmation,poisson-n06-p045,pretrain_arm,10159,,10,6,6,poisson,,0.0,,,f84e04d23253f8f8095d1f70780d801078efee7e75082a0ba7a5851274a6b20e,100000,200201532,99887,113,0.00113,0.9668049393348299,22048.55382227785,22022.0,0.9989634660042898,0.97362563511304,37479,0,37467
f877eacb1d82fc08,comments0720-fixed-arm-confirmation,poisson-n04-p025,pretrain_arm,10193,,3,4,4,poisson,,0.0,,,f877eacb1d82fc08d1ff6b6b22428a556e4bfc7885ada8b9db9f9b07509dc787,100000,382888199,76789,23211,0.23211,0.38860875678228984,37884.9282895508,116267.0,0.9988184537084994,0.6602702368302631,24993,0,24162
f8dd22273acec5e1,comments0720-fixed-arm-confirmation,poisson-n06-p045,pretrain_arm,10211,,11,6,6,poisson,,0.0,,,f8dd22273acec5e156adae4bf1527e8589a9f9f143f9d10be238bc6324f36288,100000,200193477,99834,166,0.00166,0.9663536090139441,22060.29809060127,22022.0,0.9989981568965659,0.9733542553035032,37479,0,37462
f9079a47d3311e8d,comments0720-fixed-arm-confirmation,poisson-n04-p025,pretrain_arm,10223,,1,4,4,poisson,,0.0,,,f9079a47d3311e8d6508fdcf849fbdf5bdcdaa97790a9dcf815222f2449ace0f,100000,380327630,75583,24417,0.24417,0.38496044055489737,38254.824148197156,118252.0,0.9991473403266415,0.654825426960513,24990,0,24045
f91f907964269902,comments0720-fixed-arm-confirmation,poisson-n04-p025,pretrain_arm,10337,,2,4,4,poisson,,0.0,,,f91f907964269902a316cd41a06d4135745cbe952487256ba9c97f2d08bb796e,100000,384040662,76908,23092,0.23092,0.3880158502591062,37943.72462938882,118165.0,0.9990443674560583,0.6591800725717215,24991,0,24133
f9491769575d9cc1,comments0720-fixed-arm-confirmation,poisson-n06-p045,pretrain_arm,10369,,21,6,6,poisson,,0.0,,,f9491769575d9cc1a62e0e480fc705819a73c317dd1055287317df39fd09454f,100000,200197475,99948,52,0.00052,0.9674241945359201,22032.74621757925,22022.0,0.9989560317938728,0.9739820754432643,37484,0,37472
f952ea1b21d728b3,comments0720-fixed-arm-confirmation,poisson-n06-p045,pretrain_arm,10163,,5,6,6,poisson,,0.0,,,f952ea1b21d728b3fb140584e77e026fdb161cb7fab6d3352538813f7c06a454,100000,200187581,99861,139,0.00139,0.9665681009452829,22053.114643111097,22022.0,0.998982300320356,0.9734879670885463,37480,0,37467
f964f2ad16477dd1,comments0720-fixed-arm-confirmation,poisson-n06-p045,pretrain_arm,10169,,17,6,6,poisson,,0.0,,,f964f2ad16477dd1ea0316f72893a7710d37c778334bf0facc075234bfaf3a50,100000,200187471,99899,101,0.00101,0.9669439102909692,22044.459999799772,22022.0,0.9989769130973652,0.9737064411294448,37478,0,37465
f990d48afde46dd4,comments0720-fixed-arm-confirmation,poisson-n04-p025,pretrain_arm,10141,,8,4,4,poisson,,0.0,,,f990d48afde46dd442ed8953c6db110a868e3cd344a40f49796b302b4ff3f131,100000,345956946,69512,30488,0.30488,0.3894052990050386,37815.56047133978,118227.0,0.9986495474523613,0.6409802821524668,24991,0,23876
f99f2a1c84fee317,comments0720-fixed-arm-confirmation,poisson-n06-p045,pretrain_arm,10271,,7,6,6,poisson,,0.0,,,f99f2a1c84fee3172f1228951d2074f74c9808f3771ec1ead521e78f749c82f4,100000,200199515,99874,126,0.00126,0.9667870174410762,22051.04287917326,22022.0,0.9989506450934694,0.9735828875115153,37480,0,37464
f9b7859e0c88b81a,comments0720-fixed-arm-confirmation,poisson-n04-p025,pretrain_arm,10333,,1,4,4,poisson,,0.0,,,f9b7859e0c88b81a9542ed289ccb9e191cc5006207f3f5be3fe10099f21478c9,100000,378172872,75580,24420,0.2442,0.3872787707522289,38026.32934155507,116330.0,0.9987224949579065,0.6567304219033784,24992,0,24063
f9f809b43727b3ed,comments0720-fixed-arm-confirmation,poisson-n04-p025,pretrain_arm,10369,,1,4,4,poisson,,0.0,,,f9f809b43727b3ed6511eff47a6a165ba30987ad0b67d7f5005c768b213f3929,100000,377600443,75665,24335,0.24335,0.388332947480149,37919.98797203167,118167.0,0.9987204012388945,0.6560689495730145,24992,0,24102
fa247fd44fe0ab7b,comments0720-fixed-arm-confirmation,poisson-n06-p045,pretrain_arm,10337,,0,6,6,poisson,,0.0,,,fa247fd44fe0ab7b7da8807938a325e772537453eb6ec9cfe8995364b7f6cd96,100000,200187377,99921,79,0.00079,0.9671950344801211,22039.797775976138,22022.0,0.9989714535791837,0.9738433293531017,37478,0,37464
fa9ae46f1b6ee6f0,comments0720-fixed-arm-confirmation,poisson-n06-p045,pretrain_arm,10337,,9,6,6,poisson,,0.0,,,fa9ae46f1b6ee6f0c9e26e9a8f1d89df71ae528663445012df8baa6614fcf45e,100000,200187396,99929,71,0.00071,0.9672935652752085,22037.874976230272,22022.0,0.9989753516426114,0.9738974723059399,37483,0,37467
faadad8026f5c855,comments0720-fixed-arm-confirmation,poisson-n06-p045,pretrain_arm,10321,,23,6,6,poisson,,0.0,,,faadad8026f5c855a954773dafb8fac4b2983b7ef49dcf0a87ad8b8cc9ee345c,100000,200185376,99940,60,0.0006,0.9674301333579931,22034.725422304058,22022.0,0.9989843912777818,0.973973508211925,37482,0,37469
fb390da4656346ac,comments0720-fixed-arm-confirmation,poisson-n06-p045,pretrain_arm,10337,,19,6,6,poisson,,0.0,,,fb390da4656346ac4827738bc6df4b39e82e6939023e61d551705e1e328a49a5,100000,200187396,99929,71,0.00071,0.9672935652752085,22037.874976230272,22022.0,0.9989753516426114,0.9738974723059399,37483,0,37467
fb53e5041a1456f7,comments0720-fixed-arm-confirmation,poisson-n06-p045,pretrain_arm,10273,,5,6,6,poisson,,0.0,,,fb53e5041a1456f7e1551ea2c4960684973bf0542e8794394efc7f65a8b9990e,100000,200185468,99858,142,0.00142,0.9665948978873931,22055.09461570819,22022.0,0.9989642024482085,0.9734833667785339,37480,0,37467
fb61fcc6f907d23d,comments0720-fixed-arm-confirmation,poisson-n06-p045,pretrain_arm,10193,,4,6,6,poisson,,0.0,,,fb61fcc6f907d23debcbfb4bf11475e9b8a5d777dd18cfc46768f28db9231480,100000,200189504,99756,244,0.00244,0.9656017530269719,22080.179700032084,22022.0,0.9989619851800678,0.9728965794023465,37476,0,37462
fb7fb048a39a1d20,comments0720-fixed-arm-confirmation,poisson-n04-p025,pretrain_arm,10223,,23,4,4,poisson,,0.0,,,fb7fb048a39a1d2038cf4741d95177fd15c92fad7571a7d9a4385fc13b8d592a,100000,356608735,70726,29274,0.29274,0.38419048260273264,38334.58255323963,118323.0,0.999151100018047,0.6423801942069265,24990,0,23938
fb9ef3dc4b6c6b86,comments0720-fixed-arm-confirmation,poisson-n06-p045,pretrain_arm,10211,,6,6,6,poisson,,0.0,,,fb9ef3dc4b6c6b86f51a6e7618e52618bed73fff371abc82ebe7168be82b975a,100000,200193474,99829,171,0.00171,0.9662206820987581,22061.50281014256,22022.0,0.9989893344872647,0.9732945055286742,37478,0,37461
fbd52523c67762cd,comments0720-fixed-arm-confirmation,poisson-n04-p025,pretrain_arm,10133,,5,4,4,poisson,,0.0,,,fbd52523c67762cda622e9cac27540147808dbce656fb1c2efe96642eb1a4817,100000,388916877,77393,22607,0.22607,0.3856260447139197,38198.59015313045,118234.0,0.9991671380999386,0.659590894271286,24993,0,24157
fbf87a84f2681350,comments0720-fixed-arm-confirmation,poisson-n06-p045,pretrain_arm,10301,,17,6,6,poisson,,0.0,,,fbf87a84f268135048d8923e20f540c75d7fa79963ac333d56eb1c6b25fc39ae,100000,200185435,99896,104,0.00104,0.9669269545009606,22045.47920587882,22022.0,0.9989694652061214,0.9736908065690273,37481,0,37468
fc224837cf820958,comments0720-fixed-arm-confirmation,poisson-n04-p025,pretrain_arm,10259,,0,4,4,poisson,,0.0,,,fc224837cf820958a2874452b9913e32646414622f032ef6410bc369123cbf1c,100000,377686026,75613,24387,0.24387,0.3879923002499436,37953.1630183189,118194.0,0.9986011621386242,0.6557676541295225,24990,0,24132
fc32fb4efb9ae033,comments0720-fixed-arm-confirmation,poisson-n04-p025,pretrain_arm,10211,,11,4,4,poisson,,0.0,,,fc32fb4efb9ae0337300c8375c6c5d0a6f6d3e8410333661917e627757e02b4d,100000,353295456,70652,29348,0.29348,0.3875557176710475,38000.06259554951,118259.0,0.9984636786369986,0.6431304654360154,24989,0,23930
fc35ae891ae1e90c,comments0720-fixed-arm-confirmation,poisson-n06-p045,pretrain_arm,10333,,3,6,6,poisson,,0.0,,,fc35ae891ae1e90cb96637a5abf8b28d753f5fbd662883c67b096ff1949c4f56,100000,200191410,99893,107,0.00107,0.9669170720162269,22046.879526636698,22022.0,0.9989576149132853,0.9736760623098375,37482,0,37470
fc4010361f27c1df,comments0720-fixed-arm-confirmation,poisson-n04-p025,pretrain_arm,10267,,8,4,4,poisson,,0.0,,,fc4010361f27c1dfc58a9e432b4872eafe810444c1b54d4ad24e9b235e2389c5,100000,352540225,69732,30268,0.30268,0.3832697899934681,38442.238311055014,118308.0,0.9989344211685093,0.6395260703873258,24992,0,23872
fc660e16f9167282,comments0720-fixed-arm-confirmation,poisson-n06-p045,pretrain_arm,10151,,2,6,6,poisson,,0.0,,,fc660e16f91672822303c214735427c3929769b06768af3049b918cc9022d2ce,100000,200187411,99909,91,0.00091,0.9670442563443712,22042.326796600497,22022.0,0.998961286653635,0.9737596809993353,37479,0,37466
fc709cbd93d5c2cf,comments0720-fixed-arm-confirmation,poisson-n04-p025,pretrain_arm,10357,,14,4,4,poisson,,0.0,,,fc709cbd93d5c2cfda943407d289e5dfffdda6256db4b1d87be23f26210877ab,100000,383049577,76652,23348,0.23348,0.3877578854499035,37974.44434006576,118255.0,0.9989542766429664,0.6583640540309567,24989,0,24100
fc8d09692d09c98a,comments0720-fixed-arm-confirmation,poisson-n06-p045,pretrain_arm,10313,,16,6,6,poisson,,0.0,,,fc8d09692d09c98ad5ce91af751acd508c300da1cbefc63b432c3364ca8c7ed8,100000,200185402,99905,95,0.00095,0.9670988047370207,22041.86543601654,22022.0,0.9989629693598655,0.973768424698962,37482,0,37469
fcc027c80f516e06,comments0720-fixed-arm-confirmation,poisson-n06-p045,pretrain_arm,10259,,9,6,6,poisson,,0.0,,,fcc027c80f516e06303753264b0dbf64647208e535e9be57af4810841c264a64,100000,200191442,99924,76,0.00076,0.9671367220582786,22038.178276883657,22022.0,0.998954227814286,0.9738256499575215,37478,0,37464
fcd614e8529b030c,comments0720-fixed-arm-confirmation,poisson-n06-p045,pretrain_arm,10321,,12,6,6,poisson,,0.0,,,fcd614e8529b030cba61f3592975914935fdedd092a2597bb1b35d566e7df88f,100000,200185383,99916,84,0.00084,0.9671986091012449,22040.500090086483,22022.0,0.9989686023197856,0.9738310704736768,37482,0,37469
fd70ebc7f74ba6a3,comments0720-fixed-arm-confirmation,poisson-n04-p025,pretrain_arm,10247,,9,4,4,poisson,,0.0,,,fd70ebc7f74ba6a382bbb791257c4ea039446a890018febd143db9c578697bd8,100000,347232896,69390,30610,0.3061,0.3872229749798821,38026.89181632124,118144.0,0.9990175570503734,0.6401258440100851,24991,0,23911
fd801ca959165018,comments0720-fixed-arm-confirmation,poisson-n04-p025,pretrain_arm,10151,,17,4,4,poisson,,0.0,,,fd801ca95916501846512c55bfdb04fad491c7cda69703c60a89ccd084f6e208,100000,386935456,77348,22652,0.22652,0.38735752610895396,38015.497957072665,116278.0,0.9990535243117058,0.6613216834735532,24989,0,24154
fd9950d172ad88b1,comments0720-fixed-arm-confirmation,poisson-n04-p025,pretrain_arm,10333,,11,4,4,poisson,,0.0,,,fd9950d172ad88b1c4f8ff93caa22d5455da7ba96e01bcc0fe0e751c0ffdc6d5,100000,351952298,70291,29709,0.29709,0.3871387820857473,38053.56925572329,118224.0,0.9987015849929475,0.642191622359565,24992,0,23917
fe26d12bb80b2d95,comments0720-fixed-arm-confirmation,poisson-n06-p045,pretrain_arm,10139,,16,6,6,poisson,,0.0,,,fe26d12bb80b2d95c1808ecbd7cc53f52a5e39ffa74614f3dc42d372ad19d5e2,100000,200189460,99855,145,0.00145,0.9665672008905963,22055.55546207546,22022.0,0.9989334727787024,0.9734563912230995,37481,0,37469
fe521d026c4e4146,comments0720-fixed-arm-confirmation,poisson-n06-p045,pretrain_arm,10223,,6,6,6,poisson,,0.0,,,fe521d026c4e4146045160984363148bbd89a02aa01034aa778e06dfbbb652a4,100000,200193448,99894,106,0.00106,0.9669243670751901,22046.563494924012,22022.0,0.9989495649011196,0.97367831065877,37481,0,37466
fe5f3320d9b9f7b1,comments0720-fixed-arm-confirmation,poisson-n04-p025,pretrain_arm,10253,,15,4,4,poisson,,0.0,,,fe5f3320d9b9f7b11aa29f02024a9d362856f57d752d870ff5a6efa93d79a514,100000,384207975,76610,23390,0.2339,0.3864273223375959,38112.848907339234,118214.0,0.9984558519555953,0.6576767247643971,24990,0,24133
fe81a21f92b06453,comments0720-fixed-arm-confirmation,poisson-n04-p025,pretrain_arm,10271,,13,4,4,poisson,,0.0,,,fe81a21f92b06453baaa707430041f443248857b1d064958cce0d09b2ba8f3c5,100000,376008629,75866,24134,0.24134,0.3909717587890782,37643.32713754647,116240.0,0.9989842982844042,0.6588236856911608,24988,0,24113
fe94d986f67f9ece,comments0720-fixed-arm-confirmation,poisson-n04-p025,pretrain_arm,10369,,13,4,4,poisson,,0.0,,,fe94d986f67f9ecefb662fa284d54390b07931a60f09b9c26f3d71513c8f1c61,100000,376731930,75493,24507,0.24507,0.3882831460556051,37919.59580049016,118181.0,0.9987100138296815,0.6556095532950955,24992,0,24084
fecd54865e375aef,comments0720-fixed-arm-confirmation,poisson-n06-p045,pretrain_arm,10103,,1,6,6,poisson,,0.0,,,fecd54865e375aef921ed964afaf886b3d71ccfafee9747c1d50b331dd88e960,100000,200185491,99922,78,0.00078,0.9670956173342253,22039.026694024622,22022.0,0.9989691860328815,0.9738119344557024,37480,0,37467
ff34f48ea5904f98,comments0720-fixed-arm-confirmation,poisson-n04-p025,pretrain_arm,10139,,6,4,4,poisson,,0.0,,,ff34f48ea5904f98df42a1e91d6f4074bca2aa75fadab38ed4d82d6801b460d0,100000,347067111,68696,31304,0.31304,0.3835048403650094,38410.31347542511,120222.0,0.9989249555672329,0.6357352653107474,24991,0,23863
ff4a528e6513990c,comments0720-fixed-arm-confirmation,poisson-n04-p025,pretrain_arm,10289,,7,4,4,poisson,,0.0,,,ff4a528e6513990caa223c58b170cf8c6e5520e3dc4fe6125390b7f98f24be74,100000,342586827,69025,30975,0.30975,0.39038274229966236,37697.6296129939,116312.0,0.9989694630907063,0.6414719017967896,24992,0,23831
ff78f3935feb6a6a,comments0720-fixed-arm-confirmation,poisson-n04-p025,pretrain_arm,10211,,22,4,4,poisson,,0.0,,,ff78f3935feb6a6a51265d1164816aa1026467791ed76bf224c4b7868fd65adf,100000,352109876,70423,29577,0.29577,0.3876205165003665,37992.46720159057,118245.0,0.9984723002493697,0.642591772249912,24989,0,23918
ffae1b372769998d,comments0720-fixed-arm-confirmation,poisson-n04-p025,pretrain_arm,10193,,1,4,4,poisson,,0.0,,,ffae1b372769998d432ffdb61eb57d282f3c7598098c2552a20b6a9be49dd081,100000,376592256,75519,24481,0.24481,0.3885812511237618,37884.5817430573,116260.0,0.9987936367893264,0.657082462637696,24993,0,24126
ffb173f06b5aa3a0,comments0720-fixed-arm-confirmation,poisson-n06-p045,pretrain_arm,10163,,13,6,6,poisson,,0.0,,,ffb173f06b5aa3a000bd2c07d88624730a5ffc5c61f76ae46f0e291975008d52,100000,200187579,99863,137,0.00137,0.9666351427328066,22052.632482398774,22022.0,0.9989804492571228,0.9735146973299764,37481,0,37467
ffc054d37d6e9c9a,comments0720-fixed-arm-confirmation,poisson-n06-p045,pretrain_arm,10321,,20,6,6,poisson,,0.0,,,ffc054d37d6e9c9a258e5a84c64f0cbc6f1ccc001e533afc5be9ed4013d436bd,100000,200185382,99935,65,0.00065,0.9673829780438215,22035.92847492569,22022.0,0.9989785216095999,0.9739433332178071,37482,0,37469
ffdaa3be0843bdb2,comments0720-fixed-arm-confirmation,poisson-n04-p025,pretrain_arm,10169,,9,4,4,poisson,,0.0,,,ffdaa3be0843bdb2fcc975056ce197aedd95600222c5a1391908058688515b37,100000,351257524,69656,30344,0.30344,0.3842403785776273,38335.24030840799,120162.0,0.9990368413816632,0.6384577399864302,24993,0,23886
ffde5b6910c9f7d0,comments0720-fixed-arm-confirmation,poisson-n06-p045,pretrain_arm,10111,,17,6,6,poisson,,0.0,,,ffde5b6910c9f7d07fcbc40c181f384f9164485f168d7f10b3ee544902c00d82,100000,200189378,99909,91,0.00091,0.9670712548994482,22042.122786470063,22022.0,0.9989678410071264,0.9737708653021915,37483,0,37471
fff98de340c534af,comments0720-fixed-arm-confirmation,poisson-n04-p025,pretrain_arm,10177,,15,4,4,poisson,,0.0,,,fff98de340c534afc889624e3b76ab49b954b2a352534629261b0db2f2919eb7,100000,384564992,76727,23273,0.23273,0.3865764333535591,38093.622283919234,118218.0,0.9991078527317704,0.6582335953617765,24991,0,24097
