run_id,matrix,scenario_id,policy,seed,ablation,arm_id,wifi_nodes,nru_nodes,traffic,interference_interval_ms,interruption_std,join_interval_rounds,lifetime_rounds,config_hash,rounds,elapsed_us,successes,collisions,collision_probability,effective_airtime,mean_delay_us,p95_delay_us,jain_fairness,evaluation_utility,decision_count,switch_count,training_sample_count
008ffb64b019800c,comments0720-fixed-arm-discovery,periodic-n06-p030-i030-d5000,pretrain_arm,9103,,9,6,6,poisson,30,0.0,,,008ffb64b019800c41e3568b265dc0e9f1b1f07aade505d4eee6d98ca7ea4941,20000,48061707,17220,2780,0.139,0.6939640325300972,31465.20821710832,71062.0,0.9988969883024871,0.8154956736108614,7477,0,7343
00980147736f7bd0,comments0720-fixed-arm-discovery,poisson-n03-p045,pretrain_arm,9113,,18,3,3,poisson,,0.0,,,00980147736f7bd0729efe1a1517d1aa5e0e9a4ea8896ce30e9f92f69d3e0010,20000,51775063,14044,5956,0.2978,0.5255774966415782,20111.259723607352,64120.0,0.9989594926797958,0.7243156631071246,3745,0,3689
00fad6ad4aa50c58,comments0720-fixed-arm-discovery,poisson-n06-p045,pretrain_arm,9127,,5,6,6,poisson,,0.0,,,00fad6ad4aa50c58435000422c4ccd90b741bb208d6e711984bd265ac612ab65,20000,40050833,19909,91,0.00455,0.9632204154155795,22124.096044629845,22022.0,0.9989890932641217,0.971584336226567,7476,0,7463
01117786aca621a1,comments0720-fixed-arm-discovery,periodic-n04-p030-i100-d2000,pretrain_arm,9103,,1,4,4,poisson,100,0.0,,,01117786aca621a1c4bd4d6b0a4ebe1648639837c1e52004e540a4357fb7cfb7,20000,61459086,14751,5249,0.26245,0.46505833165172683,31296.171606864275,96227.0,0.9984019282029009,0.6913895866182092,4991,0,4804
013558a6968d0ec3,comments0720-fixed-arm-discovery,poisson-n03-p015,pretrain_arm,9103,,12,3,3,poisson,,0.0,,,013558a6968d0ec3ab60a23d0dbc06002efb37f591f7ef519eed944b514bb3ec,20000,191352136,17261,2739,0.13695,0.17479027775263506,64502.125934511736,200149.0,0.9985376269879875,0.5567724682468742,3744,0,3714
0188b0aa32302623,comments0720-fixed-arm-discovery,saturated-n06,pretrain_arm,9113,,5,6,6,saturated,,0.0,,,0188b0aa32302623727fb091284062e301b8ded215579ad6abb09641316ad943,20000,40036656,19978,22,0.0011,0.9668901668510976,22038.341530602025,22022.0,0.9989457007680984,0.9736556225397319,7479,0,7467
01bfceffa885bbcd,comments0720-fixed-arm-discovery,saturated-n03,pretrain_arm,9113,,11,3,3,saturated,,0.0,,,01bfceffa885bbcd0c3766c95b7b0d35aae90166eb2e1eb30d0ce9f8b4fdcad6,20000,40053334,19996,4,0.0002,0.9674024139913047,10017.903051525764,10016.0,0.998969636304257,0.9820633500985205,3744,0,3738
01c68e82470f0469,comments0720-fixed-arm-discovery,poisson-n03-p045,pretrain_arm,9103,,1,3,3,poisson,,0.0,,,01c68e82470f0469b29370920867cde01808fadf925d0eb5ed663732bccdde5c,20000,55591988,14971,5029,0.25145,0.5219114308342419,20272.323220848648,64138.0,0.9988386548205398,0.7346288618849272,3745,0,3698
020b7e6d23f814f9,comments0720-fixed-arm-discovery,turnover-n04-p030-j40-l400,pretrain_arm,9103,,22,4,4,poisson,,0.0,40,400,020b7e6d23f814f905cc5c73b175a59323d32cea92692bd38fee7b51fa374dbc,20000,194109520,16087,3913,0.19565,0.16065676222371783,93198.28266683251,110066.0,0.9163843531845297,0.5700572051360825,2932,0,2857
023bace9b815308e,comments0720-fixed-arm-discovery,poisson-n04-p025,pretrain_arm,9127,,8,4,4,poisson,,0.0,,,023bace9b815308e0286c6c36e02b3aa2b3c84f968f9992d960364fd433803e4,20000,70262651,13898,6102,0.3051,0.38333432651153454,38400.100791936646,118198.0,0.998878051723886,0.6389971260784736,4990,0,4770
025370e4e1b674fd,comments0720-fixed-arm-discovery,poisson-n03-p015,pretrain_arm,9103,,19,3,3,poisson,,0.0,,,025370e4e1b674fdca99a139f19064fcb392ca36e19a28e681e20dbc5933b4b8,20000,180110206,16260,3740,0.187,0.1749777522324304,64439.17890980682,200154.0,0.9985090961219601,0.5443096161181302,3744,0,3699
02933d911baacc7a,comments0720-fixed-arm-discovery,poisson-n03-p045,pretrain_arm,9103,,20,3,3,poisson,,0.0,,,02933d911baacc7a0b284e8e29d712c83f5bc86674274a3c26a2a27399aabf22,20000,52489482,14124,5876,0.2938,0.5216900597342531,20280.353661991783,64158.0,0.9987128103193055,0.723912290017853,3745,0,3701
02cb347e42b9790e,comments0720-fixed-arm-discovery,turnover-n04-p030-j40-l400,pretrain_arm,9127,,7,4,4,poisson,,0.0,40,400,02cb347e42b9790ef931f695d175dfa5feff0372f48ed22ca61789738f2910bf,20000,191690784,15803,4197,0.20985,0.15980782884168288,93840.4106362773,110011.0,0.9041235433947573,0.5621739574121468,2931,0,2859
02e105a7cdbc1fbc,comments0720-fixed-arm-discovery,turnover-n06-p030-j40-l400,pretrain_arm,9113,,4,6,6,poisson,,0.0,40,400,02e105a7cdbc1fbcd53eab64b6138ebc01049e2df6accf44eb802973d34e6494,20000,164364775,16604,3396,0.1698,0.19581869047063155,114573.31237945998,108226.0,0.8571350576685134,0.569717249379715,3575,0,3436
0345d5555b74f5fb,comments0720-fixed-arm-discovery,saturated-n06,pretrain_arm,9103,,0,6,6,saturated,,0.0,,,0345d5555b74f5fb20328e5f28ead424bc3c396ff72b543d61c3cbcbc91d2e86,20000,40036650,19989,11,0.00055,0.9674508731374878,22026.104169795264,22022.0,0.9989652444108643,0.973986539182784,7477,0,7465
037848890a5d663b,comments0720-fixed-arm-discovery,poisson-n04-p025,pretrain_arm,9103,,13,4,4,poisson,,0.0,,,037848890a5d663baf7b9d002a44c6663063aa13e62abbc7ebe9c98fd43d59d6,20000,76415392,15182,4818,0.2409,0.3849097705341877,38239.73797284829,116251.0,0.9989615779730292,0.6568981161690722,4992,0,4807
0481db2bf9d9ad7d,comments0720-fixed-arm-discovery,poisson-n03-p015,pretrain_arm,9103,,18,3,3,poisson,,0.0,,,0481db2bf9d9ad7d4f18b8dec659c4dc6d028322e052082fea6b9ba282656c4d,20000,180110206,16260,3740,0.187,0.1749777522324304,64439.17890980682,200154.0,0.9985090961219601,0.5443096161181302,3744,0,3699
04df1127d08666de,comments0720-fixed-arm-discovery,poisson-n04-p025,pretrain_arm,9113,,23,4,4,poisson,,0.0,,,04df1127d08666de522acd5d537026cc8b3b0353d5ec43273b03f723cdb99a7f,20000,69658566,14084,5916,0.2958,0.3917585096425901,37546.717675475986,116154.0,0.9985768382158194,0.6453924492861366,4987,0,4758
04f3a0f7bff044b1,comments0720-fixed-arm-discovery,periodic-n04-p030-i100-d2000,pretrain_arm,9103,,22,4,4,poisson,100,0.0,,,04f3a0f7bff044b1ab9963e165355d325eb87c307b7313002e86978ef496b314,20000,57630369,13876,6124,0.3062,0.4666009686663641,31197.265791750793,96249.0,0.9988792131987533,0.6811107272883725,4991,0,4759
04fbbe075240765a,comments0720-fixed-arm-discovery,poisson-n04-p025,pretrain_arm,9113,,8,4,4,poisson,,0.0,,,04fbbe075240765ac32d7a6e3efc5055143cf5088c8c075bf066cd83478a17bd,20000,68823444,13905,6095,0.30475,0.3914470481889863,37578.93818809815,114289.0,0.9985590990782631,0.6442885490890832,4987,0,4756
05b0b7af9560460b,comments0720-fixed-arm-discovery,periodic-n04-p030-i100-d2000,pretrain_arm,9113,,3,4,4,poisson,100,0.0,,,05b0b7af9560460bb969752bfedc9c877a7d835aa6dd386b9d954c5fa241407f,20000,62400011,14956,5044,0.2522,0.4641500303581677,31358.09974578539,98216.0,0.9991580088601131,0.6925753464060938,4993,0,4801
0625967183767e50,comments0720-fixed-arm-discovery,periodic-n06-p030-i030-d5000,pretrain_arm,9103,,20,6,6,poisson,30,0.0,,,0625967183767e50db77891c585b8d25e1682e7c3d10ad2b59a42aa0af59faf7,20000,48061609,17180,2820,0.141,0.6924768998058305,31547.015260950604,72063.0,0.9988541313789947,0.8138183437282751,7477,0,7339
0639fde8efc8e6a6,comments0720-fixed-arm-discovery,turnover-n06-p030-j40-l400,pretrain_arm,9127,,6,6,6,poisson,,0.0,40,400,0639fde8efc8e6a685b179172c1f2b298494110a612c7f209e05a934ddd02f9e,20000,162571726,15265,4735,0.23675,0.18201589986194772,123592.71264669245,114033.0,0.8522536798632082,0.5428803599083853,3573,0,3397
063a8f7a25e4a347,comments0720-fixed-arm-discovery,poisson-n03-p045,pretrain_arm,9113,,23,3,3,poisson,,0.0,,,063a8f7a25e4a34778b666aa6b8263141ea14da9e187d667b4034e87ea4f0e1d,20000,52560948,14229,5771,0.28855,0.5245109544066823,20150.53258806159,64154.0,0.9988703486588508,0.7262202676885111,3745,0,3675
06bb8a5084681978,comments0720-fixed-arm-discovery,turnover-n04-p030-j40-l400,pretrain_arm,9103,,9,4,4,poisson,,0.0,40,400,06bb8a5084681978c1467aecd60f42bc6c5e414b3c4d0c290b0b48ba19143f7f,20000,193038728,15891,4109,0.20545,0.159527196014263,93823.76937606245,110044.0,0.912515211417596,0.5659556358106197,2932,0,2863
06dc2d91fe5092ca,comments0720-fixed-arm-discovery,periodic-n04-p030-i100-d2000,pretrain_arm,9127,,15,4,4,poisson,100,0.0,,,06dc2d91fe5092cabb06c0d6e4dd4b76064cb61466340d4b824e252070d80a0e,20000,62019511,14978,5022,0.2511,0.46803434164451896,31121.548563794255,96190.0,0.9979972985750942,0.6951088800732045,4990,0,4820
06e8705bb9ea9647,comments0720-fixed-arm-discovery,poisson-n03-p015,pretrain_arm,9113,,14,3,3,poisson,,0.0,,,06e8705bb9ea9647ee45a72f7264ff755803c89076279379bf537a988c2ca751,20000,193341984,17471,2529,0.12645,0.17506163069062122,64385.764958488406,198146.0,0.9989442115018139,0.5609587807308117,3743,0,3703
070052eebe424901,comments0720-fixed-arm-discovery,poisson-n03-p045,pretrain_arm,9103,,5,3,3,poisson,,0.0,,,070052eebe42490166fb52c7a0821b37286e4f78ef0a766494c301b6073842bf,20000,56952512,15359,4641,0.23205,0.5225562307067334,20240.634664235004,64156.0,0.9989309898091808,0.7397125735053047,3745,0,3706
0726115337c601b0,comments0720-fixed-arm-discovery,poisson-n06-p045,pretrain_arm,9113,,1,6,6,poisson,,0.0,,,0726115337c601b04484a0ff915316bcd1e43b46463a1264ffd61ec7c5de0cde,20000,40044918,19792,208,0.0104,0.957766326303877,22269.57477249747,22022.0,0.9989336521790193,0.9682853261609654,7478,0,7460
07bd5f0d13321439,comments0720-fixed-arm-discovery,poisson-n05-p035,pretrain_arm,9103,,4,5,5,poisson,,0.0,,,07bd5f0d1332143958e8f207d034e6ca71340dd01362f62d2ac17342147ba8aa,20000,43916609,15158,4842,0.2421,0.6691328786336851,26954.50666754687,80208.0,0.9980977899523091,0.7750798895286646,6234,0,5896
0864ef070f0a54cd,comments0720-fixed-arm-discovery,turnover-n04-p030-j40-l400,pretrain_arm,9113,,2,4,4,poisson,,0.0,40,400,0864ef070f0a54cd8f2f689375b811869c9b30cba14ccbc5a420bee2d4c6e2a2,20000,202284416,16986,3014,0.1507,0.16274897320809922,92065.29308516905,108157.0,0.9177960824659807,0.5837353518913599,2930,0,2874
0926eec0427fd717,comments0720-fixed-arm-discovery,saturated-n06,pretrain_arm,9103,,2,6,6,saturated,,0.0,,,0926eec0427fd71765458ba3cb3edab1ca7d12253e797100a16bef284a56eb28,20000,40036650,19989,11,0.00055,0.9674508731374878,22026.104169795264,22022.0,0.9989652444108643,0.973986539182784,7477,0,7465
0932f3c36eed3a0b,comments0720-fixed-arm-discovery,saturated-n03,pretrain_arm,9103,,23,3,3,saturated,,0.0,,,0932f3c36eed3a0babe2b20c238ff91013b7de2dd7060e77f3e14fca460965e1,20000,40053330,19995,5,0.00025,0.9673491317700675,10017.201760968534,10016.0,0.9989793094683057,0.9820363137461244,3745,0,3739
09c93f73128b2250,comments0720-fixed-arm-discovery,periodic-n04-p030-i100-d2000,pretrain_arm,9127,,14,4,4,poisson,100,0.0,,,09c93f73128b2250f671aae6f13c7166b93d3f5fb33afa689438d2875ab5be4b,20000,62019511,14978,5022,0.2511,0.46803434164451896,31121.548563794255,96190.0,0.9979972985750942,0.6951088800732045,4990,0,4820
0a01cba761b14a1a,comments0720-fixed-arm-discovery,turnover-n04-p030-j40-l400,pretrain_arm,9127,,22,4,4,poisson,,0.0,40,400,0a01cba761b14a1a5b342f5c228c7ff83ae7bbb8bb4f8c1ceed7ec3ef34a7845,20000,192130159,15997,4003,0.20015,0.16138869171497433,92916.65238601538,110011.0,0.908729370824361,0.5666611875131118,2932,0,2864
0a259e13cc697a12,comments0720-fixed-arm-discovery,periodic-n06-p030-i030-d5000,pretrain_arm,9127,,17,6,6,poisson,30,0.0,,,0a259e13cc697a122422974f8e6ba3ec520d54f94cf07175e7261857f6d4b044,20000,48052347,17149,2851,0.14255,0.6914729472006851,31601.691486257805,60053.0,0.9979931336383061,0.8208158602796637,7481,0,7373
0a313935b2d0782a,comments0720-fixed-arm-discovery,poisson-n06-p045,pretrain_arm,9113,,4,6,6,poisson,,0.0,,,0a313935b2d0782a279683a29e3d4404584235e22ead1b1f172a065689ab1968,20000,40044957,19799,201,0.01005,0.9579744585566667,22261.01308940213,22022.0,0.9989640294588473,0.9684523293385046,7480,0,7463
0a36eae0ae26518c,comments0720-fixed-arm-discovery,poisson-n03-p045,pretrain_arm,9103,,23,3,3,poisson,,0.0,,,0a36eae0ae26518c2b52c76fc23251354d436be800230ba69c206548664821b9,20000,52872077,14233,5767,0.28835,0.5215827817772318,20281.715400295212,64180.0,0.9986030614998717,0.7251877810923679,3745,0,3693
0a5d0d1fa61eb236,comments0720-fixed-arm-discovery,poisson-n05-p035,pretrain_arm,9127,,6,5,5,poisson,,0.0,,,0a5d0d1fa61eb236e1ba3126b7a0a3c835fe60e1652f0116eb762377d446023c,20000,41557224,14607,5393,0.26965,0.6809496707479787,26446.78570939234,82091.0,0.9985831189025087,0.7710377632168292,6239,0,5900
0a5fd0b65d7be7e2,comments0720-fixed-arm-discovery,periodic-n06-p030-i030-d5000,pretrain_arm,9127,,5,6,6,poisson,30,0.0,,,0a5fd0b65d7be7e293a827d3516d2b9d3558655bab8b75d8f9cd234796e51ace,20000,48052474,17151,2849,0.14245,0.6915915088992088,31603.87496353346,60051.0,0.9981372869933183,0.8209297652975089,7481,0,7366
0b2a77a76f5791d7,comments0720-fixed-arm-discovery,saturated-n06,pretrain_arm,9127,,6,6,6,saturated,,0.0,,,0b2a77a76f5791d7dccf900aaae3acdee372153849c7b93dfd36da20efa45bed,20000,40036661,19982,18,0.0009,0.9670565185243595,22037.136654982474,22022.0,0.9989312789700068,0.9737562658314554,7477,0,7465
0bc7a7a458fcc0b4,comments0720-fixed-arm-discovery,poisson-n03-p045,pretrain_arm,9113,,7,3,3,poisson,,0.0,,,0bc7a7a458fcc0b46196da2629e1d3d4fe492948d93cf75b3a7c3d321715aac2,20000,51020741,13824,6176,0.3088,0.5250331820935333,20134.314227818788,64181.0,0.9988635187133493,0.7213115669356276,3745,0,3680
0bf07ca203c04745,comments0720-fixed-arm-discovery,periodic-n06-p030-i030-d5000,pretrain_arm,9103,,17,6,6,poisson,30,0.0,,,0bf07ca203c0474562e7e89e5c1d764efe1b040a1dc9908b756deae6db3eb75c,20000,48060420,17204,2796,0.1398,0.6933588387284173,31500.983015355978,60050.0,0.9990659793633431,0.8224916060305868,7479,0,7371
0bf9cb63c3a4ad3a,comments0720-fixed-arm-discovery,saturated-n03,pretrain_arm,9103,,9,3,3,saturated,,0.0,,,0bf9cb63c3a4ad3a4f2a9ec4a7afc893db07fdb29bfa0b435f47b3441949d387,20000,40053330,19995,5,0.00025,0.9673491317700675,10017.201760968534,10016.0,0.9989793094683057,0.9820363137461244,3745,0,3739
0cccc8aebc9455d0,comments0720-fixed-arm-discovery,poisson-n06-p015,pretrain_arm,9127,,13,6,6,poisson,,0.0,,,0cccc8aebc9455d0d74be105e0375c619c37eced6d85c841c0b91554c18cd7aa,20000,85457474,15285,4715,0.23575,0.34647810910020577,65012.15366987494,196385.0,0.9989776429896324,0.5919577506966127,7481,0,6650
0cd366bbe5c8c27b,comments0720-fixed-arm-discovery,poisson-n06-p015,pretrain_arm,9127,,5,6,6,poisson,,0.0,,,0cd366bbe5c8c27bcf97f4c1f5b6aa061b89d61e94f9726cd97fdf3e5415e5d0,20000,87103622,15593,4407,0.22035,0.3467573828330583,64973.047686284575,196295.0,0.998885459617156,0.5959301141500716,7481,0,6652
0d11547d96a9a65b,comments0720-fixed-arm-discovery,periodic-n06-p030-i030-d5000,pretrain_arm,9113,,11,6,6,poisson,30,0.0,,,0d11547d96a9a65beb1e5333c509d2020d0b02ceb6c4fc74498f280b284dbdd7,20000,48053670,17367,2633,0.13165,0.7005156942227305,31190.152520887354,71060.0,0.9979944911721979,0.8192175617983094,7475,0,7321
0d369d409d87c194,comments0720-fixed-arm-discovery,turnover-n06-p030-j40-l400,pretrain_arm,9127,,10,6,6,poisson,,0.0,40,400,0d369d409d87c1942f600fbbb5c7a1cb4f6413309ac6d0555125e4f2e6798a01,20000,168193384,15660,4340,0.217,0.18052418161703673,124738.07828476482,112291.0,0.8465737897138229,0.5465886571102865,3578,0,3423
0f46f2af6afa2948,comments0720-fixed-arm-discovery,poisson-n06-p045,pretrain_arm,9103,,11,6,6,poisson,,0.0,,,0f46f2af6afa29485de158548c90ce7a00a58fb6bdaa5bcd5eaf300699d6d889,20000,40046895,19904,96,0.0048,0.9629863688558127,22135.431379449026,22022.0,0.99897705667102,0.9714398085089443,7482,0,7470
0f56d3b932bd4d51,comments0720-fixed-arm-discovery,periodic-n06-p030-i030-d5000,pretrain_arm,9113,,20,6,6,poisson,30,0.0,,,0f56d3b932bd4d51fa7ef0ce46dfe68714518f0d5f5b47a61a527345a4bcfb8c,20000,48053565,17364,2636,0.1318,0.7002211386397659,31196.97060857538,71061.0,0.9980879144131405,0.8191123510176355,7472,0,7347
0fa50ad48d1ae1dc,comments0720-fixed-arm-discovery,turnover-n06-p030-j40-l400,pretrain_arm,9103,,23,6,6,poisson,,0.0,40,400,0fa50ad48d1ae1dc1e84b576e07d8e03cef2e0178af0d85b5321628ea7bd6357,20000,161903102,15576,4424,0.2212,0.18644458708394604,120227.14096633256,110011.0,0.8467511047079039,0.5490912305972833,3573,0,3424
1046ca13a65d16c9,comments0720-fixed-arm-discovery,poisson-n03-p045,pretrain_arm,9113,,12,3,3,poisson,,0.0,,,1046ca13a65d16c9a6c8a308e6fc4d4966b20bc0b941cd754a4573c2443b12b9,20000,55262478,15002,4998,0.2499,0.5261217204194137,20085.23606295012,62177.0,0.9987959308282359,0.7377128837492166,3745,0,3685
108095899dd9356e,comments0720-fixed-arm-discovery,poisson-n06-p045,pretrain_arm,9127,,21,6,6,poisson,,0.0,,,108095899dd9356ea0e88aa43f6444d164f3c19463d9834c5b5575803ab3b44b,20000,40050837,19913,87,0.00435,0.9633495549668537,22119.24928395558,22022.0,0.9989825235609924,0.9716751928426153,7477,0,7465
1136ddd42159761e,comments0720-fixed-arm-discovery,poisson-n03-p045,pretrain_arm,9127,,16,3,3,poisson,,0.0,,,1136ddd42159761e7a9751f0e5b4365cc79dec8ea088acfac1296ac621b61020,20000,57215803,15265,4735,0.23675,0.5171306430847435,20477.891539419357,64164.0,0.9980476030933854,0.736429248726043,3746,0,3708
11baa73f32d8cf25,comments0720-fixed-arm-discovery,periodic-n04-p030-i100-d2000,pretrain_arm,9113,,12,4,4,poisson,100,0.0,,,11baa73f32d8cf253b147ce37263faf0f39c4f204bcfcca60cfbd74865077a5b,20000,61823468,14787,5213,0.26065,0.46326124894837667,31426.499086541713,98195.0,0.999107112862534,0.6901636206036369,4993,0,4788
11d8d0c724ccd830,comments0720-fixed-arm-discovery,poisson-n06-p015,pretrain_arm,9113,,10,6,6,poisson,,0.0,,,11d8d0c724ccd8307cbd1ea745ec1af614f608c3b96b44019ba713a80aecd271,20000,78516615,14057,5943,0.29715,0.3469317672444234,64930.53748665006,198395.0,0.9980374488770447,0.5751055720404894,7477,0,6495
11e5105f7e8ad36b,comments0720-fixed-arm-discovery,saturated-n06,pretrain_arm,9113,,20,6,6,saturated,,0.0,,,11e5105f7e8ad36b9fdde102e6f638c2adb34a46322e31f0f25596818f84f1ce,20000,40036657,19982,18,0.0009,0.9670903092633334,22033.52643965949,22022.0,0.9989468965753899,0.9737727352795744,7479,0,7467
11f7a98963877a94,comments0720-fixed-arm-discovery,poisson-n04-p025,pretrain_arm,9127,,6,4,4,poisson,,0.0,,,11f7a98963877a949668a8758a0c0825dc76cce6d8e74922977e3597d64b9918,20000,69404783,13738,6262,0.3131,0.38347504090604245,38394.26416605972,118263.0,0.9988822951484565,0.6370021120181663,4990,0,4752
12cf36554c30e129,comments0720-fixed-arm-discovery,poisson-n06-p045,pretrain_arm,9113,,9,6,6,poisson,,0.0,,,12cf36554c30e1293e068d80f288f4a7b599aadf6aa9c20e5d562536e2bf02f5,20000,40044978,19800,200,0.01,0.9580381090482807,22259.7991206792,22022.0,0.9990054144915842,0.968499841179955,7478,0,7462
134e9f756f303540,comments0720-fixed-arm-discovery,poisson-n05-p035,pretrain_arm,9103,,3,5,5,poisson,,0.0,,,134e9f756f303540a722f2de93fc6365de11dee1408afea6537e47945c9efdcf,20000,43587708,15036,4964,0.2482,0.6685124393326669,26963.774590709436,80204.0,0.9979048342225036,0.7732864245183901,6234,0,5870
1362f4adca6cd6ed,comments0720-fixed-arm-discovery,turnover-n06-p030-j40-l400,pretrain_arm,9127,,9,6,6,poisson,,0.0,40,400,1362f4adca6cd6ed477409598fd842c8a6330e59a670dca7c57e735439cfea52,20000,166314000,15429,4571,0.22855,0.17981355748764385,125176.85457611727,112231.0,0.8481472344396509,0.5440287639757649,3574,0,3405
13a4089673367ada,comments0720-fixed-arm-discovery,poisson-n06-p045,pretrain_arm,9113,,10,6,6,poisson,,0.0,,,13a4089673367adadd8c293de063cce21cf51b0142b7c92ee0adee8607e520c7,20000,40045029,19798,202,0.0101,0.9580799154871382,22262.28136055797,22022.0,0.9989539899972181,0.9684716351614522,7480,0,7462
144a4adf27363071,comments0720-fixed-arm-discovery,poisson-n06-p045,pretrain_arm,9113,,7,6,6,poisson,,0.0,,,144a4adf273630719fda72a5a4585c1604395ef758e9428d6faa7b623b468cee,20000,40044984,19818,182,0.0091,0.9589705417287718,22237.755326668685,22022.0,0.9989792701736807,0.9690269373008175,7478,0,7460
1459f1c773f4a28e,comments0720-fixed-arm-discovery,turnover-n04-p030-j40-l400,pretrain_arm,9103,,13,4,4,poisson,,0.0,40,400,1459f1c773f4a28e8d53861c7b307a9998b46f35c6c4a2476c8889984c6282b4,20000,200261095,16787,3213,0.16065,0.16244756376669167,92133.26253054413,108225.0,0.919381773316648,0.5816306123611132,2933,0,2872
147b1875c9bb8606,comments0720-fixed-arm-discovery,periodic-n04-p030-i100-d2000,pretrain_arm,9103,,17,4,4,poisson,100,0.0,,,147b1875c9bb8606add5e1d739ffbbdfa87e81e6c523cc53269f4858cadd9c89,20000,62895273,15118,4882,0.2441,0.4657361134277929,31252.86671078756,96257.0,0.9984347041793875,0.6961939392023935,4991,0,4807
14b8653984e5dc21,comments0720-fixed-arm-discovery,turnover-n04-p030-j40-l400,pretrain_arm,9103,,12,4,4,poisson,,0.0,40,400,14b8653984e5dc2172005d1540b7e86df715e07d5e9a4eb3312985d9178b483d,20000,200261095,16787,3213,0.16065,0.16244756376669167,92133.26253054413,108225.0,0.919381773316648,0.5816306123611132,2933,0,2872
1518151be27fc968,comments0720-fixed-arm-discovery,periodic-n06-p030-i030-d5000,pretrain_arm,9127,,22,6,6,poisson,30,0.0,,,1518151be27fc968cd01a3e2528ba5475d26f62c4a93457db2cf9e43f33c2b86,20000,48053811,17135,2865,0.14325,0.6911765229192748,31635.857852011915,73059.0,0.9976891057207988,0.8117700428800245,7480,0,7333
157973a0c56e6004,comments0720-fixed-arm-discovery,periodic-n04-p030-i100-d2000,pretrain_arm,9113,,23,4,4,poisson,100,0.0,,,157973a0c56e6004ae5236ddaf1e17f0a88cceb9e603efd6e7654eb02a2c7402,20000,58089995,13877,6123,0.30615,0.46262267710644495,31472.96856298219,98257.0,0.9992134801980842,0.6785698857681763,4993,0,4763
15b1403d396e75f0,comments0720-fixed-arm-discovery,poisson-n06-p045,pretrain_arm,9127,,12,6,6,poisson,,0.0,,,15b1403d396e75f0eb386f9b3bdbab406c390360da4e848ae2d042991146d3c6,20000,40050823,19894,106,0.0053,0.9624761019267943,22142.291771451564,22022.0,0.9990116750802094,0.9711562590023345,7477,0,7464
1661aa620f10068b,comments0720-fixed-arm-discovery,poisson-n05-p035,pretrain_arm,9103,,22,5,5,poisson,,0.0,,,1661aa620f10068b6fe71c6e945e9253313ef0b7f99fd6d7eb342e9e6d3fa847,20000,42161676,14577,5423,0.27115,0.6699156836175109,26897.456030754445,82124.0,0.998068691211993,0.7667912916098346,6232,0,5863
16b3e71cedfeb53f,comments0720-fixed-arm-discovery,poisson-n06-p045,pretrain_arm,9103,,16,6,6,poisson,,0.0,,,16b3e71cedfeb53f3b83890f37540477668ab382de78f8a9e87ecfb44c7c4279,20000,40046894,19896,104,0.0052,0.9626723111160631,22145.141319653994,22022.0,0.9989404694160937,0.9712229268440523,7482,0,7470
16ed0e9454c70bb4,comments0720-fixed-arm-discovery,saturated-n03,pretrain_arm,9127,,5,3,3,saturated,,0.0,,,16ed0e9454c70bb41c14f2594f38805e7c6749a663fe3c47958b4d819e341ea5,20000,40053326,20000,0,0.0,0.9675915303513122,10015.998499549865,10016.0,0.9989760822616338,0.9821785375376487,3744,0,3738
16fd249c26f96a74,comments0720-fixed-arm-discovery,poisson-n06-p015,pretrain_arm,9113,,23,6,6,poisson,,0.0,,,16fd249c26f96a7412d5c9033a84bef5daf15116cc026d5ab4069bca9b68eac4,20000,79006927,14147,5853,0.29265,0.3470292801035028,64949.81068270251,198368.0,0.9982184096944033,0.5763413965993021,7477,0,6514
1706eddc5068206d,comments0720-fixed-arm-discovery,poisson-n05-p035,pretrain_arm,9113,,4,5,5,poisson,,0.0,,,1706eddc5068206d8c0910d0b03c5decb883e65aafba7638022892842ce404b4,20000,43551629,15231,4769,0.23845,0.6780936942680147,26581.140923723804,80160.0,0.9971824956331066,0.7787062299670404,6235,0,5879
170728dbe1ec56ab,comments0720-fixed-arm-discovery,poisson-n03-p015,pretrain_arm,9103,,1,3,3,poisson,,0.0,,,170728dbe1ec56ab8caaab96580a12db0542fc0afe8568dbd6fceb089143d17b,20000,191220014,17245,2755,0.13775,0.17481404430814443,64519.49068971518,200156.0,0.9985549049686017,0.5565814830922486,3744,0,3715
172729f7121ae51c,comments0720-fixed-arm-discovery,periodic-n04-p030-i100-d2000,pretrain_arm,9103,,18,4,4,poisson,100,0.0,,,172729f7121ae51cf3567c1009b44fa236f239f3a8ba027aba9e9a75bd01a79b,20000,56891987,13724,6276,0.3138,0.467389124587967,31122.250583260426,96241.0,0.9987297392821637,0.6794289546233769,4990,0,4774
1796b3f887442a88,comments0720-fixed-arm-discovery,turnover-n04-p030-j40-l400,pretrain_arm,9113,,16,4,4,poisson,,0.0,40,400,1796b3f887442a8809a6b9e26525936272d1f36e003e1089cea5f313f681a406,20000,202712893,16992,3008,0.1504,0.16251967752243562,92222.69259302874,108077.0,0.9162435393505507,0.5832697389576621,2928,0,2856
17dad233f218370f,comments0720-fixed-arm-discovery,saturated-n06,pretrain_arm,9103,,18,6,6,saturated,,0.0,,,17dad233f218370f690ec0c2b544803544e280dd93d9323cb945e705e72c2a57,20000,40036650,19989,11,0.00055,0.9674508731374878,22026.104169795264,22022.0,0.9989652444108643,0.973986539182784,7477,0,7465
17f70927be0a6014,comments0720-fixed-arm-discovery,saturated-n03,pretrain_arm,9127,,19,3,3,saturated,,0.0,,,17f70927be0a6014f1bd7e2a5dc86473953fdd0dc568b0c6d852b0c5acab5263,20000,40053326,20000,0,0.0,0.9675915303513122,10015.998499549865,10016.0,0.9989760822616338,0.9821785375376487,3744,0,3738
1819899ebb413b73,comments0720-fixed-arm-discovery,turnover-n04-p030-j40-l400,pretrain_arm,9113,,17,4,4,poisson,,0.0,40,400,1819899ebb413b73a3a5a82f2eeef9c5d87e5a7b454510fbf004180f323bd451,20000,202712893,16992,3008,0.1504,0.16251967752243562,92222.69259302874,108077.0,0.9162435393505507,0.5832697389576621,2928,0,2856
189a247f83830bb8,comments0720-fixed-arm-discovery,periodic-n04-p030-i100-d2000,pretrain_arm,9127,,12,4,4,poisson,100,0.0,,,189a247f83830bb8e24a6317fbc97905e79319fd46700e0f73003475f4e2e245,20000,61487538,14865,5135,0.25675,0.4684220402514734,31082.69542976375,96221.0,0.99797061109904,0.6937960504501711,4990,0,4802
18ccb5c6abfec3f5,comments0720-fixed-arm-discovery,poisson-n05-p035,pretrain_arm,9103,,5,5,5,poisson,,0.0,,,18ccb5c6abfec3f5f56bf8cf4fa2232d05bbb5832720d7d4357afe21e7238fae,20000,43916609,15158,4842,0.2421,0.6691328786336851,26954.50666754687,80208.0,0.9980977899523091,0.7750798895286646,6234,0,5896
19080d2442fbf472,comments0720-fixed-arm-discovery,poisson-n06-p045,pretrain_arm,9127,,13,6,6,poisson,,0.0,,,19080d2442fbf472fd955b7ef8e2f1c36b9a8be368b97460309902b31cc42ba0,20000,40050823,19894,106,0.0053,0.9624761019267943,22142.291771451564,22022.0,0.9990116750802094,0.9711562590023345,7477,0,7464
19749d0c78c94e47,comments0720-fixed-arm-discovery,turnover-n06-p030-j40-l400,pretrain_arm,9103,,0,6,6,poisson,,0.0,40,400,19749d0c78c94e4782e054149b1da0f0bb08d5c689f2fce4b6f0bd9dc6b9bbe4,20000,166883986,16307,3693,0.18465,0.1893728137581757,118397.57839828168,110088.0,0.8505179353587594,0.5604090830389784,3575,0,3426
19ee1d7c6f79e01c,comments0720-fixed-arm-discovery,saturated-n03,pretrain_arm,9127,,20,3,3,saturated,,0.0,,,19ee1d7c6f79e01ccb8ca20030aa187b01b9360bac686d5d93d2ef9e7afbca8d,20000,40053326,20000,0,0.0,0.9675915303513122,10015.998499549865,10016.0,0.9989760822616338,0.9821785375376487,3744,0,3738
1a1ad1b406066a7f,comments0720-fixed-arm-discovery,turnover-n06-p030-j40-l400,pretrain_arm,9103,,19,6,6,poisson,,0.0,40,400,1a1ad1b406066a7f669cac14c1ee8c8a04cab480634a9af0c1d85708623186cf,20000,160670560,15533,4467,0.22335,0.18740138205779577,119696.15901037304,110257.0,0.8469482049080304,0.5487743623219421,3573,0,3413
1a63638e26cadfe5,comments0720-fixed-arm-discovery,poisson-n06-p015,pretrain_arm,9113,,15,6,6,poisson,,0.0,,,1a63638e26cadfe596998ca1d8ecff2b49dd4465209e6ece7e66138b9272ff9b,20000,85493532,15349,4651,0.23255,0.3478920136320956,64769.70887396492,196399.0,0.9982185594045473,0.5929666910122143,7477,0,6635
1ad7cd7b2b65ccb1,comments0720-fixed-arm-discovery,saturated-n03,pretrain_arm,9127,,2,3,3,saturated,,0.0,,,1ad7cd7b2b65ccb18e059fcc0706b9ae5e00ef00db0b1bc6b593714e42250be3,20000,40053326,20000,0,0.0,0.9675915303513122,10015.998499549865,10016.0,0.9989760822616338,0.9821785375376487,3744,0,3738
1b410a3ddc3a1a32,comments0720-fixed-arm-discovery,poisson-n06-p045,pretrain_arm,9127,,19,6,6,poisson,,0.0,,,1b410a3ddc3a1a32498cae023af4c862d2a0ffc241cf22d9f67424bfa911da9d,20000,40050838,19913,87,0.00435,0.9633806913103791,22119.25094216371,22022.0,0.9989732658325499,0.9716824857143097,7477,0,7463
1b56fc18eb9170f4,comments0720-fixed-arm-discovery,periodic-n04-p030-i100-d2000,pretrain_arm,9103,,19,4,4,poisson,100,0.0,,,1b56fc18eb9170f4124c3b40c8d4d955ced1ff4711e0f9b4f23f5a888b4a492f,20000,56891987,13724,6276,0.3138,0.467389124587967,31122.250583260426,96241.0,0.9987297392821637,0.6794289546233769,4990,0,4774
1b724bb6804c6b18,comments0720-fixed-arm-discovery,poisson-n06-p015,pretrain_arm,9103,,0,6,6,poisson,,0.0,,,1b724bb6804c6b180f7dc1065cabeab4d2582ccfd19e78f8e4606f5ac87a6867,20000,84759745,15235,4765,0.23825,0.34831533530451275,64708.00426985483,198330.0,0.9976740724429448,0.5902139692491526,7475,0,6639
1c10924a50069715,comments0720-fixed-arm-discovery,poisson-n05-p035,pretrain_arm,9113,,0,5,5,poisson,,0.0,,,1c10924a500697156cdcd9021c4aaf6622a6b45517482c64a51f0cb8b6c13b1a,20000,42933227,14999,5001,0.25005,0.6772472285859156,26615.76222563213,78147.0,0.9970625876505167,0.7768261054121441,6235,0,5894
1c198a4bcc622fcf,comments0720-fixed-arm-discovery,poisson-n04-p025,pretrain_arm,9113,,17,4,4,poisson,,0.0,,,1c198a4bcc622fcf70a4404827afdf187c85c9158dc1803bdbf5fe184237174f,20000,76959684,15513,4487,0.22435,0.3906216402863608,37678.60309577556,116187.0,0.9986604396355295,0.6628818599739635,4988,0,4814
1c2b3aea6b6e1d69,comments0720-fixed-arm-discovery,saturated-n03,pretrain_arm,9113,,23,3,3,saturated,,0.0,,,1c2b3aea6b6e1d695718efc3707c8b1d8830a86c72e5ac1185fc2b531dfe492f,20000,40053334,19996,4,0.0002,0.9674024139913047,10017.903051525764,10016.0,0.998969636304257,0.9820633500985205,3744,0,3738
1c310df3e1ed0d6b,comments0720-fixed-arm-discovery,poisson-n06-p045,pretrain_arm,9113,,21,6,6,poisson,,0.0,,,1c310df3e1ed0d6becd71b3b06525e6d311e4ad1925d7f064c1d2518bcdeb7c8,20000,40044991,19820,180,0.009,0.9591476746742184,22235.3125,22022.0,0.9989228537632103,0.9690921761458096,7477,0,7458
1cb1ade835ed6e79,comments0720-fixed-arm-discovery,periodic-n04-p030-i100-d2000,pretrain_arm,9103,,16,4,4,poisson,100,0.0,,,1cb1ade835ed6e79cae4e5f65f960a355314b94517c3a8b048650e0f3b1239c8,20000,62895273,15118,4882,0.2441,0.4657361134277929,31252.86671078756,96257.0,0.9984347041793875,0.6961939392023935,4991,0,4807
1cd52d7d493650cd,comments0720-fixed-arm-discovery,turnover-n04-p030-j40-l400,pretrain_arm,9127,,8,4,4,poisson,,0.0,40,400,1cd52d7d493650cde87a9e9d8a1e6f9d697091713216b52f91af5cecdb45761e,20000,190977331,15885,4115,0.20575,0.1612770470648163,92994.7587075644,110022.0,0.9077276715244982,0.5648827395297714,2932,0,2857
1cfa33d3bf8fb386,comments0720-fixed-arm-discovery,poisson-n03-p045,pretrain_arm,9127,,12,3,3,poisson,,0.0,,,1cfa33d3bf8fb386f650de76ac83b811e820e2377427a16ff9b44cc6ca43e8c5,20000,56122445,15005,4995,0.24975,0.5182063611091783,20432.314220948065,64148.0,0.9979703300959334,0.7335227304017039,3746,0,3705
1d1bb6108f0917ed,comments0720-fixed-arm-discovery,poisson-n03-p015,pretrain_arm,9103,,23,3,3,poisson,,0.0,,,1d1bb6108f0917ed5b9f53c1e84ce999157c30e3449094ef1192c52e64598fdd,20000,182084020,16437,3563,0.17815,0.17497332824703674,64460.07960562352,200132.0,0.9984306224083173,0.5465091502184514,3744,0,3709
1d1cd95553008f01,comments0720-fixed-arm-discovery,poisson-n03-p015,pretrain_arm,9103,,3,3,3,poisson,,0.0,,,1d1cd95553008f014bd5be7f7e05feb0ffab7d91540d0bc121ef0f5e0058b118,20000,192306737,17352,2648,0.1324,0.17485265219803506,64482.41046927246,200154.0,0.9985186462137235,0.5579210994705861,3744,0,3715
1d267c47377bc9f7,comments0720-fixed-arm-discovery,poisson-n03-p045,pretrain_arm,9113,,3,3,3,poisson,,0.0,,,1d267c47377bc9f742afb29c7b6c6f8f9452a16b07e835a8bc247dfd465a82d4,20000,56021303,15185,4815,0.24075,0.5252642374276799,20126.455958890572,64137.0,0.9988374776516517,0.7384217383597772,3745,0,3680
1dc0173d2990144f,comments0720-fixed-arm-discovery,turnover-n04-p030-j40-l400,pretrain_arm,9113,,23,4,4,poisson,,0.0,40,400,1dc0173d2990144fb4d26c6580448bcdcccedfcd8a907406da29716a65b18d6d,20000,195579986,16026,3974,0.1987,0.15886245129396828,94349.3126482707,108274.0,0.9083471420280897,0.5672121977740193,2927,0,2866
1dd946dd9b368fdd,comments0720-fixed-arm-discovery,saturated-n03,pretrain_arm,9113,,12,3,3,saturated,,0.0,,,1dd946dd9b368fdddd1b63277e47c99ff1f092b577b3c548956bd6b1ef5436b4,20000,40053334,19996,4,0.0002,0.9674024139913047,10017.903051525764,10016.0,0.998969636304257,0.9820633500985205,3744,0,3738
1f31e9bc9ee3f002,comments0720-fixed-arm-discovery,saturated-n03,pretrain_arm,9103,,18,3,3,saturated,,0.0,,,1f31e9bc9ee3f00244c04fa27d5380ac9b011022369e238f742de2b6580efffd,20000,40053330,19995,5,0.00025,0.9673491317700675,10017.201760968534,10016.0,0.9989793094683057,0.9820363137461244,3745,0,3739
1f3b00e6a8c279b2,comments0720-fixed-arm-discovery,turnover-n06-p030-j40-l400,pretrain_arm,9113,,13,6,6,poisson,,0.0,40,400,1f3b00e6a8c279b2df2e4edfc992325962b325b19e91a9908c15a26ce160c469,20000,162734296,16330,3670,0.1835,0.19436671787980084,115365.71252604485,108226.0,0.8538862229309955,0.5647253136035988,3574,0,3427
1f8111add0714d95,comments0720-fixed-arm-discovery,poisson-n04-p025,pretrain_arm,9113,,9,4,4,poisson,,0.0,,,1f8111add0714d9542739bf40be3ba6f0f9623b4390468ea8ff702591c4aeacf,20000,68823444,13905,6095,0.30475,0.3914470481889863,37578.93818809815,114289.0,0.9985590990782631,0.6442885490890832,4987,0,4756
1ff5e43b15da04ef,comments0720-fixed-arm-discovery,poisson-n03-p045,pretrain_arm,9103,,18,3,3,poisson,,0.0,,,1ff5e43b15da04ef69ee9f904aa3d7eee1a54fc3ce6a9f869e6e22f5f13eba11,20000,52044090,14021,5979,0.29895,0.5220968413512466,20254.55861576882,64132.0,0.9987409071961484,0.7227870828491317,3745,0,3691
209dc22c413e45c7,comments0720-fixed-arm-discovery,poisson-n05-p035,pretrain_arm,9127,,22,5,5,poisson,,0.0,,,209dc22c413e45c75cb0fc0e8cc439423a6beeadf9e91e05bd36fe18f230a6ec,20000,42020776,14803,5197,0.25985,0.6826509819809135,26377.680997769214,80176.0,0.9986462456384992,0.7753525758731374,6240,0,5899
20e85df14e851157,comments0720-fixed-arm-discovery,poisson-n06-p045,pretrain_arm,9127,,16,6,6,poisson,,0.0,,,20e85df14e85115720289a1b7eecd99f7499472bedfe8f18356a95863d1f5ce1,20000,40050830,19911,89,0.00445,0.9632829831491632,22121.67028493894,22022.0,0.9989819075316382,0.9716277968936005,7476,0,7464
211073730eae9b56,comments0720-fixed-arm-discovery,turnover-n04-p030-j40-l400,pretrain_arm,9113,,15,4,4,poisson,,0.0,40,400,211073730eae9b562b0f8762a5c0a0f307f2ff54a17d7d3d5a030475185a0d9a,20000,199931587,16992,3008,0.1504,0.1648252859614424,90921.45130711257,106208.0,0.9209295485262586,0.5868462781625671,2930,0,2879
212a22fcac83cf9a,comments0720-fixed-arm-discovery,poisson-n05-p035,pretrain_arm,9103,,8,5,5,poisson,,0.0,,,212a22fcac83cf9a36010035a466089a3269c9aa2ebacad6ad851e23a04a7535,20000,42152418,14572,5428,0.2714,0.6697735821465806,26893.584672435107,82207.0,0.9979511861069809,0.7665869227511872,6232,0,5866
223dcc683a8015f2,comments0720-fixed-arm-discovery,poisson-n03-p015,pretrain_arm,9103,,16,3,3,poisson,,0.0,,,223dcc683a8015f2cefc9164d0b5b189f8edf4dc63e3eafe112e222807c916d4,20000,193524322,17466,2534,0.1267,0.1749467335687139,64468.9156930126,200146.0,0.9985983618914305,0.5594093651533815,3744,0,3718
22db70b32c727ca7,comments0720-fixed-arm-discovery,poisson-n03-p045,pretrain_arm,9127,,1,3,3,poisson,,0.0,,,22db70b32c727ca73d8a70a3c1f4a0a4499b2e06fcaa2017a3dc6bd67331290c,20000,55988036,14969,5031,0.25155,0.5182095867767178,20436.533115017042,64165.0,0.9980632031282434,0.7330934299683204,3746,0,3701
2387a391ceea6121,comments0720-fixed-arm-discovery,poisson-n06-p015,pretrain_arm,9127,,12,6,6,poisson,,0.0,,,2387a391ceea612158b37e6afd799d3ffed8b74a97ca3a85c88345b6e9187f67,20000,85457474,15285,4715,0.23575,0.34647810910020577,65012.15366987494,196385.0,0.9989776429896324,0.5919577506966127,7481,0,6650
2394cac8d4435e1d,comments0720-fixed-arm-discovery,poisson-n06-p015,pretrain_arm,9103,,14,6,6,poisson,,0.0,,,2394cac8d4435e1d5d07aa49d6e852bce47b66fe320268b746297826034fcce2,20000,85767207,15404,4596,0.2298,0.3481650859867688,64741.37058212058,198331.0,0.997669935324852,0.592274340437207,7475,0,6654
23c454faf58c0bb9,comments0720-fixed-arm-discovery,poisson-n03-p015,pretrain_arm,9103,,13,3,3,poisson,,0.0,,,23c454faf58c0bb9c3803a196ef0cb55dab1ec7f0ce76a9da529dbd57bb40373,20000,191352136,17261,2739,0.13695,0.17479027775263506,64502.125934511736,200149.0,0.9985376269879875,0.5567724682468742,3744,0,3714
23e8efb268a9cb34,comments0720-fixed-arm-discovery,saturated-n06,pretrain_arm,9103,,14,6,6,saturated,,0.0,,,23e8efb268a9cb34a9c19f81548dda387b23c6382be5b278cbd9c2f49d55f226,20000,40036650,19989,11,0.00055,0.9674508731374878,22026.104169795264,22022.0,0.9989652444108643,0.973986539182784,7477,0,7465
2475ba36c45107bb,comments0720-fixed-arm-discovery,saturated-n06,pretrain_arm,9127,,10,6,6,saturated,,0.0,,,2475ba36c45107bb81de5178fccb3d5db6d3451b258a5d8a7305e3692375540f,20000,40036661,19982,18,0.0009,0.9670565185243595,22037.136654982474,22022.0,0.9989312789700068,0.9737562658314554,7477,0,7465
249d7115a089d621,comments0720-fixed-arm-discovery,poisson-n03-p015,pretrain_arm,9127,,16,3,3,poisson,,0.0,,,249d7115a089d6212a6d3a39505313bcd128ba3ad2ec97ff6c0be55dec17db78,20000,193326445,17452,2548,0.1274,0.1748672510892134,64448.705376590624,196163.0,0.999166396993992,0.5620525493610684,3746,0,3720
24d903ea21e56698,comments0720-fixed-arm-discovery,periodic-n04-p030-i100-d2000,pretrain_arm,9127,,3,4,4,poisson,100,0.0,,,24d903ea21e566989f18b896a8a28f21da2e63d8446a31a2cbccd562d9e8935f,20000,62413898,15093,4907,0.24535,0.4685707340374735,31066.77520715943,96220.0,0.9979860179102182,0.6967014173158973,4990,0,4808
24dfdff98cd7e6ac,comments0720-fixed-arm-discovery,periodic-n04-p030-i100-d2000,pretrain_arm,9113,,18,4,4,poisson,100,0.0,,,24dfdff98cd7e6aca3cebd1a15315272ea3246e81745255782526c57dadcce54,20000,56771894,13577,6423,0.32115,0.46320934792134993,31424.539686049084,98234.0,0.9992075230995754,0.6750287903403085,4993,0,4759
24f7b20071bafae0,comments0720-fixed-arm-discovery,periodic-n06-p030-i030-d5000,pretrain_arm,9113,,2,6,6,poisson,30,0.0,,,24f7b20071bafae0127f1ae1a8d438e4ac60761ef8eb6cefece61eb19cfe0216,20000,48071373,17402,2598,0.1299,0.7015501304695416,31132.289304197813,56053.0,0.9978835172666091,0.8299675492453835,7472,0,7362
250047462af3d607,comments0720-fixed-arm-discovery,periodic-n04-p030-i100-d2000,pretrain_arm,9113,,11,4,4,poisson,100,0.0,,,250047462af3d607398721dc67ff952a8dfc11fba4e4f4e044fa0f124e7e45d7,20000,57488661,13764,6236,0.3118,0.463849471115704,31399.396118057575,98243.0,0.9991709907877538,0.6775614873011526,4993,0,4768
25c583938ed4032e,comments0720-fixed-arm-discovery,poisson-n06-p045,pretrain_arm,9103,,21,6,6,poisson,,0.0,,,25c583938ed4032e9692b18a2434357f4e535685a27600dfa1e24eb3f7567f48,20000,40046885,19906,94,0.0047,0.963187498852907,22132.998843872523,22022.0,0.998964641697642,0.9715277135168496,7482,0,7470
269f27b9e69e3506,comments0720-fixed-arm-discovery,saturated-n03,pretrain_arm,9113,,18,3,3,saturated,,0.0,,,269f27b9e69e3506671db33e7df9babd7e2ed7d4765ae64328bf798a3e66e5c0,20000,40053334,19996,4,0.0002,0.9674024139913047,10017.903051525764,10016.0,0.998969636304257,0.9820633500985205,3744,0,3738
26bdbd38a4b19154,comments0720-fixed-arm-discovery,turnover-n04-p030-j40-l400,pretrain_arm,9127,,19,4,4,poisson,,0.0,40,400,26bdbd38a4b19154bb868ad709661b2c5c5181cf041d177d8eb2a860b4e69865,20000,192592494,15882,4118,0.2059,0.15987889434569552,93831.6258661963,108222.0,0.9035598140680142,0.5641899028045699,2932,0,2864
276024361f6f803b,comments0720-fixed-arm-discovery,periodic-n04-p030-i100-d2000,pretrain_arm,9103,,14,4,4,poisson,100,0.0,,,276024361f6f803b5c568037b2cf1de2d620472d75ff8e21d3c756b3e9a74806,20000,62560501,15020,4980,0.249,0.4653015166870227,31295.68218758327,96295.0,0.9985010540049043,0.6948208568973089,4991,0,4811
2772be140e31a3b5,comments0720-fixed-arm-discovery,poisson-n06-p015,pretrain_arm,9103,,19,6,6,poisson,,0.0,,,2772be140e31a3b5eaf95bae92c265617d1a655a741f19dc77849ce4a77c14d8,20000,77007309,13889,6111,0.30555,0.34953945735202874,64454.1759025726,196414.0,0.9976965426832736,0.5750818333451009,7477,0,6517
2842147f1c0f40b0,comments0720-fixed-arm-discovery,saturated-n06,pretrain_arm,9127,,23,6,6,saturated,,0.0,,,2842147f1c0f40b06d83a189e38894418c0dc080e6955a4658170259c177df39,20000,40036661,19982,18,0.0009,0.9670565185243595,22037.136654982474,22022.0,0.9989312789700068,0.9737562658314554,7477,0,7465
286e1b7e6f10486c,comments0720-fixed-arm-discovery,poisson-n04-p025,pretrain_arm,9127,,5,4,4,poisson,,0.0,,,286e1b7e6f10486c39e7e10b94744ec129e18a2702f20f8214080e40c878de24,20000,77678112,15489,4511,0.22555,0.3865439726444433,38099.85621083909,116293.0,0.9989195505231951,0.6612383410558794,4990,0,4826
28ba787fbe3b1e4b,comments0720-fixed-arm-discovery,poisson-n05-p035,pretrain_arm,9113,,11,5,5,poisson,,0.0,,,28ba787fbe3b1e4be9cb714663ff654e6fc9461e8953999d8d1d5040e20ce371,20000,42059269,14721,5279,0.26395,0.6786357841835055,26557.403983413773,80245.0,0.9969242029695906,0.7723691623843653,6235,0,5903
28bd13ed54b1379f,comments0720-fixed-arm-discovery,turnover-n06-p030-j40-l400,pretrain_arm,9127,,11,6,6,poisson,,0.0,40,400,28bd13ed54b1379f8aa6b9b44f30a50056bf4af0326e3bb5c4ca9409f19b24bf,20000,168193384,15660,4340,0.217,0.18052418161703673,124738.07828476482,112291.0,0.8465737897138229,0.5465886571102865,3578,0,3423
290b87a6b54da33e,comments0720-fixed-arm-discovery,turnover-n04-p030-j40-l400,pretrain_arm,9103,,0,4,4,poisson,,0.0,40,400,290b87a6b54da33eadee45908698dacb77c2b9fdd43fe22d93f8276086dc2d64,20000,200384591,16773,3227,0.16135,0.16222272300368645,92261.74094840442,108258.0,0.918424183608271,0.5810394688706525,2933,0,2866
29738cc5ec0289ec,comments0720-fixed-arm-discovery,poisson-n05-p035,pretrain_arm,9127,,5,5,5,poisson,,0.0,,,29738cc5ec0289ec1f131f280b317f9dcad56c36bbff2c86a2b9aedcf14b25d7,20000,43352424,15273,4727,0.23635,0.682454641982649,26380.623206446962,80144.0,0.9985752953824154,0.7811598124550216,6240,0,5898
298b87acb69a73b0,comments0720-fixed-arm-discovery,poisson-n05-p035,pretrain_arm,9113,,23,5,5,poisson,,0.0,,,298b87acb69a73b0b1e9a1ca84b59600419ca73462d735f968ae0b6037039ce7,20000,42256877,14793,5207,0.26035,0.678679733005352,26554.002908746534,80164.0,0.9969551186876787,0.7733481172310103,6235,0,5899
29f05d66b286e2a2,comments0720-fixed-arm-discovery,periodic-n06-p030-i030-d5000,pretrain_arm,9103,,16,6,6,poisson,30,0.0,,,29f05d66b286e2a26b39141620aa0ab2ce270178867e984057cb0357b7823037,20000,48060420,17204,2796,0.1398,0.6933588387284173,31500.983015355978,60050.0,0.9990659793633431,0.8224916060305868,7479,0,7371
2a3ff9c97e0a69bb,comments0720-fixed-arm-discovery,poisson-n05-p035,pretrain_arm,9127,,14,5,5,poisson,,0.0,,,2a3ff9c97e0a69bb7c920cea5db27937c7f612be986a267d543aaab5bb606538,20000,43227194,15225,4775,0.23875,0.6827010561916186,26374.156030233324,80088.0,0.9986060455825827,0.7806895339247337,6240,0,5911
2aea164bdb69e94f,comments0720-fixed-arm-discovery,periodic-n04-p030-i100-d2000,pretrain_arm,9127,,18,4,4,poisson,100,0.0,,,2aea164bdb69e94f018d989eea04a6fe663ac69e73513ef2a7e0bce9a584b0c8,20000,56557764,13659,6341,0.31705,0.4680427960341572,31123.687348912168,98194.0,0.9978084537230488,0.6772252499190686,4990,0,4793
2aeb8bf59d7ef008,comments0720-fixed-arm-discovery,poisson-n04-p025,pretrain_arm,9103,,16,4,4,poisson,,0.0,,,2aeb8bf59d7ef008b581a6b1a2bbb889dc2099547d1731e2d1b3f78716a48c93,20000,77999310,15497,4503,0.22515,0.38485426345438184,38251.63625798954,116277.0,0.9989662342101315,0.6608013325548378,4992,0,4828
2af2abeaa173bbad,comments0720-fixed-arm-discovery,periodic-n06-p030-i030-d5000,pretrain_arm,9113,,3,6,6,poisson,30,0.0,,,2af2abeaa173bbad48dd5ca8556f4c6142fa7d8dbb87a45dbcb97ef2d8f5963d,20000,48071373,17402,2598,0.1299,0.7015501304695416,31132.289304197813,56053.0,0.9978835172666091,0.8299675492453835,7472,0,7362
2b13c7293d301394,comments0720-fixed-arm-discovery,poisson-n03-p015,pretrain_arm,9103,,7,3,3,poisson,,0.0,,,2b13c7293d301394365cde189f8e54d186169725121b69ddf98c5a4928e2a3ce,20000,179454833,16185,3815,0.19075,0.1748039965020056,64511.79522838247,200143.0,0.998461671902357,0.5433057228014543,3744,0,3696
2b417d98307404f8,comments0720-fixed-arm-discovery,poisson-n05-p035,pretrain_arm,9127,,2,5,5,poisson,,0.0,,,2b417d98307404f8984cc1eb04e2a25b542a3fb4b0b4340b1d0b2520407418c0,20000,43193120,15210,4790,0.2395,0.6823305193049264,26379.34144736842,80117.0,0.9985898509395162,0.7803537900814809,6240,0,5912
2b81837c06b66890,comments0720-fixed-arm-discovery,poisson-n05-p035,pretrain_arm,9113,,12,5,5,poisson,,0.0,,,2b81837c06b6689005a25b5272fa1a0741efdfec6730a014e702fa0bb24410d4,20000,43073998,15056,4944,0.2472,0.6772994696243427,26597.85650671275,78149.0,0.9970480101149791,0.7775498265797739,6235,0,5902
2b876162c05d2289,comments0720-fixed-arm-discovery,poisson-n06-p045,pretrain_arm,9127,,20,6,6,poisson,,0.0,,,2b876162c05d2289da19aff7af192a9cde1326493387a4ec29253e4664b30fbe,20000,40050837,19913,87,0.00435,0.9633495549668537,22119.24928395558,22022.0,0.9989825235609924,0.9716751928426153,7477,0,7465
2c366fadc3bb2c13,comments0720-fixed-arm-discovery,periodic-n04-p030-i100-d2000,pretrain_arm,9113,,16,4,4,poisson,100,0.0,,,2c366fadc3bb2c137cd456673452bedfd29c28dcf818781b2576328bfc8470a3,20000,62978589,15049,4951,0.24755,0.4630294432287138,31454.91410145602,98253.0,0.9991246325069644,0.6933285252452261,4993,0,4800
2c37cec7514a688b,comments0720-fixed-arm-discovery,poisson-n04-p025,pretrain_arm,9103,,12,4,4,poisson,,0.0,,,2c37cec7514a688b1ff6e35a14b174c003ffceadfdc2001c0c807410476cb5c9,20000,76415392,15182,4818,0.2409,0.3849097705341877,38239.73797284829,116251.0,0.9989615779730292,0.6568981161690722,4992,0,4807
2c781ae42b3670ac,comments0720-fixed-arm-discovery,periodic-n06-p030-i030-d5000,pretrain_arm,9113,,4,6,6,poisson,30,0.0,,,2c781ae42b3670acbd5759f96b84060eee6f9d7b4128f4267c33fb904ecb3bc0,20000,48052374,17395,2605,0.13025,0.7013603531846314,31136.141057354886,58051.0,0.99842328235065,0.8286647118450938,7476,0,7364
2ca66426f3bff911,comments0720-fixed-arm-discovery,periodic-n06-p030-i030-d5000,pretrain_arm,9127,,13,6,6,poisson,30,0.0,,,2ca66426f3bff9112833881a4beb2a9aca47833bd7cef60c3e199e08f92490a0,20000,48052167,17084,2916,0.1458,0.6892517251095044,31733.720712277413,58052.0,0.9975388934061797,0.8204455395052281,7481,0,7357
2d34d10e3e46e98b,comments0720-fixed-arm-discovery,periodic-n04-p030-i100-d2000,pretrain_arm,9103,,21,4,4,poisson,100,0.0,,,2d34d10e3e46e98b3709aa3714243fdd11a5689d9bb173aa4ee75f841251d9b2,20000,57097176,13754,6246,0.3123,0.4666542877707297,31181.455477957225,98162.0,0.9989214774206346,0.6783422550637882,4991,0,4767
2d63a615836bca71,comments0720-fixed-arm-discovery,poisson-n06-p015,pretrain_arm,9113,,5,6,6,poisson,,0.0,,,2d63a615836bca71a7d22dd4793d4444faccbe5e88bf64e9e637348a8e7d611e,20000,86401123,15521,4479,0.22395,0.3481370606722322,64727.68695596106,196414.0,0.9981560216548035,0.5951675274423454,7477,0,6654
2e144c85b5e512c1,comments0720-fixed-arm-discovery,poisson-n06-p045,pretrain_arm,9113,,22,6,6,poisson,,0.0,,,2e144c85b5e512c1d23bcb51cd4685b40476565613f1c0423d22ccd02b45f0bc,20000,40045012,19807,193,0.00965,0.9584909850944732,22251.241121495328,22022.0,0.9989191880073653,0.9687095577006128,7480,0,7460
2e2b0707611da447,comments0720-fixed-arm-discovery,periodic-n04-p030-i100-d2000,pretrain_arm,9103,,8,4,4,poisson,100,0.0,,,2e2b0707611da447d5360585115db350a435ff644eed8f9d2475776dbe27e145,20000,56819316,13701,6299,0.31495,0.4671554300301679,31139.335207770393,96243.0,0.9988295385769373,0.6790954895357018,4991,0,4744
2eae5a5bb28c854f,comments0720-fixed-arm-discovery,poisson-n05-p035,pretrain_arm,9103,,9,5,5,poisson,,0.0,,,2eae5a5bb28c854fff857dd1a20cf2af902bb6c06c778bd178c77c512f8a7873,20000,42152418,14572,5428,0.2714,0.6697735821465806,26893.584672435107,82207.0,0.9979511861069809,0.7665869227511872,6232,0,5866
2ec44ec463b7393b,comments0720-fixed-arm-discovery,poisson-n04-p025,pretrain_arm,9127,,20,4,4,poisson,,0.0,,,2ec44ec463b7393bdf04634d2497cc80cea0dbfee47f2be0a2cebe3cb0aff23d,20000,70571064,13967,6033,0.30165,0.3837101138222884,38392.544093416436,118258.0,0.9988382998263143,0.6399316378828677,4990,0,4765
2f155bd18ccb84db,comments0720-fixed-arm-discovery,turnover-n06-p030-j40-l400,pretrain_arm,9103,,12,6,6,poisson,,0.0,40,400,2f155bd18ccb84db4cd3eebde8dcb0cf06d8153df02253eed8e23c97f778ca97,20000,167505539,16367,3633,0.18165,0.1894241598780802,118392.54032405993,108255.0,0.8505876996926514,0.5624214531902438,3575,0,3419
3004fc282b04a73f,comments0720-fixed-arm-discovery,poisson-n04-p025,pretrain_arm,9127,,10,4,4,poisson,,0.0,,,3004fc282b04a73fc7e7a9c7ece9e4f509227bbf596007f1b69ce9f348ac4f1e,20000,71542128,14182,5818,0.2909,0.384056747655032,38344.32037533512,118256.0,0.9987320140656212,0.6427005872402176,4990,0,4780
30b6920a2b4665bd,comments0720-fixed-arm-discovery,poisson-n06-p015,pretrain_arm,9113,,0,6,6,poisson,,0.0,,,30b6920a2b4665bdee2bf24a2bd515237497441148e5f606709fdff65cacde7e,20000,84908817,15237,4763,0.23815,0.3477709976809593,64800.80623973728,196370.0,0.9981903785351453,0.5915362920720348,7477,0,6640
31c75f8813377489,comments0720-fixed-arm-discovery,turnover-n04-p030-j40-l400,pretrain_arm,9113,,10,4,4,poisson,,0.0,40,400,31c75f8813377489c380b9e4facee97f575034d957ed46f0555495f9946eca8d,20000,195747830,15985,4015,0.20075,0.1582712870942171,94681.84615384616,110055.0,0.9058875836933326,0.5644954569291831,2927,0,2866
31c8a7fd69b2006d,comments0720-fixed-arm-discovery,saturated-n06,pretrain_arm,9113,,22,6,6,saturated,,0.0,,,31c8a7fd69b2006df9f89bec4ce80d1a7bc1c27f70aaac20b44cd83f5ac1dd14,20000,40036657,19982,18,0.0009,0.9670903092633334,22033.52643965949,22022.0,0.9989468965753899,0.9737727352795744,7479,0,7467
31e5eaa0ed97be43,comments0720-fixed-arm-discovery,periodic-n04-p030-i100-d2000,pretrain_arm,9127,,22,4,4,poisson,100,0.0,,,31e5eaa0ed97be4396313c4675711198be158e32c93c2a49451ed5d06cb06ee6,20000,57247533,13821,6179,0.30895,0.46760987936370985,31129.906320133206,98192.0,0.9977118559577302,0.67907507844048,4990,0,4781
323532ae94b1b403,comments0720-fixed-arm-discovery,poisson-n03-p015,pretrain_arm,9127,,19,3,3,poisson,,0.0,,,323532ae94b1b40344ff5fecb8c7d0f670c166dd6b0c303b1874b6bec28551f2,20000,181415785,16371,3629,0.18145,0.17487000924423418,64453.78246257256,196161.0,0.9991638340735326,0.548541447772589,3746,0,3713
326186ea12ef050e,comments0720-fixed-arm-discovery,periodic-n06-p030-i030-d5000,pretrain_arm,9127,,6,6,6,poisson,30,0.0,,,326186ea12ef050eaf1e1bf559b7704a347f10b04bb33085b2cb7f1e91929b3c,20000,48053701,17123,2877,0.14385,0.6906837415082764,31660.485477178423,72062.0,0.9977823105813337,0.8121515173632035,7481,0,7323
32640baa8fdefde3,comments0720-fixed-arm-discovery,poisson-n05-p035,pretrain_arm,9113,,16,5,5,poisson,,0.0,,,32640baa8fdefde3f9a87eb2a12eaa08134f48a8fc6b7d3e4dc7ed297d6e6de4,20000,43403620,15180,4820,0.241,0.6777268117267639,26579.383190507582,78184.0,0.9971005554808046,0.7792364557358561,6235,0,5914
327fb5b1a50682c5,comments0720-fixed-arm-discovery,poisson-n06-p045,pretrain_arm,9113,,14,6,6,poisson,,0.0,,,327fb5b1a50682c539300744c1414cb7100c5c3f2eee187f884003cce76c2839,20000,40044925,19782,218,0.0109,0.9572543586983868,22281.854628224584,22022.0,0.9989343881634459,0.967989915620611,7477,0,7462
3297f472d06086da,comments0720-fixed-arm-discovery,poisson-n03-p045,pretrain_arm,9113,,14,3,3,poisson,,0.0,,,3297f472d06086dae6e6cc5599b4fb9857356b51e6d306f0fae1baf94908d20a,20000,56056846,15200,4800,0.24,0.5252762169316483,20119.692444385943,64129.0,0.9988380135011677,0.7386187434776055,3745,0,3684
32dd99bde1ec5dd7,comments0720-fixed-arm-discovery,periodic-n06-p030-i030-d5000,pretrain_arm,9103,,2,6,6,poisson,30,0.0,,,32dd99bde1ec5dd7d15f3a1092d8095acba601dcc5e7c2f7ce66870fa02b09a4,20000,48060336,17171,2829,0.14145,0.6922283481330634,31563.37030129961,58049.0,0.9988587575329053,0.8229672018886564,7478,0,7360
33609fa9e482a8a4,comments0720-fixed-arm-discovery,turnover-n06-p030-j40-l400,pretrain_arm,9113,,19,6,6,poisson,,0.0,40,400,33609fa9e482a8a42781692e35ba58d52ac7948c7d23c0583df191b8cfc37e16,20000,157707012,15290,4710,0.2355,0.1878637520568838,119477.05884278046,110143.0,0.8350869804848426,0.5420132441805755,3575,0,3411
33924afb41353658,comments0720-fixed-arm-discovery,turnover-n04-p030-j40-l400,pretrain_arm,9113,,1,4,4,poisson,,0.0,40,400,33924afb413536588eb3aa1210885ecfab362b3f70b7ffb7d16f10d5297d7681,20000,199729178,16786,3214,0.1607,0.16299123806537671,91967.62981285017,108121.0,0.9162493991249443,0.5808245457301071,2928,0,2873
33f671e88778e84d,comments0720-fixed-arm-discovery,saturated-n03,pretrain_arm,9103,,11,3,3,saturated,,0.0,,,33f671e88778e84dc82055a7653d70170b2bd5759d1ab19105007fee96b2ecbd,20000,40053330,19995,5,0.00025,0.9673491317700675,10017.201760968534,10016.0,0.9989793094683057,0.9820363137461244,3745,0,3739
3407d3493c3e3ebf,comments0720-fixed-arm-discovery,poisson-n03-p015,pretrain_arm,9127,,15,3,3,poisson,,0.0,,,3407d3493c3e3ebfd3b8d03b1dd38ef95cd00f7f4013f6d8aaa06463a69ebe60,20000,193231568,17440,2560,0.128,0.17487737821389515,64459.4975909143,196154.0,0.9991802948236479,0.561916557679181,3746,0,3725
340a66632c1da003,comments0720-fixed-arm-discovery,poisson-n04-p025,pretrain_arm,9113,,19,4,4,poisson,,0.0,,,340a66632c1da003fc0d757a208a3ed1889f18f118723d9b25c8d0d7ad274927,20000,68757081,13892,6108,0.3054,0.3913935060739417,37579.352636127915,116165.0,0.9984925902157186,0.6428353654298867,4987,0,4774
345342121a1721a0,comments0720-fixed-arm-discovery,turnover-n06-p030-j40-l400,pretrain_arm,9103,,18,6,6,poisson,,0.0,40,400,345342121a1721a0f4b5c5cf97fe3e280866ffee9ae0db7b08f323ef3ae1b4e1,20000,160670560,15533,4467,0.22335,0.18740138205779577,119696.15901037304,110257.0,0.8469482049080304,0.5487743623219421,3573,0,3413
34774fb20024e6e7,comments0720-fixed-arm-discovery,turnover-n04-p030-j40-l400,pretrain_arm,9127,,4,4,4,poisson,,0.0,40,400,34774fb20024e6e7da23b9396774b55f33f25302660a13dac6d0dce89c24459e,20000,199485597,16977,3023,0.15115,0.16502894191403703,90866.60539807886,108060.0,0.9169566609225671,0.5841677009455347,2930,0,2866
35084631a6fb8059,comments0720-fixed-arm-discovery,periodic-n04-p030-i100-d2000,pretrain_arm,9127,,16,4,4,poisson,100,0.0,,,35084631a6fb8059e7aa9d79377e5734392fe3edc8c1a3a808ccca368eaeef67,20000,62779834,15201,4799,0.23995,0.46913908692399536,31035.21549397749,96209.0,0.9980427851714861,0.6982671240318271,4990,0,4821
3552b721f4a8682d,comments0720-fixed-arm-discovery,poisson-n05-p035,pretrain_arm,9103,,21,5,5,poisson,,0.0,,,3552b721f4a8682deb98b480f6dfde534ede127f532930b0ff80dc48235cde05,20000,42241213,14604,5396,0.2698,0.6698668904228674,26892.868987255035,82186.0,0.9980110992484683,0.7670519965571119,6232,0,5845
355ebb370458f4e5,comments0720-fixed-arm-discovery,turnover-n04-p030-j40-l400,pretrain_arm,9127,,11,4,4,poisson,,0.0,40,400,355ebb370458f4e57d4f4e61813fb2ddf88e099414b834f296c33da29b9dc53a,20000,192626289,15968,4032,0.2016,0.16074147594672294,93058.40614035088,108199.0,0.9067407851039505,0.5666280870168912,2932,0,2858
35669532e22886ea,comments0720-fixed-arm-discovery,saturated-n03,pretrain_arm,9127,,0,3,3,saturated,,0.0,,,35669532e22886ea542ea42eda567e63968efb7a92a6cf00a3f06a2ca1d55b7a,20000,40053326,20000,0,0.0,0.9675915303513122,10015.998499549865,10016.0,0.9989760822616338,0.9821785375376487,3744,0,3738
356d64b581fe4bcf,comments0720-fixed-arm-discovery,poisson-n06-p045,pretrain_arm,9103,,9,6,6,poisson,,0.0,,,356d64b581fe4bcfb974fea8c09cf997e115730620caa555937252382fd5d203,20000,40046891,19905,95,0.00475,0.96307176504663,22134.215352133917,22022.0,0.9989807187099432,0.9714819945855243,7482,0,7470
35d96c8a866ffa05,comments0720-fixed-arm-discovery,poisson-n06-p015,pretrain_arm,9103,,5,6,6,poisson,,0.0,,,35d96c8a866ffa0550a4cf87293eaa89d221899ab3ab67e55f50a31732a048a1,20000,86378315,15507,4493,0.22465,0.34803471218441806,64788.04866085834,198335.0,0.9977047239095372,0.5935273120313185,7475,0,6672
368fa005111ae5bf,comments0720-fixed-arm-discovery,turnover-n04-p030-j40-l400,pretrain_arm,9127,,14,4,4,poisson,,0.0,40,400,368fa005111ae5bfc5194a999ce54e99e0cdca510a01c9cd6701db6a27038888,20000,198707402,16911,3089,0.15445,0.16503368606268629,90878.91847601018,108203.0,0.9161555680592937,0.5829819180406599,2932,0,2878
369daa79697b21e4,comments0720-fixed-arm-discovery,poisson-n03-p015,pretrain_arm,9103,,17,3,3,poisson,,0.0,,,369daa79697b21e411de8cb6404368216a911b99dad9fe83783f425e8767b6ff,20000,193524322,17466,2534,0.1267,0.1749467335687139,64468.9156930126,200146.0,0.9985983618914305,0.5594093651533815,3744,0,3718
3723045f2ffe9bac,comments0720-fixed-arm-discovery,poisson-n03-p015,pretrain_arm,9103,,2,3,3,poisson,,0.0,,,3723045f2ffe9bac92630b2a1f68dada3704931c117cf19e1d530c1de4116adf,20000,192306737,17352,2648,0.1324,0.17485265219803506,64482.41046927246,200154.0,0.9985186462137235,0.5579210994705861,3744,0,3715
372a756e6e8c1885,comments0720-fixed-arm-discovery,turnover-n06-p030-j40-l400,pretrain_arm,9113,,7,6,6,poisson,,0.0,40,400,372a756e6e8c1885038579c05b37843dd34ba228254f8892a9fb0c52dbc192dd,20000,157340695,15229,4771,0.23855,0.18756893758477425,119628.3672208714,110163.0,0.8365108674818631,0.5416137683555458,3572,0,3415
3737a0cd26922e7c,comments0720-fixed-arm-discovery,poisson-n06-p045,pretrain_arm,9127,,4,6,6,poisson,,0.0,,,3737a0cd26922e7c1ed30f8c1a884aa2c9a5bf5b04050d616381455e5f5902bd,20000,40050833,19909,91,0.00455,0.9632204154155795,22124.096044629845,22022.0,0.9989890932641217,0.971584336226567,7476,0,7463
383df43b77349f99,comments0720-fixed-arm-discovery,poisson-n03-p045,pretrain_arm,9113,,19,3,3,poisson,,0.0,,,383df43b77349f993bbfde9ea1ca147070f003877353edb07e52c955e6bd626a,20000,51775063,14044,5956,0.2978,0.5255774966415782,20111.259723607352,64120.0,0.9989594926797958,0.7243156631071246,3745,0,3689
385603d119fde174,comments0720-fixed-arm-discovery,poisson-n03-p015,pretrain_arm,9113,,6,3,3,poisson,,0.0,,,385603d119fde174db810653bfab566f89b83f38856a6a6fcb6eb056847bc1d2,20000,179931798,16262,3738,0.1869,0.17509566597005827,64364.17913385827,198205.0,0.9989253298642039,0.5458119986114207,3743,0,3691
38b8cd6a0565e976,comments0720-fixed-arm-discovery,poisson-n03-p015,pretrain_arm,9103,,11,3,3,poisson,,0.0,,,38b8cd6a0565e976f617a35283aab9d3adfa44d38f2c52cb0a511f3a83c6c8f6,20000,181433826,16372,3628,0.1814,0.17486520953375034,64478.70353171208,200166.0,0.998408659849822,0.5456306231278574,3744,0,3702
38f41d427aab5fc1,comments0720-fixed-arm-discovery,periodic-n04-p030-i100-d2000,pretrain_arm,9103,,3,4,4,poisson,100,0.0,,,38f41d427aab5fc15621c1e39d41f33371e2a9b6ccd2163ab236235c67b8ea98,20000,62426732,14978,5022,0.2511,0.46501344968690655,31311.190514362057,96287.0,0.9985183589217733,0.6942109362028932,4991,0,4821
38ff873d774c61b7,comments0720-fixed-arm-discovery,saturated-n03,pretrain_arm,9103,,5,3,3,saturated,,0.0,,,38ff873d774c61b7c72466c825de212002914f0e8220a24830c66b93b94767f5,20000,40053330,19995,5,0.00025,0.9673491317700675,10017.201760968534,10016.0,0.9989793094683057,0.9820363137461244,3745,0,3739
39cbf1ca8b78bdfe,comments0720-fixed-arm-discovery,poisson-n06-p015,pretrain_arm,9103,,21,6,6,poisson,,0.0,,,39cbf1ca8b78bdfe0d061a2cd0fe975d6e5ff9418d9bc4a962afd17d9524f72a,20000,77130322,13900,6100,0.305,0.3493595813070766,64524.82481278802,196390.0,0.9977409459011216,0.5751901757360661,7477,0,6484
39d373288e2e01eb,comments0720-fixed-arm-discovery,saturated-n06,pretrain_arm,9103,,9,6,6,saturated,,0.0,,,39d373288e2e01eb3c603a83280aac571f41c88b68a739ee7a01b6fa708f5bf3,20000,40036650,19989,11,0.00055,0.9674508731374878,22026.104169795264,22022.0,0.9989652444108643,0.973986539182784,7477,0,7465
39e3a6e8b0e83b55,comments0720-fixed-arm-discovery,saturated-n06,pretrain_arm,9113,,2,6,6,saturated,,0.0,,,39e3a6e8b0e83b55994da55e52da9a2d31d2970755d4a266f1a2c331d7e922b4,20000,40036655,19977,23,0.00115,0.9668014473237088,22039.544452792386,22022.0,0.9989397952422566,0.9736115808553218,7479,0,7467
39eb4efb3b14bc5b,comments0720-fixed-arm-discovery,poisson-n04-p025,pretrain_arm,9127,,13,4,4,poisson,,0.0,,,39eb4efb3b14bc5b82d72b03a3d8345e8c98626194fd23c477ae8b8b5f426ebe,20000,75775444,15079,4921,0.24605,0.3855533066886418,38171.47229779046,118207.0,0.998813432798842,0.654471746495828,4990,0,4807
3ab028ca7bf4c551,comments0720-fixed-arm-discovery,poisson-n06-p045,pretrain_arm,9127,,9,6,6,poisson,,0.0,,,3ab028ca7bf4c55196856d1648471513d68094948cbd11a7a1a4428967ea3287,20000,40050840,19910,90,0.0045,0.9632001226441194,22122.889637149463,22022.0,0.9990095356361167,0.971596886093412,7477,0,7464
3aef3f39a64d637c,comments0720-fixed-arm-discovery,poisson-n05-p035,pretrain_arm,9103,,17,5,5,poisson,,0.0,,,3aef3f39a64d637c6583fe22b882722d3dd9ced95d81af3756deadc560c3026f,20000,43791158,15112,4888,0.2444,0.6688273235432596,26955.783273738576,80186.0,0.9979478409879877,0.7743677215104158,6234,0,5880
3ce4e70ca35cf32c,comments0720-fixed-arm-discovery,turnover-n06-p030-j40-l400,pretrain_arm,9113,,14,6,6,poisson,,0.0,40,400,3ce4e70ca35cf32c313a363ba184f1777f1b9341b7d028de7477a32759cd256b,20000,164141306,16353,3647,0.18235,0.19303782071771744,116244.08708157396,108205.0,0.8495513066541804,0.5631388757906326,3578,0,3444
3d5b60f018bcd64a,comments0720-fixed-arm-discovery,poisson-n04-p025,pretrain_arm,9103,,0,4,4,poisson,,0.0,,,3d5b60f018bcd64a6bfc90dee358653a1cfb7c29cd1a8dbe9bef83353692a9eb,20000,76668338,15232,4768,0.2384,0.38486018830876445,38248.92938780873,118175.0,0.9989708359086896,0.6562270080724848,4992,0,4800
3def9443b99b6bd2,comments0720-fixed-arm-discovery,periodic-n06-p030-i030-d5000,pretrain_arm,9113,,12,6,6,poisson,30,0.0,,,3def9443b99b6bd29df892113b0755b9dee44ff86159bb126984dc85806eabff,20000,48051894,17384,2616,0.1308,0.7009871868942357,31154.25788625374,58043.0,0.9981306348233129,0.8283106072391828,7476,0,7360
3dfe2f80755b50d1,comments0720-fixed-arm-discovery,saturated-n06,pretrain_arm,9103,,5,6,6,saturated,,0.0,,,3dfe2f80755b50d119dfdf491f7b47325e6f1e3a6a8513917271aaad0a3a13c3,20000,40036650,19989,11,0.00055,0.9674508731374878,22026.104169795264,22022.0,0.9989652444108643,0.973986539182784,7477,0,7465
3e888c892b9f7c1a,comments0720-fixed-arm-discovery,poisson-n06-p045,pretrain_arm,9103,,2,6,6,poisson,,0.0,,,3e888c892b9f7c1a05478749813cda94ce6be9e3aed43193b02596ad3bd18f0a,20000,40046883,19881,119,0.00595,0.9618927645380041,22163.36247420605,22022.0,0.9989808220712655,0.9707890288697565,7482,0,7470
3e91d9909147106b,comments0720-fixed-arm-discovery,poisson-n03-p045,pretrain_arm,9113,,20,3,3,poisson,,0.0,,,3e91d9909147106b2693c280999188310d4a0447476f0ab782c71057a3552dbd,20000,51936373,14068,5932,0.2966,0.5248936039488163,20132.525956478454,64154.0,0.998956167839281,0.7243639239293658,3745,0,3686
3eacd39d99940738,comments0720-fixed-arm-discovery,poisson-n05-p035,pretrain_arm,9113,,15,5,5,poisson,,0.0,,,3eacd39d999407385356cfe02c9bccc3aa07cb173011bcb85c3b7fc6628ac4a9,20000,43382802,15168,4832,0.2416,0.677527422041573,26598.729053964904,78191.0,0.9970367071208527,0.7789940430541419,6235,0,5926
3eba1f76b35fede0,comments0720-fixed-arm-discovery,poisson-n03-p045,pretrain_arm,9103,,0,3,3,poisson,,0.0,,,3eba1f76b35fede07e9ff0547a3d53a543c1b81d7129ccbcf973bc3bff27beca,20000,55591988,14971,5029,0.25145,0.5219114308342419,20272.323220848648,64138.0,0.9988386548205398,0.7346288618849272,3745,0,3698
3f1fdd1cb968379e,comments0720-fixed-arm-discovery,turnover-n04-p030-j40-l400,pretrain_arm,9127,,1,4,4,poisson,,0.0,40,400,3f1fdd1cb968379e7906d1e27e40faa232463fde959cf28873e0c4f0915d99cb,20000,197301764,16792,3208,0.1604,0.16504001454340772,90843.9612726406,108187.0,0.9179975257272814,0.5821211800902297,2931,0,2852
3f5c17fca1dfbbd6,comments0720-fixed-arm-discovery,periodic-n06-p030-i030-d5000,pretrain_arm,9127,,4,6,6,poisson,30,0.0,,,3f5c17fca1dfbbd63cd009227c054c891a9a3f0b37923b9fef007bfe054fec17,20000,48052474,17151,2849,0.14245,0.6915915088992088,31603.87496353346,60051.0,0.9981372869933183,0.8209297652975089,7481,0,7366
3fbfb317f81d3605,comments0720-fixed-arm-discovery,turnover-n04-p030-j40-l400,pretrain_arm,9127,,9,4,4,poisson,,0.0,40,400,3fbfb317f81d3605bf9ed55f0f9bbe010d54151fdbca15ba2d67f381b6cc0961,20000,190977331,15885,4115,0.20575,0.1612770470648163,92994.7587075644,110022.0,0.9077276715244982,0.5648827395297714,2932,0,2857
3fc7da5411cfe091,comments0720-fixed-arm-discovery,periodic-n04-p030-i100-d2000,pretrain_arm,9113,,14,4,4,poisson,100,0.0,,,3fc7da5411cfe091daf0594032520e54adbf52687d4719cc77e5984f8bba4e09,20000,62674297,15022,4978,0.2489,0.46435464605211285,31356.138204342613,98224.0,0.998975934559918,0.6934025268706769,4993,0,4787
404573777b3fbae6,comments0720-fixed-arm-discovery,saturated-n06,pretrain_arm,9127,,13,6,6,saturated,,0.0,,,404573777b3fbae62091122593cdd4a045fbc669526bd027e8211b09dab3fbbb,20000,40036661,19982,18,0.0009,0.9670565185243595,22037.136654982474,22022.0,0.9989312789700068,0.9737562658314554,7477,0,7465
406bbe90def913b5,comments0720-fixed-arm-discovery,turnover-n06-p030-j40-l400,pretrain_arm,9113,,12,6,6,poisson,,0.0,40,400,406bbe90def913b56530fe6840f7bf1d40fba5a94d78df0e03be2974a1704cdd,20000,162734296,16330,3670,0.1835,0.19436671787980084,115365.71252604485,108226.0,0.8538862229309955,0.5647253136035988,3574,0,3427
4121fbcdd988371f,comments0720-fixed-arm-discovery,poisson-n03-p015,pretrain_arm,9127,,3,3,3,poisson,,0.0,,,4121fbcdd988371f251c398f2d51ba4917016f99a9ecd19caa08a2010211fc7b,20000,193559870,17460,2540,0.127,0.1747528038740675,64488.983213017076,196094.0,0.9991881818895748,0.5621676619212141,3746,0,3721
415df09b63e54f7b,comments0720-fixed-arm-discovery,periodic-n04-p030-i100-d2000,pretrain_arm,9113,,5,4,4,poisson,100,0.0,,,415df09b63e54f7b6da91627285e2431b8ec62569ee35b4516638db6dbc443ee,20000,63235301,15160,4840,0.242,0.4643677903897382,31350.776465153114,98218.0,0.9990072993892833,0.6951463632596738,4993,0,4787
41863e12d35b0958,comments0720-fixed-arm-discovery,periodic-n04-p030-i100-d2000,pretrain_arm,9127,,1,4,4,poisson,100,0.0,,,41863e12d35b0958479b8fcf0dfc214c7a37f59c06e87d55ef58d66ac904000e,20000,61141493,14796,5204,0.2602,0.46911000357809385,31053.235664051936,96212.0,0.9978317159137833,0.693122573163959,4990,0,4810
4208d79f94a6b3d2,comments0720-fixed-arm-discovery,turnover-n04-p030-j40-l400,pretrain_arm,9127,,5,4,4,poisson,,0.0,40,400,4208d79f94a6b3d2f4f7b17e038002f9dea111b1385b866af2c659c498917efb,20000,199485597,16977,3023,0.15115,0.16502894191403703,90866.60539807886,108060.0,0.9169566609225671,0.5841677009455347,2930,0,2866
42200c08ade141a7,comments0720-fixed-arm-discovery,poisson-n04-p025,pretrain_arm,9103,,21,4,4,poisson,,0.0,,,42200c08ade141a7e1b3c35aaf15217b6be582dc3fe0c29464fa3bfc6664b43f,20000,70559987,14049,5951,0.29755,0.38572249170057243,38160.299978634,116257.0,0.9992176540394072,0.6430878819133266,4992,0,4764
42745eb28fe2a6a0,comments0720-fixed-arm-discovery,poisson-n03-p045,pretrain_arm,9127,,15,3,3,poisson,,0.0,,,42745eb28fe2a6a07ac2df1932e59ccf48ed2bf270b4557cf458aba67e92451c,20000,56589787,15112,4888,0.2444,0.5175915223006582,20461.15887726731,64164.0,0.9979797717671242,0.7346477646892607,3746,0,3699
4275dd816aff5daa,comments0720-fixed-arm-discovery,turnover-n04-p030-j40-l400,pretrain_arm,9127,,0,4,4,poisson,,0.0,40,400,4275dd816aff5daa98686331186312cd5f204910ced8331ecd026b6a27733770,20000,197301764,16792,3208,0.1604,0.16504001454340772,90843.9612726406,108187.0,0.9179975257272814,0.5821211800902297,2931,0,2852
439b02a906fb9f11,comments0720-fixed-arm-discovery,poisson-n05-p035,pretrain_arm,9103,,13,5,5,poisson,,0.0,,,439b02a906fb9f115395ecfcef70ed487894ffa7cf27d5ad3e6d61efd905cf03,20000,43405255,14983,5017,0.25085,0.6689595303610127,26951.005342950644,80171.0,0.99796772849534,0.7728159196187843,6234,0,5874
43ab63de0b52c17f,comments0720-fixed-arm-discovery,saturated-n06,pretrain_arm,9127,,18,6,6,saturated,,0.0,,,43ab63de0b52c17f91409bf218a8bd100d6583d427e4e73f78efc76c6b787961,20000,40036661,19982,18,0.0009,0.9670565185243595,22037.136654982474,22022.0,0.9989312789700068,0.9737562658314554,7477,0,7465
43b400da837b0317,comments0720-fixed-arm-discovery,saturated-n03,pretrain_arm,9127,,18,3,3,saturated,,0.0,,,43b400da837b03177f99c276774e296e53b5689cf0ea4911bb860410b6482043,20000,40053326,20000,0,0.0,0.9675915303513122,10015.998499549865,10016.0,0.9989760822616338,0.9821785375376487,3744,0,3738
43d537dedf48b97e,comments0720-fixed-arm-discovery,periodic-n04-p030-i100-d2000,pretrain_arm,9127,,19,4,4,poisson,100,0.0,,,43d537dedf48b97ed86b88d082e48c265e7a5f48bbece6c416aabff5d513cb10,20000,56557764,13659,6341,0.31705,0.4680427960341572,31123.687348912168,98194.0,0.9978084537230488,0.6772252499190686,4990,0,4793
441dccc18e7ecfe5,comments0720-fixed-arm-discovery,periodic-n06-p030-i030-d5000,pretrain_arm,9127,,19,6,6,poisson,30,0.0,,,441dccc18e7ecfe5547b2837763a0148ff97cd5afcd2b96b005391eb2df62b2a,20000,48053893,17128,2872,0.1436,0.6910495056040517,31648.85224351484,73058.0,0.9974770966315271,0.8115702007451928,7481,0,7317
44276c68b1c8e805,comments0720-fixed-arm-discovery,periodic-n06-p030-i030-d5000,pretrain_arm,9127,,9,6,6,poisson,30,0.0,,,44276c68b1c8e8052e8490754e15f537e3674267dce52ca08cb537b131a5bef0,20000,48053644,17130,2870,0.1435,0.6907822016577972,31643.171398527866,72066.0,0.9975870775670367,0.8122040930749446,7481,0,7335
44f9c4666ddadf1c,comments0720-fixed-arm-discovery,saturated-n06,pretrain_arm,9103,,23,6,6,saturated,,0.0,,,44f9c4666ddadf1cc4f4a95412fbcd31264996af7cc2fe931cc4f6960f2b99d4,20000,40036650,19989,11,0.00055,0.9674508731374878,22026.104169795264,22022.0,0.9989652444108643,0.973986539182784,7477,0,7465
4559d39d8ee46986,comments0720-fixed-arm-discovery,poisson-n04-p025,pretrain_arm,9113,,0,4,4,poisson,,0.0,,,4559d39d8ee4698669a581a8a8d597093531ab19df871bbe7059d64b74124e65,20000,75046767,15142,4858,0.2429,0.390779059143214,37639.71276595745,116176.0,0.99852073705344,0.658257598732218,4988,0,4812
457e87c78e182eae,comments0720-fixed-arm-discovery,poisson-n03-p045,pretrain_arm,9127,,17,3,3,poisson,,0.0,,,457e87c78e182eae359da396e48bb331cc4a3904d4e6ac5ad8b9ac6edcf0a8be,20000,57215803,15265,4735,0.23675,0.5171306430847435,20477.891539419357,64164.0,0.9980476030933854,0.736429248726043,3746,0,3708
459fd4b46fa8aaa7,comments0720-fixed-arm-discovery,poisson-n06-p015,pretrain_arm,9103,,9,6,6,poisson,,0.0,,,459fd4b46fa8aaa7b006f8e09e6dbe635ff03d63011e598d717f29a69f39a60a,20000,77187096,13910,6090,0.3045,0.3493710399468844,64514.718880414446,196396.0,0.9977355918518251,0.5753132105995699,7477,0,6493
46366d21c6814558,comments0720-fixed-arm-discovery,poisson-n03-p015,pretrain_arm,9113,,9,3,3,poisson,,0.0,,,46366d21c6814558f5a823f689dcc53db0d24b0d2da9168cce1b60142c26ab81,20000,181333700,16391,3609,0.18045,0.17515253921361557,64363.35862068966,198181.0,0.9988964482516032,0.5474498291550729,3743,0,3698
46a86bf208cc8b6c,comments0720-fixed-arm-discovery,poisson-n04-p025,pretrain_arm,9127,,23,4,4,poisson,,0.0,,,46a86bf208cc8b6c9b32263695804fb3bf8636cb589abe672854906bcc083b4d,20000,71768334,14229,5771,0.28855,0.384263329841264,38328.21932353562,118200.0,0.9988010454153242,0.6434172917521962,4990,0,4793
48036cd0a8d64fb5,comments0720-fixed-arm-discovery,poisson-n06-p045,pretrain_arm,9127,,15,6,6,poisson,,0.0,,,48036cd0a8d64fb5f8e5fb0a9554dbf1e01887af8f345f72fb71612472d2dafe,20000,40050828,19884,116,0.0058,0.9619783640927474,22154.44343800322,22022.0,0.9989386714465628,0.9708410118464367,7477,0,7464
48382f477de25894,comments0720-fixed-arm-discovery,poisson-n03-p015,pretrain_arm,9113,,22,3,3,poisson,,0.0,,,48382f477de25894843380bf4515024e963e43a287e2565c9ff94ccaa89056a9,20000,182376689,16504,3496,0.1748,0.17535801957672342,64275.140198811976,198167.0,0.9988775691841308,0.5489338629202848,3743,0,3706
48d33b265a2f2450,comments0720-fixed-arm-discovery,turnover-n06-p030-j40-l400,pretrain_arm,9103,,3,6,6,poisson,,0.0,40,400,48d33b265a2f245058e1861a888952dc22c61294f94d3761cb78a7534e61fdeb,20000,167315335,16366,3634,0.1817,0.18964301747953946,118306.66234560352,110044.0,0.8538816364495989,0.5623872179763795,3574,0,3408
49dbe3d87ebf7943,comments0720-fixed-arm-discovery,poisson-n05-p035,pretrain_arm,9113,,22,5,5,poisson,,0.0,,,49dbe3d87ebf794334fc451ee756575ada22165c4ff94fa5f48ecdbf78005fcd,20000,42256877,14793,5207,0.26035,0.678679733005352,26554.002908746534,80164.0,0.9969551186876787,0.7733481172310103,6235,0,5899
4a297fd04a0200a2,comments0720-fixed-arm-discovery,poisson-n04-p025,pretrain_arm,9127,,22,4,4,poisson,,0.0,,,4a297fd04a0200a291a1a7a0ef2266578ad87f2f1c116389794262316b3de55e,20000,71768334,14229,5771,0.28855,0.384263329841264,38328.21932353562,118200.0,0.9988010454153242,0.6434172917521962,4990,0,4793
4abe46dc827dfa56,comments0720-fixed-arm-discovery,poisson-n05-p035,pretrain_arm,9127,,16,5,5,poisson,,0.0,,,4abe46dc827dfa5664ac8a0fc6cbe19c88f265e514629fe41da72026515f5bcd,20000,43361775,15276,4724,0.2362,0.6827390483899702,26376.449823136383,80132.0,0.9985908333207634,0.781305293903578,6240,0,5921
4ac505fcb6f61ee6,comments0720-fixed-arm-discovery,saturated-n06,pretrain_arm,9103,,19,6,6,saturated,,0.0,,,4ac505fcb6f61ee6e8a590ac15e9439e3e74087bb0fc693e9f27dbd2e2314ad7,20000,40036650,19989,11,0.00055,0.9674508731374878,22026.104169795264,22022.0,0.9989652444108643,0.973986539182784,7477,0,7465
4b1403e2ff86f28b,comments0720-fixed-arm-discovery,turnover-n06-p030-j40-l400,pretrain_arm,9127,,7,6,6,poisson,,0.0,40,400,4b1403e2ff86f28bafff57d0b9f32983c7d428df17377597f58029f13690383a,20000,162571726,15265,4735,0.23675,0.18201589986194772,123592.71264669245,114033.0,0.8522536798632082,0.5428803599083853,3573,0,3397
4b41fe30bf2c501d,comments0720-fixed-arm-discovery,saturated-n06,pretrain_arm,9113,,3,6,6,saturated,,0.0,,,4b41fe30bf2c501df15a79294014e7762c76e47a11e1544d35e49bcd37495771,20000,40036655,19977,23,0.00115,0.9668014473237088,22039.544452792386,22022.0,0.9989397952422566,0.9736115808553218,7479,0,7467
4b60c5c10008c287,comments0720-fixed-arm-discovery,poisson-n06-p045,pretrain_arm,9127,,18,6,6,poisson,,0.0,,,4b60c5c10008c28743b0ad890a5a0523029df1f13dd17503eb67aa360c11889d,20000,40050838,19913,87,0.00435,0.9633806913103791,22119.25094216371,22022.0,0.9989732658325499,0.9716824857143097,7477,0,7463
4b715bf28d91d1c3,comments0720-fixed-arm-discovery,turnover-n04-p030-j40-l400,pretrain_arm,9103,,1,4,4,poisson,,0.0,40,400,4b715bf28d91d1c3b7b12c2ed1cca4fad8787b3347f7ece9035d8f3c98350de4,20000,200384591,16773,3227,0.16135,0.16222272300368645,92261.74094840442,108258.0,0.918424183608271,0.5810394688706525,2933,0,2866
4bdf71a82b96a3aa,comments0720-fixed-arm-discovery,periodic-n04-p030-i100-d2000,pretrain_arm,9113,,20,4,4,poisson,100,0.0,,,4bdf71a82b96a3aac09579b5a6f92935d1a97b138c4dc73cf78070486bccb727,20000,57368036,13726,6274,0.3137,0.4634436849119255,31423.905452689898,98247.0,0.9993041091406157,0.6769929313508471,4993,0,4760
4bf330969edaa9ec,comments0720-fixed-arm-discovery,poisson-n05-p035,pretrain_arm,9103,,11,5,5,poisson,,0.0,,,4bf330969edaa9ec8e11ae7fa2db2313bf061d4da1306388a40db045ca0e2706,20000,42171518,14578,5422,0.2711,0.6696467981067221,26893.684239428887,82173.0,0.9980013907064592,0.766659062937727,6232,0,5872
4c48c81872ae1e8d,comments0720-fixed-arm-discovery,poisson-n06-p045,pretrain_arm,9113,,13,6,6,poisson,,0.0,,,4c48c81872ae1e8d11352f5b202b654fe0b8e2373e65786d19c633d6e7434842,20000,40044893,19774,226,0.0113,0.9568178394183747,22291.665975103733,22022.0,0.9989235217706747,0.9677407870630166,7479,0,7463
4c5af3dc0b72e4ce,comments0720-fixed-arm-discovery,turnover-n06-p030-j40-l400,pretrain_arm,9103,,15,6,6,poisson,,0.0,40,400,4c5af3dc0b72e4cee1de828487ba57fd354cf004ed00e9b6c018827d5c05fb96,20000,167174661,16430,3570,0.1785,0.19045831951769293,117706.46156657327,110088.0,0.8541367156910686,0.5635146784029206,3574,0,3430
4d105e2664620e78,comments0720-fixed-arm-discovery,poisson-n05-p035,pretrain_arm,9127,,13,5,5,poisson,,0.0,,,4d105e2664620e78abfd0491360ffeeb4bfb53ca110351396e2d657c557ae2e3,20000,42736479,15057,4943,0.24715,0.6825664790962307,26374.03628630292,80110.0,0.99859285205873,0.7785256103849869,6240,0,5901
4d210490ecf9b4e0,comments0720-fixed-arm-discovery,saturated-n03,pretrain_arm,9127,,10,3,3,saturated,,0.0,,,4d210490ecf9b4e0fc25faeb56a3766a919cab7fd552cfd52dee4647245705e9,20000,40053326,20000,0,0.0,0.9675915303513122,10015.998499549865,10016.0,0.9989760822616338,0.9821785375376487,3744,0,3738
4d41bf134d496f84,comments0720-fixed-arm-discovery,saturated-n03,pretrain_arm,9113,,9,3,3,saturated,,0.0,,,4d41bf134d496f849a114b3f2e47c5701a7937011ead9cbd23e5a4425901d0a1,20000,40053334,19996,4,0.0002,0.9674024139913047,10017.903051525764,10016.0,0.998969636304257,0.9820633500985205,3744,0,3738
4d50ccc44fcd1330,comments0720-fixed-arm-discovery,poisson-n05-p035,pretrain_arm,9113,,8,5,5,poisson,,0.0,,,4d50ccc44fcd13301802035de7e0e8aaef105e52f1b3d18aaea26372a82669ea,20000,42018407,14705,5295,0.26475,0.678576296336032,26560.965498468868,82105.0,0.9969239439029657,0.7709092467463327,6235,0,5908
4dbe88129c2cb31a,comments0720-fixed-arm-discovery,saturated-n03,pretrain_arm,9103,,2,3,3,saturated,,0.0,,,4dbe88129c2cb31ab1c4215a8f3cae476a863013ef3e1ab6170104097b6033c0,20000,40053330,19995,5,0.00025,0.9673491317700675,10017.201760968534,10016.0,0.9989793094683057,0.9820363137461244,3745,0,3739
4ddaec17b91c391f,comments0720-fixed-arm-discovery,poisson-n03-p015,pretrain_arm,9113,,8,3,3,poisson,,0.0,,,4ddaec17b91c391f6bd39a009390dcc9ab1448711e4bb745790aaf92544718fe,20000,181333700,16391,3609,0.18045,0.17515253921361557,64363.35862068966,198181.0,0.9988964482516032,0.5474498291550729,3743,0,3698
4e2748b2f632612c,comments0720-fixed-arm-discovery,saturated-n03,pretrain_arm,9127,,15,3,3,saturated,,0.0,,,4e2748b2f632612c1ab624d3233e388155fe52bdcdea00895d2134d1792e0860,20000,40053326,20000,0,0.0,0.9675915303513122,10015.998499549865,10016.0,0.9989760822616338,0.9821785375376487,3744,0,3738
4e8ec4c6d3d648c1,comments0720-fixed-arm-discovery,periodic-n06-p030-i030-d5000,pretrain_arm,9127,,2,6,6,poisson,30,0.0,,,4e8ec4c6d3d648c1c5efd6d85690848d41f1d03eeb15a8c23033acbdd33053d3,20000,48052253,17092,2908,0.1454,0.6892697206101865,31719.680971896956,58049.0,0.9978544748885747,0.8206587318329204,7482,0,7360
4eb2587dc2db83aa,comments0720-fixed-arm-discovery,poisson-n05-p035,pretrain_arm,9113,,13,5,5,poisson,,0.0,,,4eb2587dc2db83aa219f23df37c1c386f0d7800d43200c0032961a9b5a78bb53,20000,43073998,15056,4944,0.2472,0.6772994696243427,26597.85650671275,78149.0,0.9970480101149791,0.7775498265797739,6235,0,5902
4f24351ed0509dca,comments0720-fixed-arm-discovery,turnover-n06-p030-j40-l400,pretrain_arm,9127,,19,6,6,poisson,,0.0,40,400,4f24351ed0509dca99db0e052bdef05dbfd6ee179ea81cafe13eb71cfe92516a,20000,166207861,15508,4492,0.2246,0.18095286118867748,124444.39848993288,112188.0,0.850568675828225,0.5462318456723008,3575,0,3399
4f2f8c56edb36c9e,comments0720-fixed-arm-discovery,turnover-n04-p030-j40-l400,pretrain_arm,9113,,18,4,4,poisson,,0.0,40,400,4f2f8c56edb36c9e9a67c0865b6cfd52d9ffc12c71734373e87deeafe0cda085,20000,195182244,15836,4164,0.2082,0.15730962699660322,95295.24286075309,108158.0,0.9039092960903771,0.5629176410289934,2928,0,2856
4f431bfd73ee7572,comments0720-fixed-arm-discovery,poisson-n06-p015,pretrain_arm,9103,,10,6,6,poisson,,0.0,,,4f431bfd73ee7572ab38cbf3a60dba4d8e581d034123e933f6f8ea660b16ffc6,20000,77601082,13990,6010,0.3005,0.3494841734294375,64471.935970811275,196376.0,0.9976935455929756,0.5763502396741378,7475,0,6492
4facb5f348b0eeda,comments0720-fixed-arm-discovery,poisson-n03-p045,pretrain_arm,9113,,2,3,3,poisson,,0.0,,,4facb5f348b0eeda9f13b0ae007f48fcbff1f423e696d3274f4e0e3b4c2b3a69,20000,56021303,15185,4815,0.24075,0.5252642374276799,20126.455958890572,64137.0,0.9988374776516517,0.7384217383597772,3745,0,3680
50275632cc563ae8,comments0720-fixed-arm-discovery,poisson-n03-p045,pretrain_arm,9103,,21,3,3,poisson,,0.0,,,50275632cc563ae8bf005edf093aa89943239b5dc8408624cf16697d775918e4,20000,52489482,14124,5876,0.2938,0.5216900597342531,20280.353661991783,64158.0,0.9987128103193055,0.723912290017853,3745,0,3701
504e07d2251dd6f6,comments0720-fixed-arm-discovery,periodic-n06-p030-i030-d5000,pretrain_arm,9113,,0,6,6,poisson,30,0.0,,,504e07d2251dd6f663f3864d8ab4346d1cc00a1a70d8628f129875ad083928d7,20000,48052079,17446,2554,0.1277,0.703591222348569,31039.349087988987,56049.0,0.997861459422734,0.8311932272571009,7476,0,7364
50c4d7796f5c49d3,comments0720-fixed-arm-discovery,poisson-n03-p015,pretrain_arm,9113,,18,3,3,poisson,,0.0,,,50c4d7796f5c49d3eda84c9ba0b4db70b0350b9dc5d6af7b93710bb74e52001c,20000,181331950,16393,3607,0.18035,0.1751480365153521,64353.76072496491,198212.0,0.9988884270962677,0.5474499878705399,3743,0,3696
51262c59b42ad7c5,comments0720-fixed-arm-discovery,saturated-n06,pretrain_arm,9113,,9,6,6,saturated,,0.0,,,51262c59b42ad7c577bd4de2757c588439634a7fc5153a8f824841f14b69c988,20000,40036657,19982,18,0.0009,0.9670903092633334,22033.52643965949,22022.0,0.9989468965753899,0.9737727352795744,7479,0,7467
51313d97f674891e,comments0720-fixed-arm-discovery,periodic-n04-p030-i100-d2000,pretrain_arm,9113,,0,4,4,poisson,100,0.0,,,51313d97f674891e505b90afe015ca714189f5f356b3d9fb214d0647acf44a2d,20000,61352033,14711,5289,0.26445,0.4645142566017331,31350.68938311909,98211.0,0.9992113004916643,0.6896553523644657,4993,0,4793
51b27421c92811cb,comments0720-fixed-arm-discovery,turnover-n04-p030-j40-l400,pretrain_arm,9113,,6,4,4,poisson,,0.0,40,400,51b27421c92811cbc2374b8251a04cc664b2429300119e5ed43bd42500dc8234,20000,194573290,15793,4207,0.21035,0.15735862306691736,95267.52442191954,110066.0,0.9038682308809586,0.561110784649292,2928,0,2845
523fe2a25e1857f3,comments0720-fixed-arm-discovery,turnover-n06-p030-j40-l400,pretrain_arm,9103,,16,6,6,poisson,,0.0,40,400,523fe2a25e1857f3710e94e96481d2015cfb7a3afe7a6d032ca9f8e9833dec96,20000,169127708,16557,3443,0.17215,0.18982507585333092,118207.55684496826,108268.0,0.8509605209822539,0.565045698945195,3575,0,3428
52f16b8e71043cdc,comments0720-fixed-arm-discovery,periodic-n06-p030-i030-d5000,pretrain_arm,9103,,3,6,6,poisson,30,0.0,,,52f16b8e71043cdc9df09f80b678640d055e85616d18f14195d1a1693b98b291,20000,48060336,17171,2829,0.14145,0.6922283481330634,31563.37030129961,58049.0,0.9988587575329053,0.8229672018886564,7478,0,7360
53088921802f6bbb,comments0720-fixed-arm-discovery,poisson-n06-p015,pretrain_arm,9103,,7,6,6,poisson,,0.0,,,53088921802f6bbbefaf7361c77435c9b4a3e6b4883a418c11e126c1244e76ab,20000,75562840,13629,6371,0.31855,0.34958695305787874,64442.415877212305,196494.0,0.9976357194825561,0.5717740575134783,7477,0,6462
532b6c8dbfc80928,comments0720-fixed-arm-discovery,turnover-n06-p030-j40-l400,pretrain_arm,9127,,14,6,6,poisson,,0.0,40,400,532b6c8dbfc8092872f96d84860e975c6845d801ac8d861add40d2b092b4b54e,20000,172857331,16447,3553,0.17765,0.1844355389242936,122043.91104350472,112227.0,0.8585996755299754,0.561781238151423,3575,0,3416
535ef009a485ad03,comments0720-fixed-arm-discovery,turnover-n04-p030-j40-l400,pretrain_arm,9113,,7,4,4,poisson,,0.0,40,400,535ef009a485ad0365b0cd1541b74e4fa04cde510452f9fc74559ae3ff1931df,20000,194573290,15793,4207,0.21035,0.15735862306691736,95267.52442191954,110066.0,0.9038682308809586,0.561110784649292,2928,0,2845
54cb7b52f90ee411,comments0720-fixed-arm-discovery,turnover-n06-p030-j40-l400,pretrain_arm,9103,,17,6,6,poisson,,0.0,40,400,54cb7b52f90ee411d84b6ede4c76f9eaa33e6a5e44fd68ecf25372ded8b07302,20000,169127708,16557,3443,0.17215,0.18982507585333092,118207.55684496826,108268.0,0.8509605209822539,0.565045698945195,3575,0,3428
54f7202079595276,comments0720-fixed-arm-discovery,poisson-n03-p015,pretrain_arm,9127,,20,3,3,poisson,,0.0,,,54f720207959527632be29b8d526a0a76e8d743af28d06c61a8bbc542e697145,20000,181265067,16367,3633,0.18165,0.174924807767842,64420.00684554734,196123.0,0.9991285322653253,0.5485232800110558,3746,0,3716
5537cd4b847fa885,comments0720-fixed-arm-discovery,poisson-n03-p045,pretrain_arm,9127,,23,3,3,poisson,,0.0,,,5537cd4b847fa8856b8dd0ff94014475ec58ae9e3e1fc13cff6a628ed4fa5a99,20000,52911631,14162,5838,0.2919,0.5186026112103783,20413.21764622775,64198.0,0.997973753849918,0.7230851216867654,3747,0,3687
5539e08028d54498,comments0720-fixed-arm-discovery,poisson-n03-p015,pretrain_arm,9103,,14,3,3,poisson,,0.0,,,5539e08028d54498def679144659726c41c5801ae907bf63a8c0dfe4fef0b08e,20000,192318700,17353,2647,0.13235,0.17484626819960825,64479.71153513576,200143.0,0.9985102139058983,0.5579359940351689,3744,0,3708
55a136e1f30a0353,comments0720-fixed-arm-discovery,turnover-n04-p030-j40-l400,pretrain_arm,9113,,13,4,4,poisson,,0.0,40,400,55a136e1f30a03537656ab97f3d3c9eebe60f2f5efc8d51f9552c5c32713e1c6,20000,199348756,16809,3191,0.15955,0.16350061396921886,91633.992857568,108188.0,0.9173932527762276,0.5816184555818156,2928,0,2870
55c71bcc36b74ea0,comments0720-fixed-arm-discovery,poisson-n06-p015,pretrain_arm,9127,,10,6,6,poisson,,0.0,,,55c71bcc36b74ea0d7422e708e0090f64d0ea53f0fcd8e7ca53612b9916f2a84,20000,78637527,14129,5871,0.29355,0.34806392118612783,64729.159948997665,194571.0,0.9989745129656223,0.5792446447172501,7481,0,6536
55f30cbb7a491ad1,comments0720-fixed-arm-discovery,turnover-n06-p030-j40-l400,pretrain_arm,9127,,21,6,6,poisson,,0.0,40,400,55f30cbb7a491ad10d4d1c1e8ba38fbac939c40e74d85787aea6826b992548bd,20000,166939141,15556,4444,0.2222,0.18070199606454188,124649.67460113227,114011.0,0.8474854646201347,0.5445051535615589,3574,0,3403
5619cfaf1765d27a,comments0720-fixed-arm-discovery,periodic-n04-p030-i100-d2000,pretrain_arm,9103,,7,4,4,poisson,100,0.0,,,5619cfaf1765d27a74b28d068b2054c4e3136364471fc85f571cbc33195b8561,20000,55882299,13472,6528,0.3264,0.46717476673606434,31150.25816993464,98188.0,0.9988015223422244,0.6749334296927629,4991,0,4768
5678a09a80a710d4,comments0720-fixed-arm-discovery,saturated-n03,pretrain_arm,9113,,16,3,3,saturated,,0.0,,,5678a09a80a710d4c9a671034a80f6734c629e68c46de584561ee27dc7341980,20000,40053334,19996,4,0.0002,0.9674024139913047,10017.903051525764,10016.0,0.998969636304257,0.9820633500985205,3744,0,3738
569806be088e033d,comments0720-fixed-arm-discovery,poisson-n03-p045,pretrain_arm,9127,,22,3,3,poisson,,0.0,,,569806be088e033dab5da096aef03026c42e08e55b4913a6bdec5d3e2d0fdd88,20000,52911631,14162,5838,0.2919,0.5186026112103783,20413.21764622775,64198.0,0.997973753849918,0.7230851216867654,3747,0,3687
56d3203aeed28b8a,comments0720-fixed-arm-discovery,poisson-n04-p025,pretrain_arm,9103,,5,4,4,poisson,,0.0,,,56d3203aeed28b8ace6ce63ebae071885291ed63e12c16c23a613545e1049376,20000,78008996,15503,4497,0.22485,0.38509386789185185,38241.82562116812,118196.0,0.9989772677376255,0.6596805452098259,4992,0,4827
57143d62b39b9830,comments0720-fixed-arm-discovery,turnover-n04-p030-j40-l400,pretrain_arm,9127,,16,4,4,poisson,,0.0,40,400,57143d62b39b9830dd30b689e45c0103c72ac03f530224d3b1a7fbc2d09367c8,20000,198525855,16945,3055,0.15275,0.16548205270290864,90572.23735018008,108011.0,0.9183930155749304,0.5844301894259464,2930,0,2875
5722586da71095d8,comments0720-fixed-arm-discovery,turnover-n04-p030-j40-l400,pretrain_arm,9103,,8,4,4,poisson,,0.0,40,400,5722586da71095d851a82b3f4733d657d6b9cd9e50d99f134ea3bc1fed52e75a,20000,193038728,15891,4109,0.20545,0.159527196014263,93823.76937606245,110044.0,0.912515211417596,0.5659556358106197,2932,0,2863
57c0adeea83c4f38,comments0720-fixed-arm-discovery,periodic-n04-p030-i100-d2000,pretrain_arm,9113,,6,4,4,poisson,100,0.0,,,57c0adeea83c4f3826bf315da9ef6ef3227bde329bcd247b914d66f11d6ab1fa,20000,56229275,13483,6517,0.32585,0.46441418638244936,31348.499369202225,98225.0,0.9991669535174493,0.6742478799666329,4993,0,4756
581fdf5821cce180,comments0720-fixed-arm-discovery,saturated-n03,pretrain_arm,9103,,15,3,3,saturated,,0.0,,,581fdf5821cce18044a1a81c2d0060639ad961e9f748e9cf65e9e88592b6cd32,20000,40053330,19995,5,0.00025,0.9673491317700675,10017.201760968534,10016.0,0.9989793094683057,0.9820363137461244,3745,0,3739
58552d2944a7c3b5,comments0720-fixed-arm-discovery,poisson-n03-p015,pretrain_arm,9127,,18,3,3,poisson,,0.0,,,58552d2944a7c3b5be5a6216283b8df08094910f53a194f6ef166a548cbefdb9,20000,181415785,16371,3629,0.18145,0.17487000924423418,64453.78246257256,196161.0,0.9991638340735326,0.548541447772589,3746,0,3713
586f391319ca7fff,comments0720-fixed-arm-discovery,poisson-n06-p045,pretrain_arm,9103,,17,6,6,poisson,,0.0,,,586f391319ca7fff2f090db7770025fb26eb2389ae0e30b3b3728dd77721af0f,20000,40046894,19896,104,0.0052,0.9626723111160631,22145.141319653994,22022.0,0.9989404694160937,0.9712229268440523,7482,0,7470
5893d7836af242dc,comments0720-fixed-arm-discovery,turnover-n06-p030-j40-l400,pretrain_arm,9103,,9,6,6,poisson,,0.0,40,400,5893d7836af242dca184fb1b42aa9d98ca376701be0421d89105a34b8d7dccf5,20000,161964609,15549,4451,0.22255,0.18613227411921823,120518.71828538328,110203.0,0.8388883607885863,0.5459007116359348,3575,0,3416
58e643c79e8bc438,comments0720-fixed-arm-discovery,turnover-n06-p030-j40-l400,pretrain_arm,9127,,22,6,6,poisson,,0.0,40,400,58e643c79e8bc4381d2e193223229debd319e617aa0c681774a812a2faf20529,20000,167156347,15656,4344,0.2172,0.18162407557279295,123949.05644336487,112267.0,0.8517018159205956,0.5486306304977961,3577,0,3397
58ff2e1e27404d40,comments0720-fixed-arm-discovery,periodic-n04-p030-i100-d2000,pretrain_arm,9127,,23,4,4,poisson,100,0.0,,,58ff2e1e27404d405c73f4e99237e01930c28c6880b9e4d78e1db9deafd5217c,20000,57247533,13821,6179,0.30895,0.46760987936370985,31129.906320133206,98192.0,0.9977118559577302,0.67907507844048,4990,0,4781
5946d8831a547282,comments0720-fixed-arm-discovery,poisson-n06-p015,pretrain_arm,9103,,3,6,6,poisson,,0.0,,,5946d8831a547282a134ddc36192fe979a06d11a71be785211be70065966b044,20000,85669597,15388,4612,0.2306,0.34820432270738944,64760.16603798127,198319.0,0.9976314567300569,0.5920825931458155,7475,0,6669
5976651b2cc49981,comments0720-fixed-arm-discovery,poisson-n03-p045,pretrain_arm,9113,,1,3,3,poisson,,0.0,,,5976651b2cc499818e61ee0f02dc4a6dd09c08022a3fc7df3e27edb82d724911,20000,55517843,15072,4928,0.2464,0.526162408723264,20086.583565644498,64134.0,0.9988009177789029,0.7372984421673889,3745,0,3692
5978494069c7d849,comments0720-fixed-arm-discovery,poisson-n06-p015,pretrain_arm,9113,,3,6,6,poisson,,0.0,,,5978494069c7d849ac14a4508bc0a814bc1ecd875895c0b6d5d7f3143eaedbd1,20000,85812727,15419,4581,0.22905,0.34820441028520166,64728.46589212696,196359.0,0.9981754439512415,0.5939581180788144,7477,0,6639
59a9ded0af66c214,comments0720-fixed-arm-discovery,poisson-n05-p035,pretrain_arm,9127,,12,5,5,poisson,,0.0,,,59a9ded0af66c214460fcebc546316aa5e5e329e72b2aa2c8b2cab6998d8a40d,20000,42736479,15057,4943,0.24715,0.6825664790962307,26374.03628630292,80110.0,0.99859285205873,0.7785256103849869,6240,0,5901
5a37515ed1ae97d2,comments0720-fixed-arm-discovery,poisson-n06-p015,pretrain_arm,9127,,20,6,6,poisson,,0.0,,,5a37515ed1ae97d21936c47388e504a823590eb321dc51afb54bbef280a6594a,20000,77844193,13972,6028,0.3014,0.34770191528608946,64760.661246418334,194494.0,0.9988806363963018,0.5771815172274637,7481,0,6478
5a8a5050673ce9c7,comments0720-fixed-arm-discovery,poisson-n03-p045,pretrain_arm,9103,,7,3,3,poisson,,0.0,,,5a8a5050673ce9c7dc70428a7d93d745dfdb154c72bebd31bfd658f1dd7c8735,20000,51625510,13901,6099,0.30495,0.5216793209403645,20275.96653472472,64177.0,0.998799955421448,0.7211375921206042,3745,0,3689
5abf3d01cc602423,comments0720-fixed-arm-discovery,poisson-n03-p045,pretrain_arm,9127,,7,3,3,poisson,,0.0,,,5abf3d01cc602423fdb17e909847ef036f9928a081fec52469ddfc15992b8704,20000,51880773,13877,6123,0.30615,0.5184574254512361,20425.361545670825,64174.0,0.9977926660641778,0.7194298638384713,3746,0,3690
5bb61a875050c70c,comments0720-fixed-arm-discovery,periodic-n04-p030-i100-d2000,pretrain_arm,9127,,4,4,4,poisson,100,0.0,,,5bb61a875050c70caa1f36c449871a32161e0fe6d0b0ec8b758965248bc79777,20000,62369581,15091,4909,0.24545,0.4689366920710915,31052.8361731751,96219.0,0.998012438825354,0.6968078769654817,4990,0,4826
5bcf090946dba30b,comments0720-fixed-arm-discovery,turnover-n06-p030-j40-l400,pretrain_arm,9113,,6,6,6,poisson,,0.0,40,400,5bcf090946dba30b078999ab0daaed9821a52fcd0b037bf1920fe2ca3e98de9b,20000,157340695,15229,4771,0.23855,0.18756893758477425,119628.3672208714,110163.0,0.8365108674818631,0.5416137683555458,3572,0,3415
5be5dfcef9bb9efb,comments0720-fixed-arm-discovery,poisson-n05-p035,pretrain_arm,9103,,23,5,5,poisson,,0.0,,,5be5dfcef9bb9efb92896a2765ade3134fe33c41c2192fae7f805e61b16d3ca2,20000,42161676,14577,5423,0.27115,0.6699156836175109,26897.456030754445,82124.0,0.998068691211993,0.7667912916098346,6232,0,5863
5be63d5bb4b50f31,comments0720-fixed-arm-discovery,poisson-n05-p035,pretrain_arm,9127,,3,5,5,poisson,,0.0,,,5be63d5bb4b50f319a40bf09b140007565f9268fd39d7d48568f9830f01aa983,20000,43193120,15210,4790,0.2395,0.6823305193049264,26379.34144736842,80117.0,0.9985898509395162,0.7803537900814809,6240,0,5912
5bef4d845fccb476,comments0720-fixed-arm-discovery,saturated-n06,pretrain_arm,9103,,4,6,6,saturated,,0.0,,,5bef4d845fccb4766dd96dd6633f60e121e9460f31071c89de3ab5232693d5c9,20000,40036650,19989,11,0.00055,0.9674508731374878,22026.104169795264,22022.0,0.9989652444108643,0.973986539182784,7477,0,7465
5bfc5a07c88d61e0,comments0720-fixed-arm-discovery,poisson-n06-p045,pretrain_arm,9103,,0,6,6,poisson,,0.0,,,5bfc5a07c88d61e0637974119630d05ba48aa28b176ae17ad315c9e6171642eb,20000,40046881,19894,106,0.0053,0.9625489186036735,22147.56176441002,22022.0,0.9989673652202201,0.9711657612746313,7482,0,7469
5c3c1bc6767969dc,comments0720-fixed-arm-discovery,poisson-n04-p025,pretrain_arm,9127,,18,4,4,poisson,,0.0,,,5c3c1bc6767969dc9222a9f0e1836de3f63c5b18162043e079d8d3c3fe3a347e,20000,70085824,13872,6128,0.3064,0.3836236840134747,38401.73593479515,118281.0,0.9989037356405346,0.6387218065513364,4990,0,4771
5c8bc03c9032df83,comments0720-fixed-arm-discovery,poisson-n04-p025,pretrain_arm,9113,,15,4,4,poisson,,0.0,,,5c8bc03c9032df83f97722c175e190cbb1b9ada74b3482825d599f8cbea1a25c,20000,76044048,15311,4689,0.23445,0.39017682225438605,37715.70959942495,116202.0,0.9986228317623443,0.6601860513389102,4987,0,4805
5d0dbf2b2db1fb3b,comments0720-fixed-arm-discovery,saturated-n03,pretrain_arm,9103,,10,3,3,saturated,,0.0,,,5d0dbf2b2db1fb3b949512cfa427d1eadd1c76b8026a55d5b91647a4c57c9cfb,20000,40053330,19995,5,0.00025,0.9673491317700675,10017.201760968534,10016.0,0.9989793094683057,0.9820363137461244,3745,0,3739
5d61646a30725304,comments0720-fixed-arm-discovery,poisson-n06-p045,pretrain_arm,9127,,1,6,6,poisson,,0.0,,,5d61646a307253043eb1f15eecd0e35a01cc6a4cc57860a8d5fa7bfb6e143f3b,20000,40050823,19894,106,0.0053,0.9624761019267943,22142.291771451564,22022.0,0.9990116750802094,0.9711562590023345,7477,0,7464
5d9f61f0f008fef4,comments0720-fixed-arm-discovery,poisson-n03-p015,pretrain_arm,9127,,9,3,3,poisson,,0.0,,,5d9f61f0f008fef449a1b1b720e2f619900917c17ebd51d1f9b451a5069b0c79,20000,183096521,16513,3487,0.17435,0.17472510032017485,64491.458835645484,196154.0,0.9991226248354127,0.5502590750518626,3746,0,3716
5dbb31971b624582,comments0720-fixed-arm-discovery,periodic-n04-p030-i100-d2000,pretrain_arm,9103,,4,4,4,poisson,100,0.0,,,5dbb31971b624582d6f2aa01edc3b4a93233f9120adbcf37f5177b0177a3bf41,20000,62778808,15087,4913,0.24565,0.46568995065978314,31264.884475097817,98199.0,0.9982777967970771,0.6944440824856202,4991,0,4836
5de308384721f9e4,comments0720-fixed-arm-discovery,poisson-n06-p015,pretrain_arm,9103,,17,6,6,poisson,,0.0,,,5de308384721f9e4f5bf1155f093b93da6a20ea5b966e2ae02144965903c7d3e,20000,86352289,15502,4498,0.2249,0.3480136004269673,64798.75171078115,198342.0,0.9977047590868281,0.5934531198379318,7475,0,6671
5e09a89cf6c41bb8,comments0720-fixed-arm-discovery,poisson-n05-p035,pretrain_arm,9127,,4,5,5,poisson,,0.0,,,5e09a89cf6c41bb85adc75820621f1bc85832f64fb22663963cf389633c14804,20000,43352424,15273,4727,0.23635,0.682454641982649,26380.623206446962,80144.0,0.9985752953824154,0.7811598124550216,6240,0,5898
5ecc7b9393255458,comments0720-fixed-arm-discovery,poisson-n05-p035,pretrain_arm,9113,,3,5,5,poisson,,0.0,,,5ecc7b9393255458d85fa7db33dd7c59f3d7fa846b19e63aaccba8fa0841ccc0,20000,43285511,15137,4863,0.24315,0.6778113812725926,26582.415019501554,78183.0,0.9971536021800098,0.7787454944842008,6235,0,5913
5eec815dab25efd5,comments0720-fixed-arm-discovery,periodic-n06-p030-i030-d5000,pretrain_arm,9113,,21,6,6,poisson,30,0.0,,,5eec815dab25efd568ffa4d824b1247b585578052ce287f2d27ee53deabf8e8d,20000,48053565,17364,2636,0.1318,0.7002211386397659,31196.97060857538,71061.0,0.9980879144131405,0.8191123510176355,7472,0,7347
5ef5ae4042b12b29,comments0720-fixed-arm-discovery,poisson-n06-p045,pretrain_arm,9113,,0,6,6,poisson,,0.0,,,5ef5ae4042b12b29e48b822b52abd23b00bfda230f8fe602374b9f525b7bd271,20000,40044918,19792,208,0.0104,0.957766326303877,22269.57477249747,22022.0,0.9989336521790193,0.9682853261609654,7478,0,7460
5f484cd92cec57dc,comments0720-fixed-arm-discovery,turnover-n06-p030-j40-l400,pretrain_arm,9103,,5,6,6,poisson,,0.0,40,400,5f484cd92cec57dcaa299002703b2e9b0a073e78ac1c88c5bbb951a354891b51,20000,168165088,16584,3416,0.1708,0.19116982830586096,117333.52468018344,110044.0,0.8544270413365024,0.5658029565474544,3575,0,3441
603c6f7d596a744a,comments0720-fixed-arm-discovery,saturated-n03,pretrain_arm,9127,,1,3,3,saturated,,0.0,,,603c6f7d596a744a4f42b5a3ed92a5bf9b399f6354e8f235045d70dc0a160cd7,20000,40053326,20000,0,0.0,0.9675915303513122,10015.998499549865,10016.0,0.9989760822616338,0.9821785375376487,3744,0,3738
6068c50a4fb78e7b,comments0720-fixed-arm-discovery,saturated-n03,pretrain_arm,9103,,3,3,3,saturated,,0.0,,,6068c50a4fb78e7b5a093eada318ae212ab9f8f3e5e9224e3cd556431cfdfc87,20000,40053330,19995,5,0.00025,0.9673491317700675,10017.201760968534,10016.0,0.9989793094683057,0.9820363137461244,3745,0,3739
606922865a6f0774,comments0720-fixed-arm-discovery,saturated-n06,pretrain_arm,9113,,15,6,6,saturated,,0.0,,,606922865a6f077425f6ef685f3a58b6be9540e5fba48ac3be888c9264806dd2,20000,40036655,19977,23,0.00115,0.9668014473237088,22039.544452792386,22022.0,0.9989397952422566,0.9736115808553218,7479,0,7467
60c625e61bc22395,comments0720-fixed-arm-discovery,periodic-n04-p030-i100-d2000,pretrain_arm,9113,,7,4,4,poisson,100,0.0,,,60c625e61bc22395d7372fddb8eda0fb00711f4f7e2d7fa34f85837024562cb0,20000,56229275,13483,6517,0.32585,0.46441418638244936,31348.499369202225,98225.0,0.9991669535174493,0.6742478799666329,4993,0,4756
6124f33bbb5df060,comments0720-fixed-arm-discovery,poisson-n03-p015,pretrain_arm,9113,,19,3,3,poisson,,0.0,,,6124f33bbb5df060246c46f99a498879ea08c1a169e3aaa9df060916465d4e9e,20000,181331950,16393,3607,0.18035,0.1751480365153521,64353.76072496491,198212.0,0.9988884270962677,0.5474499878705399,3743,0,3696
616dd704fb266489,comments0720-fixed-arm-discovery,poisson-n03-p015,pretrain_arm,9113,,17,3,3,poisson,,0.0,,,616dd704fb2664892320eb05842ab4fa5775ccd5483b96309db823236d675a4b,20000,194313448,17561,2439,0.12195,0.17505712214010016,64378.02227285674,198130.0,0.9989142323822047,0.5620829515074349,3743,0,3711
617f070ca5fa8e0e,comments0720-fixed-arm-discovery,poisson-n06-p045,pretrain_arm,9127,,10,6,6,poisson,,0.0,,,617f070ca5fa8e0e726370a23a9fcee7af3873c7ce05672835450fead06e7e8d,20000,40050840,19915,85,0.00425,0.9635606643955532,22116.829422700095,22022.0,0.9989526211416008,0.9717605951790513,7476,0,7462
61f6536448fc9ecb,comments0720-fixed-arm-discovery,saturated-n06,pretrain_arm,9127,,1,6,6,saturated,,0.0,,,61f6536448fc9ecbd51e7581c2befec06e469da560eac573f6adfc23006cc803,20000,40036661,19982,18,0.0009,0.9670565185243595,22037.136654982474,22022.0,0.9989312789700068,0.9737562658314554,7477,0,7465
6219beb2d4d391d4,comments0720-fixed-arm-discovery,turnover-n06-p030-j40-l400,pretrain_arm,9103,,11,6,6,poisson,,0.0,40,400,6219beb2d4d391d4880dec1a9769f3480f3a994d595b934cd5740fafe63a720b,20000,161889126,15398,4602,0.2301,0.1843746688705948,121661.29123878852,110258.0,0.839821828864833,0.5437018325784759,3573,0,3420
622e6fa5eeb72288,comments0720-fixed-arm-discovery,saturated-n03,pretrain_arm,9103,,16,3,3,saturated,,0.0,,,622e6fa5eeb722885dd7ed6b3d58b49c518818ad62a6559ba5c4351dfce0bf02,20000,40053330,19995,5,0.00025,0.9673491317700675,10017.201760968534,10016.0,0.9989793094683057,0.9820363137461244,3745,0,3739
6238f314e26eec42,comments0720-fixed-arm-discovery,poisson-n06-p045,pretrain_arm,9127,,22,6,6,poisson,,0.0,,,6238f314e26eec429f493ca89e185a6d493f1d19d21f758e94cc1adb292af20a,20000,40050840,19915,85,0.00425,0.9635606643955532,22116.829422700095,22022.0,0.9989526211416008,0.9717605951790513,7476,0,7462
6287d23057fa7498,comments0720-fixed-arm-discovery,periodic-n06-p030-i030-d5000,pretrain_arm,9103,,8,6,6,poisson,30,0.0,,,6287d23057fa7498d4c34f2c6e7a8e06ef4dab6d8246a4205322c7732a19cc0b,20000,48061707,17220,2780,0.139,0.6939640325300972,31465.20821710832,71062.0,0.9988969883024871,0.8154956736108614,7477,0,7343
6330fa2162e57169,comments0720-fixed-arm-discovery,poisson-n03-p015,pretrain_arm,9103,,5,3,3,poisson,,0.0,,,6330fa2162e57169bf2f91b8526bb7256d7989a9551eb03ca8fd0e569e358a21,20000,193396103,17455,2545,0.12725,0.17490507551747306,64461.4563012207,200143.0,0.9985736397911392,0.559251738436204,3744,0,3711
633673846d2858a7,comments0720-fixed-arm-discovery,poisson-n06-p015,pretrain_arm,9113,,12,6,6,poisson,,0.0,,,633673846d2858a743ddb7f6fbd6ac345884ad72efc22dec36398fde53010734,20000,84944241,15244,4756,0.2378,0.34781767018201976,64794.59197741596,196343.0,0.9981380153203668,0.5916398951674622,7477,0,6658
633bd337340ab0a1,comments0720-fixed-arm-discovery,saturated-n03,pretrain_arm,9127,,23,3,3,saturated,,0.0,,,633bd337340ab0a1488d008ea4312d844ca35c197acb288e75f488e3c0f97e68,20000,40053326,20000,0,0.0,0.9675915303513122,10015.998499549865,10016.0,0.9989760822616338,0.9821785375376487,3744,0,3738
633cbd60874ceca7,comments0720-fixed-arm-discovery,saturated-n06,pretrain_arm,9127,,11,6,6,saturated,,0.0,,,633cbd60874ceca77cad05d17c847da499c79267cb05a4d16df41fd1892cfb99,20000,40036661,19982,18,0.0009,0.9670565185243595,22037.136654982474,22022.0,0.9989312789700068,0.9737562658314554,7477,0,7465
63d01e9277805bdd,comments0720-fixed-arm-discovery,poisson-n03-p015,pretrain_arm,9113,,15,3,3,poisson,,0.0,,,63d01e9277805bddc68bd701561b706cc8c845b7f10d520c2a800f73b4f4619c,20000,193341984,17471,2529,0.12645,0.17506163069062122,64385.764958488406,198146.0,0.9989442115018139,0.5609587807308117,3743,0,3703
63d3a5bf7f93b465,comments0720-fixed-arm-discovery,poisson-n03-p045,pretrain_arm,9113,,15,3,3,poisson,,0.0,,,63d3a5bf7f93b4651ad8035de5f3b7457b1215aa5ae9276b877086ec5e97529c,20000,56056846,15200,4800,0.24,0.5252762169316483,20119.692444385943,64129.0,0.9988380135011677,0.7386187434776055,3745,0,3684
640c51cee4e978ed,comments0720-fixed-arm-discovery,turnover-n04-p030-j40-l400,pretrain_arm,9113,,19,4,4,poisson,,0.0,40,400,640c51cee4e978ed435f77bf779b4e5688560280095ff9168a816d3aa615aca8,20000,195182244,15836,4164,0.2082,0.15730962699660322,95295.24286075309,108158.0,0.9039092960903771,0.5629176410289934,2928,0,2856
641ce7c4c848a8ff,comments0720-fixed-arm-discovery,saturated-n06,pretrain_arm,9113,,10,6,6,saturated,,0.0,,,641ce7c4c848a8ff655a847885b606158ef1fe30aed56473acb33f377dffe951,20000,40036657,19982,18,0.0009,0.9670903092633334,22033.52643965949,22022.0,0.9989468965753899,0.9737727352795744,7479,0,7467
649b8d885668f761,comments0720-fixed-arm-discovery,poisson-n03-p045,pretrain_arm,9127,,9,3,3,poisson,,0.0,,,649b8d885668f761de09d6f80a1098a87af535fc59167ca05fcb624cf57ed025,20000,52356012,14006,5994,0.2997,0.5184858999573917,20419.537571428573,64180.0,0.9978375476580794,0.7210628158718236,3746,0,3687
64c5a5fe85aea689,comments0720-fixed-arm-discovery,saturated-n03,pretrain_arm,9113,,19,3,3,saturated,,0.0,,,64c5a5fe85aea689cbb2bf398579e6e6a8516fb6c67ff6b63a7b7a9bb0907f3b,20000,40053334,19996,4,0.0002,0.9674024139913047,10017.903051525764,10016.0,0.998969636304257,0.9820633500985205,3744,0,3738
64e410d0a31dd987,comments0720-fixed-arm-discovery,poisson-n06-p015,pretrain_arm,9127,,15,6,6,poisson,,0.0,,,64e410d0a31dd987ada1e0e00d7f8213306478e4c6ee20f814f9eb6c44664cd6,20000,86408905,15464,4536,0.2268,0.34670418517628476,65004.553455863315,196368.0,0.9989226495728073,0.5942636115830308,7481,0,6653
64e5cb29027f7a1b,comments0720-fixed-arm-discovery,saturated-n03,pretrain_arm,9113,,8,3,3,saturated,,0.0,,,64e5cb29027f7a1b30217e52b5182e00b8d90fcf0dcb36bcb9ec88d78533a96a,20000,40053334,19996,4,0.0002,0.9674024139913047,10017.903051525764,10016.0,0.998969636304257,0.9820633500985205,3744,0,3738
6529c154594e2156,comments0720-fixed-arm-discovery,poisson-n04-p025,pretrain_arm,9103,,18,4,4,poisson,,0.0,,,6529c154594e2156df81f85c24bf2b11f561fe54347e99c2218dc6b28a6f0f8b,20000,70034790,13936,6064,0.3032,0.3854192751916583,38172.68717690982,116282.0,0.9992674789263373,0.6415742513726652,4992,0,4760
652c427752bc68db,comments0720-fixed-arm-discovery,periodic-n04-p030-i100-d2000,pretrain_arm,9113,,22,4,4,poisson,100,0.0,,,652c427752bc68dbb2c53398fc515a35fbb2e235da88fa028faa8c1f59739eea,20000,58089995,13877,6123,0.30615,0.46262267710644495,31472.96856298219,98257.0,0.9992134801980842,0.6785698857681763,4993,0,4763
654cd5cba44a2da5,comments0720-fixed-arm-discovery,poisson-n04-p025,pretrain_arm,9103,,22,4,4,poisson,,0.0,,,654cd5cba44a2da5b6613d5a47a0e1b76c9e2d9505d7a802c4174f207b3b8d69,20000,71399717,14229,5771,0.28855,0.3859944150759029,38123.379157583855,116237.0,0.9992137960231127,0.6454405703663385,4992,0,4769
6597511dec7f3f24,comments0720-fixed-arm-discovery,turnover-n06-p030-j40-l400,pretrain_arm,9103,,1,6,6,poisson,,0.0,40,400,6597511dec7f3f240cf26bb2db7770b1e2726bd8af645f2466aaddb1f1dccacd,20000,166883986,16307,3693,0.18465,0.1893728137581757,118397.57839828168,110088.0,0.8505179353587594,0.5604090830389784,3575,0,3426
65c8f3d824607703,comments0720-fixed-arm-discovery,poisson-n03-p045,pretrain_arm,9113,,10,3,3,poisson,,0.0,,,65c8f3d8246077032b89fc8c5fce73e0361cb5f5bd2c1b9d3f0835bea6826b74,20000,52855298,14316,5684,0.2842,0.5248415589294378,20145.02746331237,64182.0,0.998848132582408,0.7273918971706153,3745,0,3675
65d3afb9505c9c23,comments0720-fixed-arm-discovery,poisson-n06-p015,pretrain_arm,9113,,8,6,6,poisson,,0.0,,,65d3afb9505c9c239585db4b3129c8ba7b51cff8e76a4990e5014abc1ce2c4e1,20000,77693660,13904,6096,0.3048,0.3468494726596739,64999.78412035704,198349.0,0.9981881062800948,0.5732465263132562,7477,0,6505
65ec5bad73dc8998,comments0720-fixed-arm-discovery,turnover-n04-p030-j40-l400,pretrain_arm,9113,,21,4,4,poisson,,0.0,40,400,65ec5bad73dc899893dd4d3064c8c622edd2fcbaa2878bc24912c26d30282781,20000,196481779,16052,3948,0.1974,0.1583961228282649,94628.61106955871,108119.0,0.9063438409232318,0.5668173212504989,2928,0,2875
666d0fb55f0bb3c9,comments0720-fixed-arm-discovery,poisson-n03-p045,pretrain_arm,9103,,16,3,3,poisson,,0.0,,,666d0fb55f0bb3c9a213a5cc8bc934e16845c4cea5f17f70b1f688fc1ff08a1e,20000,56907424,15347,4653,0.23265,0.522672419682887,20240.266475457924,64152.0,0.9989337888265692,0.7396049028364854,3745,0,3704
6670841fbb7af88b,comments0720-fixed-arm-discovery,poisson-n06-p015,pretrain_arm,9127,,9,6,6,poisson,,0.0,,,6670841fbb7af88b28595f3f8ae4c8d0602d36159119214efc596a6b41acb9b3,20000,77845410,13975,6025,0.30125,0.347854150938379,64752.79402707155,194506.0,0.9988957865594011,0.57726681249926,7481,0,6502
66d0942425fca685,comments0720-fixed-arm-discovery,saturated-n03,pretrain_arm,9127,,9,3,3,saturated,,0.0,,,66d0942425fca685a5fd44f4ca48c3906e899cd7cba1c4566301b650251897f1,20000,40053326,20000,0,0.0,0.9675915303513122,10015.998499549865,10016.0,0.9989760822616338,0.9821785375376487,3744,0,3738
66d1800d8265133e,comments0720-fixed-arm-discovery,poisson-n03-p015,pretrain_arm,9113,,12,3,3,poisson,,0.0,,,66d1800d8265133ea674c7cfdd44d543e8528544c2f2ba5e969e30a3eb0b3771,20000,191529216,17312,2688,0.1344,0.17514405739540018,64367.89419854386,196261.0,0.9989691681454849,0.5602637418469617,3743,0,3709
67b63408089221b4,comments0720-fixed-arm-discovery,turnover-n06-p030-j40-l400,pretrain_arm,9113,,5,6,6,poisson,,0.0,40,400,67b63408089221b4811b92ce404e316f9226307f1610a08f01d1eb217e4f8608,20000,164364775,16604,3396,0.1698,0.19581869047063155,114573.31237945998,108226.0,0.8571350576685134,0.569717249379715,3575,0,3436
684221ee413c84f7,comments0720-fixed-arm-discovery,saturated-n06,pretrain_arm,9113,,0,6,6,saturated,,0.0,,,684221ee413c84f784ca0c4f749323d88cdc733264e1a9c3876031b59f5ab8b6,20000,40036655,19982,18,0.0009,0.9670460731547128,22033.52588883325,22022.0,0.9989435481877896,0.9737568737808341,7479,0,7467
688ce01cb1a2e1e3,comments0720-fixed-arm-discovery,periodic-n06-p030-i030-d5000,pretrain_arm,9103,,15,6,6,poisson,30,0.0,,,688ce01cb1a2e1e3b769f72a9c6d39cd8f94dce4c820aac6e208e57b97a3b43f,20000,48060187,17155,2845,0.14225,0.6915257320992113,31597.453012891558,58051.0,0.9987907422923163,0.8225089914638424,7478,0,7365
68a5cb8c6ba2fbf2,comments0720-fixed-arm-discovery,periodic-n04-p030-i100-d2000,pretrain_arm,9113,,10,4,4,poisson,100,0.0,,,68a5cb8c6ba2fbf2841e7a32f828c5c1749d51dcd24c51b2a6dbb87564cbf138,20000,57488661,13764,6236,0.3118,0.463849471115704,31399.396118057575,98243.0,0.9991709907877538,0.6775614873011526,4993,0,4768
68b81ba3e29be987,comments0720-fixed-arm-discovery,poisson-n03-p015,pretrain_arm,9103,,9,3,3,poisson,,0.0,,,68b81ba3e29be987fb452581afe284b078aca9a57e395aff7b28d393bb6f57f2,20000,180286529,16273,3727,0.18635,0.17490490928470867,64461.954263232314,200158.0,0.9984725923011157,0.5444330005286082,3744,0,3696
6985046859bee965,comments0720-fixed-arm-discovery,periodic-n06-p030-i030-d5000,pretrain_arm,9113,,15,6,6,poisson,30,0.0,,,6985046859bee96529f5e99d894d9f1bbdeb118784f8198b64af654bd9a8f4ca,20000,48071217,17377,2623,0.13115,0.7005412615203813,31181.780535560036,58045.0,0.9980898381172663,0.8280595332125492,7472,0,7369
69b3d52783368c8d,comments0720-fixed-arm-discovery,poisson-n06-p015,pretrain_arm,9113,,19,6,6,poisson,,0.0,,,69b3d52783368c8dd0fcf371aefc115214a9eded5da10305eb5d208695374ea7,20000,77425016,13862,6138,0.3069,0.3470291953184743,64953.55985559567,198292.0,0.9981907326880748,0.5728203093355163,7477,0,6428
6a6684fd67e1614d,comments0720-fixed-arm-discovery,saturated-n03,pretrain_arm,9113,,10,3,3,saturated,,0.0,,,6a6684fd67e1614d971783c1eea2e1da8b7f8fa6295d1cde30ced0cf267b8435,20000,40053334,19996,4,0.0002,0.9674024139913047,10017.903051525764,10016.0,0.998969636304257,0.9820633500985205,3744,0,3738
6ab37db97dda94b7,comments0720-fixed-arm-discovery,poisson-n03-p015,pretrain_arm,9127,,6,3,3,poisson,,0.0,,,6ab37db97dda94b7eb3cab18d93d3ec1fe2d49d59bfb2dafc93a6e142a50a44c,20000,178136494,16096,3904,0.1952,0.17503014289705288,64386.22548166563,196154.0,0.9991800137683132,0.5451673855551221,3746,0,3714
6aee2c6e95016525,comments0720-fixed-arm-discovery,poisson-n05-p035,pretrain_arm,9113,,2,5,5,poisson,,0.0,,,6aee2c6e950165253a3e466536b8df9f5b01edf4252fdcb9a09548e06a104ea5,20000,43285511,15137,4863,0.24315,0.6778113812725926,26582.415019501554,78183.0,0.9971536021800098,0.7787454944842008,6235,0,5913
6af7af3af88d4480,comments0720-fixed-arm-discovery,periodic-n06-p030-i030-d5000,pretrain_arm,9113,,10,6,6,poisson,30,0.0,,,6af7af3af88d4480c088b1e4405e1d6f919314668c1e90983c9507bcd1f71747,20000,48053670,17367,2633,0.13165,0.7005156942227305,31190.152520887354,71060.0,0.9979944911721979,0.8192175617983094,7475,0,7321
6bdd766ff240cdeb,comments0720-fixed-arm-discovery,poisson-n04-p025,pretrain_arm,9127,,12,4,4,poisson,,0.0,,,6bdd766ff240cdebe36183ba6f7d18970c04c417048ea9afa5552ec585c62c62,20000,75775444,15079,4921,0.24605,0.3855533066886418,38171.47229779046,118207.0,0.998813432798842,0.654471746495828,4990,0,4807
6c2729f2a485cb25,comments0720-fixed-arm-discovery,periodic-n06-p030-i030-d5000,pretrain_arm,9103,,10,6,6,poisson,30,0.0,,,6c2729f2a485cb25ad5d3658db3b9b3d6da6abd073d36684b60cd02d9138cdd0,20000,48075093,17248,2752,0.1376,0.694975192247678,31424.28730563936,72063.0,0.9989200809579598,0.815523091068546,7477,0,7344
6cb7456b0a86acb8,comments0720-fixed-arm-discovery,poisson-n06-p045,pretrain_arm,9113,,17,6,6,poisson,,0.0,,,6cb7456b0a86acb81722504285e9d6cb164d44f730509c1c2bab41b00f0755d4,20000,40044947,19779,221,0.01105,0.9571213566595556,22285.553902969597,22022.0,0.9988923436141753,0.9678940667579103,7480,0,7463
6ce8b4347cea942e,comments0720-fixed-arm-discovery,periodic-n06-p030-i030-d5000,pretrain_arm,9127,,23,6,6,poisson,30,0.0,,,6ce8b4347cea942e8ce60b2d55ba4cb8e6fc35e8daec640dde33643d2aaaa995,20000,48053811,17135,2865,0.14325,0.6911765229192748,31635.857852011915,73059.0,0.9976891057207988,0.8117700428800245,7480,0,7333
6d20b73897daa0b2,comments0720-fixed-arm-discovery,poisson-n03-p045,pretrain_arm,9113,,22,3,3,poisson,,0.0,,,6d20b73897daa0b26ac28957deaeeefca69f4b83793ff77a1a610ae70eaa2ecf,20000,52560948,14229,5771,0.28855,0.5245109544066823,20150.53258806159,64154.0,0.9988703486588508,0.7262202676885111,3745,0,3675
6e0ccde19574e724,comments0720-fixed-arm-discovery,turnover-n04-p030-j40-l400,pretrain_arm,9113,,20,4,4,poisson,,0.0,40,400,6e0ccde19574e7247c4c729b2a74ac347db1e00d09b90a5d95edb9af15292f04,20000,196481779,16052,3948,0.1974,0.1583961228282649,94628.61106955871,108119.0,0.9063438409232318,0.5668173212504989,2928,0,2875
6e12a1adb718cb39,comments0720-fixed-arm-discovery,poisson-n06-p045,pretrain_arm,9127,,17,6,6,poisson,,0.0,,,6e12a1adb718cb395c0fd0696aac5a345a047f436a5a0690a528e9e805b61401,20000,40050830,19911,89,0.00445,0.9632829831491632,22121.67028493894,22022.0,0.9989819075316382,0.9716277968936005,7476,0,7464
6e3029ec2f7fd057,comments0720-fixed-arm-discovery,turnover-n04-p030-j40-l400,pretrain_arm,9103,,19,4,4,poisson,,0.0,40,400,6e3029ec2f7fd057aa27a2e2ace49bdd8bd9bbf4721b57d74dbea08294134cec,20000,195302659,15964,4036,0.2018,0.15843353161924947,94525.58949611432,110022.0,0.9098288242506622,0.5656227852899706,2931,0,2860
6e649a01de45edcd,comments0720-fixed-arm-discovery,saturated-n06,pretrain_arm,9127,,16,6,6,saturated,,0.0,,,6e649a01de45edcd9f9653a2c62c169a6d551af5664ca6240f2f54a5e9e5d61b,20000,40036661,19982,18,0.0009,0.9670565185243595,22037.136654982474,22022.0,0.9989312789700068,0.9737562658314554,7477,0,7465
6efaa64ea7fbe69c,comments0720-fixed-arm-discovery,poisson-n04-p025,pretrain_arm,9103,,7,4,4,poisson,,0.0,,,6efaa64ea7fbe69cc0805c0c3804a05585926efab8b1eac36d0e51cc9c0ff6c0,20000,69439148,13814,6186,0.3093,0.3854368288044087,38203.408228306536,116302.0,0.9992220856695887,0.6400266381579992,4992,0,4759
6f13ef562f19b0b8,comments0720-fixed-arm-discovery,poisson-n03-p045,pretrain_arm,9113,,21,3,3,poisson,,0.0,,,6f13ef562f19b0b890d8635708491cbfda2ab23ba37249f25a1b2c302d7288ae,20000,51936373,14068,5932,0.2966,0.5248936039488163,20132.525956478454,64154.0,0.998956167839281,0.7243639239293658,3745,0,3686
6f33a70c46aad4c1,comments0720-fixed-arm-discovery,saturated-n06,pretrain_arm,9113,,17,6,6,saturated,,0.0,,,6f33a70c46aad4c1a36fcdad31f9f8474dea7337fe37859d0125cec9d0dbbe98,20000,40036656,19978,22,0.0011,0.9668901668510976,22038.341530602025,22022.0,0.9989457007680984,0.9736556225397319,7479,0,7467
6f7b7e10b2bec5c5,comments0720-fixed-arm-discovery,poisson-n03-p045,pretrain_arm,9103,,6,3,3,poisson,,0.0,,,6f7b7e10b2bec5c56c8eb9e1e4ef9be52bbb0bd03032dfc104d5b3ece328e4fe,20000,51625510,13901,6099,0.30495,0.5216793209403645,20275.96653472472,64177.0,0.998799955421448,0.7211375921206042,3745,0,3689
6f98c761feb4f253,comments0720-fixed-arm-discovery,poisson-n03-p015,pretrain_arm,9127,,11,3,3,poisson,,0.0,,,6f98c761feb4f2539333b4cbcf2979f9400ab0621f6c69f3791cbf6b351f601c,20000,184061332,16597,3403,0.17015,0.1746882881408247,64510.95172081249,196176.0,0.9991258769752203,0.5512832217053483,3746,0,3721
7046d3b2005ed45d,comments0720-fixed-arm-discovery,turnover-n04-p030-j40-l400,pretrain_arm,9113,,22,4,4,poisson,,0.0,40,400,7046d3b2005ed45d49871c4a9c9fbf406d59dbaa6fbd8ba220126f70501c22bd,20000,195579986,16026,3974,0.1987,0.15886245129396828,94349.3126482707,108274.0,0.9083471420280897,0.5672121977740193,2927,0,2866
704d11352b6b3a33,comments0720-fixed-arm-discovery,turnover-n04-p030-j40-l400,pretrain_arm,9113,,14,4,4,poisson,,0.0,40,400,704d11352b6b3a3317d9130c542308974f713715d4ac73cc6fe41277daf89f9d,20000,199931587,16992,3008,0.1504,0.1648252859614424,90921.45130711257,106208.0,0.9209295485262586,0.5868462781625671,2930,0,2879
705431e44d9aeabf,comments0720-fixed-arm-discovery,saturated-n06,pretrain_arm,9103,,17,6,6,saturated,,0.0,,,705431e44d9aeabfa077c16ccc4fefe9f0986d2a00e245cdbd694664ba52dfd8,20000,40036650,19989,11,0.00055,0.9674508731374878,22026.104169795264,22022.0,0.9989652444108643,0.973986539182784,7477,0,7465
706f502fde7c4a36,comments0720-fixed-arm-discovery,periodic-n04-p030-i100-d2000,pretrain_arm,9113,,2,4,4,poisson,100,0.0,,,706f502fde7c4a3611c95aa5ec351b234377579a598df14cc65bb66c97328a3f,20000,62400011,14956,5044,0.2522,0.4641500303581677,31358.09974578539,98216.0,0.9991580088601131,0.6925753464060938,4993,0,4801
70929f51c32d4884,comments0720-fixed-arm-discovery,turnover-n04-p030-j40-l400,pretrain_arm,9113,,0,4,4,poisson,,0.0,40,400,70929f51c32d48847df256ca781db12f13464a1d9e0b2bc790722ab9a9c1991e,20000,199729178,16786,3214,0.1607,0.16299123806537671,91967.62981285017,108121.0,0.9162493991249443,0.5808245457301071,2928,0,2873
70f52e9dfc938fd1,comments0720-fixed-arm-discovery,poisson-n06-p045,pretrain_arm,9113,,15,6,6,poisson,,0.0,,,70f52e9dfc938fd191c5983a44a56a8bf752d812ee8e195f3be020bbc6d2ba9a,20000,40044925,19782,218,0.0109,0.9572543586983868,22281.854628224584,22022.0,0.9989343881634459,0.967989915620611,7477,0,7462
710bd6132b69e393,comments0720-fixed-arm-discovery,poisson-n03-p045,pretrain_arm,9103,,15,3,3,poisson,,0.0,,,710bd6132b69e39366a047027c1d1e0c62a2187c96a56fecf725bc68efbdfa4b,20000,56539441,15228,4772,0.2386,0.5217959441799221,20268.824267507556,64123.0,0.9989881298466542,0.7378626913421922,3745,0,3701
7179a788b54c9a57,comments0720-fixed-arm-discovery,poisson-n06-p015,pretrain_arm,9127,,4,6,6,poisson,,0.0,,,7179a788b54c9a57703afbe8a111eec02e9e575de3548920e3b9b46febce00b9,20000,87103622,15593,4407,0.22035,0.3467573828330583,64973.047686284575,196295.0,0.998885459617156,0.5959301141500716,7481,0,6652
729298bc61f3c7d3,comments0720-fixed-arm-discovery,poisson-n06-p015,pretrain_arm,9113,,16,6,6,poisson,,0.0,,,729298bc61f3c7d3d5261e42081f08f6e277de15a2cd2f519cc19799e84b3d1f,20000,86425315,15525,4475,0.22375,0.34809384264321164,64743.92329014375,196416.0,0.9981482758919326,0.5951992061783814,7477,0,6666
72fdd4e6c1466a86,comments0720-fixed-arm-discovery,turnover-n04-p030-j40-l400,pretrain_arm,9103,,2,4,4,poisson,,0.0,40,400,72fdd4e6c1466a862adff98bbcbb8ac8b6a80149f51dbe1206cac3772d3340c0,20000,200089552,16921,3079,0.15395,0.16398016124300183,91264.18890794064,110011.0,0.9244261101207201,0.5843072571212407,2933,0,2871
73193dd3dced814d,comments0720-fixed-arm-discovery,poisson-n03-p045,pretrain_arm,9113,,0,3,3,poisson,,0.0,,,73193dd3dced814dbbb5954ccdafb157ea38758554ff1458fc06f6ac8fa8d418,20000,55517843,15072,4928,0.2464,0.526162408723264,20086.583565644498,64134.0,0.9988009177789029,0.7372984421673889,3745,0,3692
7322538eaad6732f,comments0720-fixed-arm-discovery,saturated-n06,pretrain_arm,9127,,14,6,6,saturated,,0.0,,,7322538eaad6732fe2ee2aee99ebb88faad9a3c21770cb5e507c0d650a10bb73,20000,40036661,19982,18,0.0009,0.9670565185243595,22037.136654982474,22022.0,0.9989312789700068,0.9737562658314554,7477,0,7465
740258ddc0739b14,comments0720-fixed-arm-discovery,saturated-n03,pretrain_arm,9103,,6,3,3,saturated,,0.0,,,740258ddc0739b141c667f8b1c74894c6d49e26b433f7886680151e9be726380,20000,40053330,19995,5,0.00025,0.9673491317700675,10017.201760968534,10016.0,0.9989793094683057,0.9820363137461244,3745,0,3739
7410f1857eae6cac,comments0720-fixed-arm-discovery,turnover-n04-p030-j40-l400,pretrain_arm,9127,,20,4,4,poisson,,0.0,40,400,7410f1857eae6cacb5347f305f5b730c9338704885dac238d5ce0d2f07a5b47b,20000,191692573,15869,4131,0.20655,0.16046811057202515,93443.36258747872,110011.0,0.9050855249886394,0.5635397118535549,2932,0,2862
743b29dab392d29b,comments0720-fixed-arm-discovery,periodic-n04-p030-i100-d2000,pretrain_arm,9113,,17,4,4,poisson,100,0.0,,,743b29dab392d29b52ecce26565d3970dc05c9e9aed8cd30bd0c55141cebb796,20000,62978589,15049,4951,0.24755,0.4630294432287138,31454.91410145602,98253.0,0.9991246325069644,0.6933285252452261,4993,0,4800
753ff566ed74fb9b,comments0720-fixed-arm-discovery,poisson-n03-p015,pretrain_arm,9103,,10,3,3,poisson,,0.0,,,753ff566ed74fb9b77ec7f7caa953a1c5dd63e0709ae8221cb1cc4e8f2df2c32,20000,181433826,16372,3628,0.1814,0.17486520953375034,64478.70353171208,200166.0,0.998408659849822,0.5456306231278574,3744,0,3702
7558e2a58fe6438b,comments0720-fixed-arm-discovery,poisson-n06-p045,pretrain_arm,9103,,22,6,6,poisson,,0.0,,,7558e2a58fe6438b5e5bcd1e79e29d1434c0e52d9c8540602b5040cf532ad3c4,20000,40046897,19897,103,0.00515,0.9627233041301552,22143.928589388986,22022.0,0.9989721622556811,0.9712629887952788,7482,0,7470
75720fbc578a6062,comments0720-fixed-arm-discovery,periodic-n06-p030-i030-d5000,pretrain_arm,9127,,7,6,6,poisson,30,0.0,,,75720fbc578a6062f51783c999ef08802605115d0e7a63b1c204f584a4fb51a7,20000,48053701,17123,2877,0.14385,0.6906837415082764,31660.485477178423,72062.0,0.9977823105813337,0.8121515173632035,7481,0,7323
7591046ea630da81,comments0720-fixed-arm-discovery,poisson-n06-p015,pretrain_arm,9127,,21,6,6,poisson,,0.0,,,7591046ea630da81fb046d058c26fd5a93ed739e9ddd4d48320edcacc0005f07,20000,77844193,13972,6028,0.3014,0.34770191528608946,64760.661246418334,194494.0,0.9988806363963018,0.5771815172274637,7481,0,6478
75ba4acbaacfee41,comments0720-fixed-arm-discovery,poisson-n03-p045,pretrain_arm,9127,,13,3,3,poisson,,0.0,,,75ba4acbaacfee41793d6e72acef2f24e11f677767ae9c34a3f50a70d5829192,20000,56122445,15005,4995,0.24975,0.5182063611091783,20432.314220948065,64148.0,0.9979703300959334,0.7335227304017039,3746,0,3705
75bd414524fa06f2,comments0720-fixed-arm-discovery,poisson-n03-p045,pretrain_arm,9127,,18,3,3,poisson,,0.0,,,75bd414524fa06f29ef31704310355e03388efc9bbee26e5f8ffa00db8d563b8,20000,52588771,14063,5937,0.29685,0.5178379049778516,20428.408693177775,64195.0,0.9978634149784937,0.7215579399854485,3746,0,3692
7608f3deff3d2503,comments0720-fixed-arm-discovery,poisson-n05-p035,pretrain_arm,9127,,7,5,5,poisson,,0.0,,,7608f3deff3d2503413ad4210ae39bd1522f55b605a8d12640fc6d32df4dc2e7,20000,41557224,14607,5393,0.26965,0.6809496707479787,26446.78570939234,82091.0,0.9985831189025087,0.7710377632168292,6239,0,5900
761c3a8e7bb7a2da,comments0720-fixed-arm-discovery,periodic-n04-p030-i100-d2000,pretrain_arm,9127,,11,4,4,poisson,100,0.0,,,761c3a8e7bb7a2da0dd4d503c3664d567e8fd021e882b809b6bf56a56b284dab,20000,57530863,13904,6096,0.3048,0.46850802498825717,31095.594559585494,98165.0,0.9979414012412965,0.6805064754098512,4990,0,4782
77228cec2cfee36e,comments0720-fixed-arm-discovery,poisson-n06-p045,pretrain_arm,9113,,6,6,6,poisson,,0.0,,,77228cec2cfee36e26f7845f2ced5815fdc4c9c1529a1aae0f312858e62b719b,20000,40044984,19818,182,0.0091,0.9589705417287718,22237.755326668685,22022.0,0.9989792701736807,0.9690269373008175,7478,0,7460
777536ef0fe47811,comments0720-fixed-arm-discovery,saturated-n06,pretrain_arm,9127,,19,6,6,saturated,,0.0,,,777536ef0fe47811ea5a280bd4bc9caff559e33a75126ea86ea02a85bf257008,20000,40036661,19982,18,0.0009,0.9670565185243595,22037.136654982474,22022.0,0.9989312789700068,0.9737562658314554,7477,0,7465
778869df0955118e,comments0720-fixed-arm-discovery,poisson-n03-p015,pretrain_arm,9113,,11,3,3,poisson,,0.0,,,778869df0955118e01693dea0b436f4f14f36f827a36504a126dba104ec2560c,20000,182584809,16522,3478,0.1739,0.17533218220799518,64292.46264228627,198197.0,0.9988836037456857,0.5491322619845602,3743,0,3698
782eb7cbda9bcb1d,comments0720-fixed-arm-discovery,poisson-n03-p045,pretrain_arm,9113,,8,3,3,poisson,,0.0,,,782eb7cbda9bcb1de19eef429a2f10bf6a2c8bac1558a6aa7c1ea6cd470f7673,20000,52044265,14102,5898,0.2949,0.524978112381835,20134.446296821792,64166.0,0.998904393963426,0.7247918354484203,3745,0,3679
784740ae4e686c16,comments0720-fixed-arm-discovery,turnover-n06-p030-j40-l400,pretrain_arm,9103,,13,6,6,poisson,,0.0,40,400,784740ae4e686c168dfbdead4fb1c3d7e0658aa72837b70c15f831720913b557,20000,167505539,16367,3633,0.18165,0.1894241598780802,118392.54032405993,108255.0,0.8505876996926514,0.5624214531902438,3575,0,3419
787bf0baf00805a6,comments0720-fixed-arm-discovery,poisson-n04-p025,pretrain_arm,9103,,9,4,4,poisson,,0.0,,,787bf0baf00805a68c2efc8db157d4ee2986e28199edb35a93f36f71ad2e5724,20000,69769123,13895,6105,0.30525,0.3858878805170018,38159.30172103406,116234.0,0.9992725733214031,0.6412516512794683,4992,0,4768
78c236197b4e9b72,comments0720-fixed-arm-discovery,poisson-n03-p045,pretrain_arm,9127,,4,3,3,poisson,,0.0,,,78c236197b4e9b729bfe2bf3427a1cc922455529a11c708582aefe4b71f252ac,20000,57424421,15335,4665,0.23325,0.517488038756194,20459.781786156957,64165.0,0.998012234834682,0.737410924530292,3746,0,3711
78ddb04ef3c9def3,comments0720-fixed-arm-discovery,poisson-n03-p045,pretrain_arm,9103,,11,3,3,poisson,,0.0,,,78ddb04ef3c9def380d6820effbd4a84ae3baeda3be6ebdcd34dd77364210feb,20000,52301442,14100,5900,0.295,0.5223685419610419,20241.36426848304,64153.0,0.9987250239262742,0.723845855295772,3745,0,3700
78eb2ca09025bc12,comments0720-fixed-arm-discovery,poisson-n04-p025,pretrain_arm,9113,,10,4,4,poisson,,0.0,,,78eb2ca09025bc127f7e8ea473fd065c6905c3962c8c9a47a48e67563142dfdc,20000,69262031,13995,6005,0.30025,0.3914468664656975,37582.290412525916,116176.0,0.9985378175923544,0.6441483946860173,4987,0,4763
78f710cd7e47a744,comments0720-fixed-arm-discovery,poisson-n06-p045,pretrain_arm,9113,,23,6,6,poisson,,0.0,,,78f710cd7e47a7446fb7a7c2ad754546813cea101068a73d8f80345c3ec14355,20000,40045012,19807,193,0.00965,0.9584909850944732,22251.241121495328,22022.0,0.9989191880073653,0.9687095577006128,7480,0,7460
78fbbe06e18e3440,comments0720-fixed-arm-discovery,poisson-n04-p025,pretrain_arm,9113,,22,4,4,poisson,,0.0,,,78fbbe06e18e3440325dd13335102a1c887ae9c77b0f5eff1288f6695194b853,20000,69658566,14084,5916,0.2958,0.3917585096425901,37546.717675475986,116154.0,0.9985768382158194,0.6453924492861366,4987,0,4758
7973036b97373db8,comments0720-fixed-arm-discovery,periodic-n06-p030-i030-d5000,pretrain_arm,9103,,13,6,6,poisson,30,0.0,,,7973036b97373db84e5163d8fb377ff5892746f39008a3ca77ed958824b6b667,20000,48059847,17231,2769,0.13845,0.6946221447604691,31447.938788547533,58045.0,0.9990037927093589,0.824566145823276,7480,0,7385
79747b680b57be01,comments0720-fixed-arm-discovery,periodic-n04-p030-i100-d2000,pretrain_arm,9127,,20,4,4,poisson,100,0.0,,,79747b680b57be01e777e5acd0b617e58c021106c3c56cf3b9b35455cad98e8f,20000,57369617,13874,6126,0.3063,0.4686314360439255,31067.5173806433,96300.0,0.997850903956409,0.6813857800001115,4990,0,4787
7a58f0961c6ca3d1,comments0720-fixed-arm-discovery,periodic-n06-p030-i030-d5000,pretrain_arm,9103,,23,6,6,poisson,30,0.0,,,7a58f0961c6ca3d12e320fd9195ae6c8565a4f95034293cd9833d146946354b8,20000,48073029,17183,2817,0.14085,0.6924023031708695,31546.922310872982,73058.0,0.9990073186318337,0.8132187072675677,7477,0,7340
7a7bf62e8f8a984a,comments0720-fixed-arm-discovery,periodic-n04-p030-i100-d2000,pretrain_arm,9103,,12,4,4,poisson,100,0.0,,,7a7bf62e8f8a984a67813d80693a1ab11890c291b9183ad278599f03cd671cea,20000,61556533,14772,5228,0.2614,0.46492121315539325,31298.198658900026,96210.0,0.9986005005617197,0.6916839045723709,4991,0,4805
7adb0bb3bed9d570,comments0720-fixed-arm-discovery,periodic-n06-p030-i030-d5000,pretrain_arm,9103,,11,6,6,poisson,30,0.0,,,7adb0bb3bed9d570637c42ce9f1b7e6cfafc7924d6baa8f72c2b8f7574a0f63c,20000,48075093,17248,2752,0.1376,0.694975192247678,31424.28730563936,72063.0,0.9989200809579598,0.815523091068546,7477,0,7344
7aebf62bcf2bf5f4,comments0720-fixed-arm-discovery,poisson-n04-p025,pretrain_arm,9127,,14,4,4,poisson,,0.0,,,7aebf62bcf2bf5f4b5efc0cae66b512189212f29b062ae1d060e3ea3e023cd9b,20000,76811844,15313,4687,0.23435,0.3862892550789433,38110.93433518458,118158.0,0.9988524540136129,0.6576877363641854,4990,0,4804
7b55fa0d287b5c78,comments0720-fixed-arm-discovery,turnover-n06-p030-j40-l400,pretrain_arm,9127,,3,6,6,poisson,,0.0,40,400,7b55fa0d287b5c781a74e590d956706a63a75358f43e65f8f967f43c90d1b74e,20000,172841666,16508,3492,0.1746,0.18513729785502067,121508.06086323957,112055.0,0.8617630765151355,0.5639467914567188,3575,0,3421
7bb33ac7a8bd83e8,comments0720-fixed-arm-discovery,poisson-n05-p035,pretrain_arm,9127,,15,5,5,poisson,,0.0,,,7bb33ac7a8bd83e8efaa3aa7764ae5255d6110b20c88869a7ecf59ec7dd2bb1d,20000,43227194,15225,4775,0.23875,0.6827010561916186,26374.156030233324,80088.0,0.9986060455825827,0.7806895339247337,6240,0,5911
7bb6daa8952a977f,comments0720-fixed-arm-discovery,periodic-n06-p030-i030-d5000,pretrain_arm,9127,,10,6,6,poisson,30,0.0,,,7bb6daa8952a977f7ae45a6fc1dfb923d5f4a857b318bc6fa2170d538a9f28cc,20000,48053826,17196,2804,0.1402,0.69378069916847,31507.96630586592,72064.0,0.9978117615166716,0.8141048202283804,7480,0,7347
7c08eb263fbdf750,comments0720-fixed-arm-discovery,periodic-n06-p030-i030-d5000,pretrain_arm,9127,,1,6,6,poisson,30,0.0,,,7c08eb263fbdf750099d918ec849a868cf7501e5a09e074c2ae5b18b143c9bc2,20000,48052194,17066,2934,0.1467,0.688330443350828,31771.28274891521,58048.0,0.9977404891253764,0.8199833108254014,7481,0,7356
7c219505d14dae4c,comments0720-fixed-arm-discovery,poisson-n06-p045,pretrain_arm,9103,,15,6,6,poisson,,0.0,,,7c219505d14dae4c605043a6e0c0170a75ff3c60543ee1eac1a7d37a78c15903,20000,40046880,19878,122,0.0061,0.9618632712460996,22167.00996677741,22022.0,0.9989799960957912,0.970741422447297,7482,0,7470
7c2edf8bd0493f4b,comments0720-fixed-arm-discovery,poisson-n04-p025,pretrain_arm,9127,,15,4,4,poisson,,0.0,,,7c2edf8bd0493f4b64202c6e5bdbf02a094776688770bdac1f5fb387b8bd91af,20000,76811844,15313,4687,0.23435,0.3862892550789433,38110.93433518458,118158.0,0.9988524540136129,0.6576877363641854,4990,0,4804
7d6b546267c91c6e,comments0720-fixed-arm-discovery,poisson-n04-p025,pretrain_arm,9113,,20,4,4,poisson,,0.0,,,7d6b546267c91c6eb6eb43b21e98378ac1808333fe1ffef80b7487f3e527fe44,20000,68835070,13911,6089,0.30445,0.391629499323528,37568.12277925628,116149.0,0.9985432301291229,0.6431790764842169,4987,0,4757
7d9e9868366b7d0e,comments0720-fixed-arm-discovery,turnover-n06-p030-j40-l400,pretrain_arm,9103,,7,6,6,poisson,,0.0,40,400,7d9e9868366b7d0e5b391010a1c02a42ad1240af2fe2df44e2f88b28cd5daa7a,20000,158687320,15224,4776,0.2388,0.18599576198022627,120551.2610439127,110239.0,0.8425433390780496,0.542987033686092,3571,0,3416
7dec68a35998b12d,comments0720-fixed-arm-discovery,periodic-n06-p030-i030-d5000,pretrain_arm,9113,,16,6,6,poisson,30,0.0,,,7dec68a35998b12d3a9e6ec634545d9b9f99851d385fb4183702e3d220cf11a4,20000,48052159,17419,2581,0.12905,0.7023536028838996,31089.099615097373,58049.0,0.9983234808762517,0.8292638612533838,7476,0,7372
7e793c45062b0d41,comments0720-fixed-arm-discovery,poisson-n05-p035,pretrain_arm,9103,,10,5,5,poisson,,0.0,,,7e793c45062b0d4182e7c1b1c2c16396f88a1b356a68dbb61950993f04fc2463,20000,42171518,14578,5422,0.2711,0.6696467981067221,26893.684239428887,82173.0,0.9980013907064592,0.766659062937727,6232,0,5872
7e83312138e65a25,comments0720-fixed-arm-discovery,poisson-n06-p015,pretrain_arm,9127,,14,6,6,poisson,,0.0,,,7e83312138e65a25827e0f71280387b9e68f64856c46a6fc03b7d06312900ad2,20000,86408905,15464,4536,0.2268,0.34670418517628476,65004.553455863315,196368.0,0.9989226495728073,0.5942636115830308,7481,0,6653
7eee14e8e78fb829,comments0720-fixed-arm-discovery,turnover-n04-p030-j40-l400,pretrain_arm,9103,,3,4,4,poisson,,0.0,40,400,7eee14e8e78fb8291ec6018d50e1bf6c0fd9183468f1f32fa747ab1b761702da,20000,200089552,16921,3079,0.15395,0.16398016124300183,91264.18890794064,110011.0,0.9244261101207201,0.5843072571212407,2933,0,2871
7f3c16fd78c65bd6,comments0720-fixed-arm-discovery,poisson-n03-p045,pretrain_arm,9103,,9,3,3,poisson,,0.0,,,7f3c16fd78c65bd67d787b1412e602067574e6441fba954165a085c266aa9bad,20000,52408053,14118,5882,0.2941,0.5218581579437801,20250.518565759638,64135.0,0.9986832516156025,0.7238988031864608,3745,0,3697
7f912bfd62f5aa8f,comments0720-fixed-arm-discovery,poisson-n06-p015,pretrain_arm,9127,,1,6,6,poisson,,0.0,,,7f912bfd62f5aa8f2c4649414553fbdaa7fb76c5c18ca910e48d3336063a8a9d,20000,84772420,15196,4804,0.2402,0.3473109650520771,64888.473656480506,196351.0,0.9990707742124857,0.5911765797548542,7481,0,6632
7f9ac70bd1d2d6a1,comments0720-fixed-arm-discovery,poisson-n03-p045,pretrain_arm,9113,,17,3,3,poisson,,0.0,,,7f9ac70bd1d2d6a14dc8d8f6badda8420f48212b013e385d90b0e64ec997b4e1,20000,56367779,15280,4720,0.236,0.5253289827154624,20123.613788136703,64131.0,0.9987378425252019,0.7396016084135548,3745,0,3689
7feb5fd490be2fa0,comments0720-fixed-arm-discovery,periodic-n04-p030-i100-d2000,pretrain_arm,9113,,19,4,4,poisson,100,0.0,,,7feb5fd490be2fa08c5e1c0c98b2c0296cfe529d51cf29ff3e4dee2639d05f4a,20000,56771894,13577,6423,0.32115,0.46320934792134993,31424.539686049084,98234.0,0.9992075230995754,0.6750287903403085,4993,0,4759
80da2b75715bd08c,comments0720-fixed-arm-discovery,turnover-n04-p030-j40-l400,pretrain_arm,9103,,6,4,4,poisson,,0.0,40,400,80da2b75715bd08ced177d761771b66699ec7325c9dbbd16cd4920dd3a0d6d28,20000,192421043,15821,4179,0.20895,0.15935316388447182,93924.92404983242,110037.0,0.9125574550396404,0.565041372974704,2931,0,2851
80faa365604884fb,comments0720-fixed-arm-discovery,turnover-n04-p030-j40-l400,pretrain_arm,9127,,3,4,4,poisson,,0.0,40,400,80faa365604884fbcf8d9a3a61418256a15c5b41606d2f604f0a96f5fb93cdb2,20000,198680003,16932,3068,0.1534,0.16521202186613618,90743.61947530134,108066.0,0.9171948747268514,0.5837416321976625,2932,0,2874
81718a351daf4cbb,comments0720-fixed-arm-discovery,saturated-n06,pretrain_arm,9127,,2,6,6,saturated,,0.0,,,81718a351daf4cbbc3405b0efd0d6a391fb6d8334384593a18aff68b17593502,20000,40036661,19982,18,0.0009,0.9670565185243595,22037.136654982474,22022.0,0.9989312789700068,0.9737562658314554,7477,0,7465
81e8caa19942ee7e,comments0720-fixed-arm-discovery,poisson-n04-p025,pretrain_arm,9127,,17,4,4,poisson,,0.0,,,81e8caa19942ee7eac3416dd6391f6743c3e1eb27ee6ccf8c12f7cc0f97aced2,20000,77551948,15462,4538,0.2269,0.3863198639446168,38096.95457486735,118209.0,0.9989256979188447,0.6595508539544871,4990,0,4829
82211babcd780a5d,comments0720-fixed-arm-discovery,poisson-n05-p035,pretrain_arm,9103,,20,5,5,poisson,,0.0,,,82211babcd780a5de69089ef34f689aac8e68ce92d4452f7aeef3cf8751910e0,20000,42241213,14604,5396,0.2698,0.6698668904228674,26892.868987255035,82186.0,0.9980110992484683,0.7670519965571119,6232,0,5845
82e43b0c38a571d0,comments0720-fixed-arm-discovery,turnover-n06-p030-j40-l400,pretrain_arm,9127,,5,6,6,poisson,,0.0,40,400,82e43b0c38a571d0f3949288b4a2fd29393298ba26cf5b202a3d7f4ee787f7ab,20000,172909419,16588,3412,0.1706,0.1859541497852121,120961.5526665058,112068.0,0.864396751600112,0.5660883004617747,3574,0,3443
82e48326d8325af8,comments0720-fixed-arm-discovery,saturated-n03,pretrain_arm,9103,,7,3,3,saturated,,0.0,,,82e48326d8325af8812b619cc86236fe49cf7216b1ca6392c8c589ee3fa2fd61,20000,40053330,19995,5,0.00025,0.9673491317700675,10017.201760968534,10016.0,0.9989793094683057,0.9820363137461244,3745,0,3739
833417ed7999f5ff,comments0720-fixed-arm-discovery,poisson-n06-p045,pretrain_arm,9113,,8,6,6,poisson,,0.0,,,833417ed7999f5ff6fe20b92a648db6c7eb78567b270f0340d0770c1ec0390bd,20000,40044978,19800,200,0.01,0.9580381090482807,22259.7991206792,22022.0,0.9990054144915842,0.968499841179955,7478,0,7462
83d6f9a1626d0c23,comments0720-fixed-arm-discovery,turnover-n06-p030-j40-l400,pretrain_arm,9113,,1,6,6,poisson,,0.0,40,400,83d6f9a1626d0c236f641f7333484eefcfcbe52482c3b01d512bd3dcde3bd635,20000,162602911,16325,3675,0.18375,0.19456561266606107,115330.07944584075,108265.0,0.8537733811271861,0.5646654979310824,3574,0,3433
83fdafc334f28300,comments0720-fixed-arm-discovery,poisson-n03-p015,pretrain_arm,9127,,21,3,3,poisson,,0.0,,,83fdafc334f28300e590488f0855838b325e730826c804a8c2bbef19dfb5bb0e,20000,181265067,16367,3633,0.18165,0.174924807767842,64420.00684554734,196123.0,0.9991285322653253,0.5485232800110558,3746,0,3716
84041da1fbaab9bc,comments0720-fixed-arm-discovery,periodic-n06-p030-i030-d5000,pretrain_arm,9127,,15,6,6,poisson,30,0.0,,,84041da1fbaab9bc97765cbfd5b47c129ec57e2a1b86643930f149e9df5a6a39,20000,48052212,17093,2907,0.14535,0.6894663662933976,31711.405655406594,60045.0,0.9976070889178578,0.8193236517370851,7482,0,7361
840fd7e6d73aa47e,comments0720-fixed-arm-discovery,saturated-n06,pretrain_arm,9113,,18,6,6,saturated,,0.0,,,840fd7e6d73aa47e4e0c891113c5e4ad5af7abfba79eb46a8a37fd25689402fe,20000,40036657,19982,18,0.0009,0.9670903092633334,22033.52643965949,22022.0,0.9989468965753899,0.9737727352795744,7479,0,7467
8428788588c3bbe1,comments0720-fixed-arm-discovery,turnover-n06-p030-j40-l400,pretrain_arm,9127,,0,6,6,poisson,,0.0,40,400,8428788588c3bbe118e48960cce4be1d4a428c5f0cabee28c63c71b321cc2764,20000,172678587,16394,3606,0.1803,0.18403418485234652,122340.84574533024,110218.0,0.8574998183375776,0.5619576677299747,3575,0,3412
849e00c3cb50bbec,comments0720-fixed-arm-discovery,periodic-n06-p030-i030-d5000,pretrain_arm,9103,,21,6,6,poisson,30,0.0,,,849e00c3cb50bbec9fd3052dde9c845297cf65f8cc0767b3d1f8b672dcb97575,20000,48061609,17180,2820,0.141,0.6924768998058305,31547.015260950604,72063.0,0.9988541313789947,0.8138183437282751,7477,0,7339
85072aa8f92625af,comments0720-fixed-arm-discovery,saturated-n03,pretrain_arm,9113,,2,3,3,saturated,,0.0,,,85072aa8f92625afc216b632e313dac9e245e4097fc9ed5a4b8453aca6f7271b,20000,40053334,19996,4,0.0002,0.9674024139913047,10017.903051525764,10016.0,0.998969636304257,0.9820633500985205,3744,0,3738
85cabfead2bc33e2,comments0720-fixed-arm-discovery,periodic-n04-p030-i100-d2000,pretrain_arm,9103,,10,4,4,poisson,100,0.0,,,85cabfead2bc33e2015e28764fd9d5c48e97b265d7d7ee16dc217195a95303bf,20000,57471973,13850,6150,0.3075,0.46690580815800425,31170.68479988441,96242.0,0.9988391965083792,0.6808786682221278,4991,0,4778
86417b1502743256,comments0720-fixed-arm-discovery,turnover-n06-p030-j40-l400,pretrain_arm,9113,,16,6,6,poisson,,0.0,40,400,86417b1502743256b28c0ac7f4fa01570915b99b18b77fc4ee977e0160350da0,20000,164107740,16520,3480,0.174,0.1951397356395256,115021.24515386479,108220.0,0.8537771380502703,0.5673256245632653,3575,0,3442
8693e15803b2a4ea,comments0720-fixed-arm-discovery,poisson-n03-p015,pretrain_arm,9113,,3,3,3,poisson,,0.0,,,8693e15803b2a4ea6dc7042ba1995179965c5890c0fb6567d497983eed01eaaf,20000,193325982,17470,2530,0.1265,0.17506121862088872,64387.04924415941,198146.0,0.9989372015299312,0.56094380671694,3743,0,3702
8700e2c9b8da4716,comments0720-fixed-arm-discovery,poisson-n03-p015,pretrain_arm,9103,,20,3,3,poisson,,0.0,,,8700e2c9b8da47162a43ee85a19945cb9c4f4ae85de930516bfe0daf15884eb8,20000,180664640,16309,3691,0.18455,0.17495791096697172,64447.47764215175,200154.0,0.9984705236816594,0.5449026448828771,3744,0,3698
870dba51c9bcae65,comments0720-fixed-arm-discovery,periodic-n06-p030-i030-d5000,pretrain_arm,9127,,16,6,6,poisson,30,0.0,,,870dba51c9bcae6515df9520abb615e2b0753b7f0d93368812b7e93f11978462,20000,48052347,17149,2851,0.14255,0.6914729472006851,31601.691486257805,60053.0,0.9979931336383061,0.8208158602796637,7481,0,7373
87220cb7ba7ba029,comments0720-fixed-arm-discovery,turnover-n06-p030-j40-l400,pretrain_arm,9127,,1,6,6,poisson,,0.0,40,400,87220cb7ba7ba0297b4d4c290e23539f138fb43606e4b28f69435fde14ffbf6b,20000,172678587,16394,3606,0.1803,0.18403418485234652,122340.84574533024,110218.0,0.8574998183375776,0.5619576677299747,3575,0,3412
87bd1e3cc3e4d508,comments0720-fixed-arm-discovery,turnover-n06-p030-j40-l400,pretrain_arm,9103,,21,6,6,poisson,,0.0,40,400,87bd1e3cc3e4d5088262cc6f63468436b2b8673a7a5b112caecfc766f0ee7230,20000,161536470,15554,4446,0.2223,0.18664808634235971,120121.92143868229,110319.0,0.8470794259200702,0.5487881707541433,3574,0,3408
88886893c56c2031,comments0720-fixed-arm-discovery,periodic-n06-p030-i030-d5000,pretrain_arm,9113,,5,6,6,poisson,30,0.0,,,88886893c56c2031ba551de9e8ecc2ac9ca0f5a2a0e04445a821749ab5ed07a4,20000,48052374,17395,2605,0.13025,0.7013603531846314,31136.141057354886,58051.0,0.99842328235065,0.8286647118450938,7476,0,7364
888914c0c71a6a73,comments0720-fixed-arm-discovery,saturated-n06,pretrain_arm,9113,,6,6,6,saturated,,0.0,,,888914c0c71a6a73cd5a9b1b50a182bdfddb8db0d1b7401f48dd11e54892f146,20000,40036657,19982,18,0.0009,0.9670903092633334,22033.52643965949,22022.0,0.9989468965753899,0.9737727352795744,7479,0,7467
88e39e2b21e38cc7,comments0720-fixed-arm-discovery,poisson-n06-p045,pretrain_arm,9103,,12,6,6,poisson,,0.0,,,88e39e2b21e38cc7c5c64aef3a40bc7c99e2fb279a04bd5d0b5b88589e50f8e9,20000,40046875,19889,111,0.00555,0.9622902660944206,22153.634250641444,22022.0,0.9989869556527994,0.97102357391574,7482,0,7470
8978e7a4cb7217cb,comments0720-fixed-arm-discovery,poisson-n04-p025,pretrain_arm,9103,,4,4,4,poisson,,0.0,,,8978e7a4cb7217cb6571d91cef818501ffd0b0276277cb00074e606b2bbd0c1e,20000,78008996,15503,4497,0.22485,0.38509386789185185,38241.82562116812,118196.0,0.9989772677376255,0.6596805452098259,4992,0,4827
89b001767b849fd8,comments0720-fixed-arm-discovery,poisson-n03-p015,pretrain_arm,9103,,4,3,3,poisson,,0.0,,,89b001767b849fd856feec4e058f2ce035c6ef5a18f1afd391ce2f5375d0af06,20000,193396103,17455,2545,0.12725,0.17490507551747306,64461.4563012207,200143.0,0.9985736397911392,0.559251738436204,3744,0,3711
8abdb57d3e5c4aab,comments0720-fixed-arm-discovery,periodic-n04-p030-i100-d2000,pretrain_arm,9127,,10,4,4,poisson,100,0.0,,,8abdb57d3e5c4aab92dca87a59949a7207f63125a1df68cc11efb554c00fe683,20000,57530863,13904,6096,0.3048,0.46850802498825717,31095.594559585494,98165.0,0.9979414012412965,0.6805064754098512,4990,0,4782
8ac55dec9af6c86d,comments0720-fixed-arm-discovery,saturated-n03,pretrain_arm,9103,,8,3,3,saturated,,0.0,,,8ac55dec9af6c86d7c22196cd52ae8c8557cef50162d0fcd8793229d39550782,20000,40053330,19995,5,0.00025,0.9673491317700675,10017.201760968534,10016.0,0.9989793094683057,0.9820363137461244,3745,0,3739
8aea1d12a4b922c3,comments0720-fixed-arm-discovery,periodic-n06-p030-i030-d5000,pretrain_arm,9103,,22,6,6,poisson,30,0.0,,,8aea1d12a4b922c3da30812db1ec1886f732c327c3de386d0f9c7e0f936b1282,20000,48073029,17183,2817,0.14085,0.6924023031708695,31546.922310872982,73058.0,0.9990073186318337,0.8132187072675677,7477,0,7340
8b3c8fe143cf65d1,comments0720-fixed-arm-discovery,saturated-n03,pretrain_arm,9103,,12,3,3,saturated,,0.0,,,8b3c8fe143cf65d18c10922db80a83e7101d41037d9c7af1c1fd1f63d7c4437c,20000,40053330,19995,5,0.00025,0.9673491317700675,10017.201760968534,10016.0,0.9989793094683057,0.9820363137461244,3745,0,3739
8ba2b90e3326b086,comments0720-fixed-arm-discovery,saturated-n03,pretrain_arm,9103,,14,3,3,saturated,,0.0,,,8ba2b90e3326b08671ad5d4fd6fc9dd8cd203e376499f09138650a993eefdc21,20000,40053330,19995,5,0.00025,0.9673491317700675,10017.201760968534,10016.0,0.9989793094683057,0.9820363137461244,3745,0,3739
8ba72e990a5b8e00,comments0720-fixed-arm-discovery,saturated-n03,pretrain_arm,9113,,0,3,3,saturated,,0.0,,,8ba72e990a5b8e004733fc760e9cfaa113048515ddc11e1df6c864275f7a20f3,20000,40053334,19996,4,0.0002,0.9674024139913047,10017.903051525764,10016.0,0.998969636304257,0.9820633500985205,3744,0,3738
8bf6a4075849273d,comments0720-fixed-arm-discovery,turnover-n04-p030-j40-l400,pretrain_arm,9113,,5,4,4,poisson,,0.0,40,400,8bf6a4075849273dc897941642a695ec13acfe04d39df041ad6eb3f482b3f65a,20000,202639425,16999,3001,0.15005,0.16266709698766663,92142.21452533694,108055.0,0.9167463851237989,0.5835886607038219,2928,0,2876
8c614ca15f9a9669,comments0720-fixed-arm-discovery,saturated-n06,pretrain_arm,9103,,3,6,6,saturated,,0.0,,,8c614ca15f9a9669e6eba4d5c746c1451183b7e52fb94276e6b4f3a9362e0886,20000,40036650,19989,11,0.00055,0.9674508731374878,22026.104169795264,22022.0,0.9989652444108643,0.973986539182784,7477,0,7465
8cfc093071336d7d,comments0720-fixed-arm-discovery,poisson-n06-p045,pretrain_arm,9103,,7,6,6,poisson,,0.0,,,8cfc093071336d7dbfbe457240b623101cec4fde3f7a1c32611b2e7b059968d0,20000,40046895,19895,105,0.00525,0.9626039921447094,22146.35563043806,22022.0,0.9989415152632158,0.9711880024693084,7482,0,7470
8d28500f3136ea6e,comments0720-fixed-arm-discovery,turnover-n04-p030-j40-l400,pretrain_arm,9127,,6,4,4,poisson,,0.0,40,400,8d28500f3136ea6ed7e2deb247b0c71f50b7469fd9735cdb0f99df034b2e3c40,20000,191690784,15803,4197,0.20985,0.15980782884168288,93840.4106362773,110011.0,0.9041235433947573,0.5621739574121468,2931,0,2859
8d6e1ab04055fb56,comments0720-fixed-arm-discovery,poisson-n04-p025,pretrain_arm,9113,,3,4,4,poisson,,0.0,,,8d6e1ab04055fb5672511450527cdb46899bf599076526b4943eecbe021c7ce0,20000,76230664,15351,4649,0.23245,0.3902411895559509,37695.378022551,116224.0,0.9987172073328807,0.6607242989629438,4987,0,4784
8dc0894091cc057f,comments0720-fixed-arm-discovery,turnover-n06-p030-j40-l400,pretrain_arm,9113,,20,6,6,poisson,,0.0,40,400,8dc0894091cc057f4b6272417f0f0ad7e0d569514fcc41947c6562b82a7e28be,20000,158363598,15426,4574,0.2287,0.18878027133483036,118871.05877773452,110011.0,0.8386763785960784,0.5453032166436363,3576,0,3411
8de10703275303a9,comments0720-fixed-arm-discovery,saturated-n03,pretrain_arm,9127,,14,3,3,saturated,,0.0,,,8de10703275303a99519e73bb5498164e44ae85c46c267a2150d091054a6a140,20000,40053326,20000,0,0.0,0.9675915303513122,10015.998499549865,10016.0,0.9989760822616338,0.9821785375376487,3744,0,3738
8e6f0a1373882009,comments0720-fixed-arm-discovery,poisson-n06-p015,pretrain_arm,9113,,2,6,6,poisson,,0.0,,,8e6f0a1373882009fc96a2a899b96aa0f633d5f132fe5fa708edb51173a201e8,20000,85812727,15419,4581,0.22905,0.34820441028520166,64728.46589212696,196359.0,0.9981754439512415,0.5939581180788144,7477,0,6639
8eb3ba542a561f95,comments0720-fixed-arm-discovery,saturated-n06,pretrain_arm,9113,,4,6,6,saturated,,0.0,,,8eb3ba542a561f951bb3668b6370d510976e23c1e54d58f207b3d0e6df0a17d4,20000,40036656,19978,22,0.0011,0.9668901668510976,22038.341530602025,22022.0,0.9989457007680984,0.9736556225397319,7479,0,7467
8ec1e6110247a15e,comments0720-fixed-arm-discovery,saturated-n03,pretrain_arm,9113,,3,3,3,saturated,,0.0,,,8ec1e6110247a15ee209360e8e2a2350db9add90524eaf6119ba677330217f43,20000,40053334,19996,4,0.0002,0.9674024139913047,10017.903051525764,10016.0,0.998969636304257,0.9820633500985205,3744,0,3738
8f7b8b771b5fb17d,comments0720-fixed-arm-discovery,turnover-n04-p030-j40-l400,pretrain_arm,9127,,2,4,4,poisson,,0.0,40,400,8f7b8b771b5fb17d57eceadaad2db7e7ef298c478ad939513d78a6dababb68a9,20000,198680003,16932,3068,0.1534,0.16521202186613618,90743.61947530134,108066.0,0.9171948747268514,0.5837416321976625,2932,0,2874
8f9cdb0601f7db8f,comments0720-fixed-arm-discovery,poisson-n05-p035,pretrain_arm,9127,,11,5,5,poisson,,0.0,,,8f9cdb0601f7db8fc63b43bd797d25dac81007c10268b2b4e0706605fb58a553,20000,41869435,14750,5250,0.2625,0.6827270537565171,26374.197693351423,82113.0,0.9986123307772171,0.773412794844578,6240,0,5907
8fe580a1d1d93ba3,comments0720-fixed-arm-discovery,saturated-n03,pretrain_arm,9113,,14,3,3,saturated,,0.0,,,8fe580a1d1d93ba31385004b28fc6f6b2c628c20358bd00f8be57e5ccef88a30,20000,40053334,19996,4,0.0002,0.9674024139913047,10017.903051525764,10016.0,0.998969636304257,0.9820633500985205,3744,0,3738
901a13aca5c39de4,comments0720-fixed-arm-discovery,saturated-n06,pretrain_arm,9103,,21,6,6,saturated,,0.0,,,901a13aca5c39de4622a9ec2758a90e2d8a6557e8dbdcefa44495887512ec4d1,20000,40036650,19989,11,0.00055,0.9674508731374878,22026.104169795264,22022.0,0.9989652444108643,0.973986539182784,7477,0,7465
9189746f45f7bca0,comments0720-fixed-arm-discovery,turnover-n06-p030-j40-l400,pretrain_arm,9103,,2,6,6,poisson,,0.0,40,400,9189746f45f7bca0dc3b0ed6fdb302da0e74c4cb756803d069c4f3665659e2ed,20000,167315335,16366,3634,0.1817,0.18964301747953946,118306.66234560352,110044.0,0.8538816364495989,0.5623872179763795,3574,0,3408
918ae109217e1c87,comments0720-fixed-arm-discovery,poisson-n04-p025,pretrain_arm,9113,,12,4,4,poisson,,0.0,,,918ae109217e1c87336e275071cc923313d1bf3a990149eae32b779abb849ae5,20000,74985141,15126,4874,0.2437,0.39097875404408455,37631.96527318429,116224.0,0.9986172179240916,0.6581243239893921,4988,0,4807
92370c26bba729fe,comments0720-fixed-arm-discovery,periodic-n04-p030-i100-d2000,pretrain_arm,9127,,17,4,4,poisson,100,0.0,,,92370c26bba729fec35c6d3804dd2e8fdea9d4a29c31120c874b49b1c37a734f,20000,62779834,15201,4799,0.23995,0.46913908692399536,31035.21549397749,96209.0,0.9980427851714861,0.6982671240318271,4990,0,4821
923f10ac482a9971,comments0720-fixed-arm-discovery,saturated-n06,pretrain_arm,9103,,22,6,6,saturated,,0.0,,,923f10ac482a9971cffb6f9e5c84d0ed2de7c5a0399cb74d3285383ebf33ffa0,20000,40036650,19989,11,0.00055,0.9674508731374878,22026.104169795264,22022.0,0.9989652444108643,0.973986539182784,7477,0,7465
92731c2f576208e6,comments0720-fixed-arm-discovery,poisson-n05-p035,pretrain_arm,9113,,14,5,5,poisson,,0.0,,,92731c2f576208e616189334fbb11cf692a402926042f3b73de9549ff9f9a915,20000,43382802,15168,4832,0.2416,0.677527422041573,26598.729053964904,78191.0,0.9970367071208527,0.7789940430541419,6235,0,5926
92dce82052efd5d4,comments0720-fixed-arm-discovery,periodic-n04-p030-i100-d2000,pretrain_arm,9103,,9,4,4,poisson,100,0.0,,,92dce82052efd5d4763accad12d5c5c9e22b3554677af86d72a8d6e4d87a7f74,20000,56819316,13701,6299,0.31495,0.4671554300301679,31139.335207770393,96243.0,0.9988295385769373,0.6790954895357018,4991,0,4744
92fba76612794619,comments0720-fixed-arm-discovery,poisson-n04-p025,pretrain_arm,9113,,18,4,4,poisson,,0.0,,,92fba766127946190968aa3cc17272cb62a97c3949d89d7aa33a8107b9733bee,20000,68757081,13892,6108,0.3054,0.3913935060739417,37579.352636127915,116165.0,0.9984925902157186,0.6428353654298867,4987,0,4774
930a7d026b18ccf6,comments0720-fixed-arm-discovery,turnover-n04-p030-j40-l400,pretrain_arm,9103,,18,4,4,poisson,,0.0,40,400,930a7d026b18ccf62378a46b7ad18e36b4a174b7e1b1328babcc3efde04897c2,20000,195302659,15964,4036,0.2018,0.15843353161924947,94525.58949611432,110022.0,0.9098288242506622,0.5656227852899706,2931,0,2860
934f06a0ea18a2f8,comments0720-fixed-arm-discovery,poisson-n06-p045,pretrain_arm,9103,,1,6,6,poisson,,0.0,,,934f06a0ea18a2f80a3665e3a5c083f02da3edef3cad45c5de701417e9f2dd2d,20000,40046881,19894,106,0.0053,0.9625489186036735,22147.56176441002,22022.0,0.9989673652202201,0.9711657612746313,7482,0,7469
9380d450adc02c38,comments0720-fixed-arm-discovery,poisson-n03-p015,pretrain_arm,9127,,1,3,3,poisson,,0.0,,,9380d450adc02c38c57d01af6f40eaa9b478bf01acd39bfa5b42e084133d9669,20000,192041511,17339,2661,0.13305,0.17494378077456388,64432.499682686204,196166.0,0.9992068494536276,0.5606770434093972,3746,0,3717
94685ffd3a3cb6f2,comments0720-fixed-arm-discovery,poisson-n04-p025,pretrain_arm,9113,,7,4,4,poisson,,0.0,,,94685ffd3a3cb6f2db002dbb786f7f26fdb663af62b598f9908caf05b59ccf7c,20000,67840468,13709,6291,0.31455,0.39150576024917755,37579.96905335377,116198.0,0.998412838463746,0.6405366995709745,4987,0,4747
94a349bfd639f153,comments0720-fixed-arm-discovery,periodic-n06-p030-i030-d5000,pretrain_arm,9103,,0,6,6,poisson,30,0.0,,,94a349bfd639f153dcb9d39ed382709c2a3c2423eab462992ffa9e9611e56aaa,20000,48060200,17130,2870,0.1435,0.6904819788515237,31641.38322233906,58047.0,0.9988282136331709,0.8218637308282315,7480,0,7367
9502f4c9ed17fe74,comments0720-fixed-arm-discovery,saturated-n03,pretrain_arm,9127,,4,3,3,saturated,,0.0,,,9502f4c9ed17fe74e66136582a28c04d7f4f0ceec03d40ef1f95e180c762d837,20000,40053326,20000,0,0.0,0.9675915303513122,10015.998499549865,10016.0,0.9989760822616338,0.9821785375376487,3744,0,3738
9541dbfbbb339069,comments0720-fixed-arm-discovery,poisson-n03-p045,pretrain_arm,9103,,3,3,3,poisson,,0.0,,,9541dbfbbb339069b60c45556517d4b800e3a1b21c822c591c4eb4bf58e322b5,20000,56457117,15213,4787,0.23935,0.5219624126396677,20251.585125271256,64136.0,0.9989453151750257,0.7377077426048978,3745,0,3700
95b79796027dec8f,comments0720-fixed-arm-discovery,saturated-n03,pretrain_arm,9113,,21,3,3,saturated,,0.0,,,95b79796027dec8f2504eaaaa5a5c89f36dda033ed8fc0ed671c12209ec5db40,20000,40053334,19996,4,0.0002,0.9674024139913047,10017.903051525764,10016.0,0.998969636304257,0.9820633500985205,3744,0,3738
95f1f73545968b85,comments0720-fixed-arm-discovery,turnover-n06-p030-j40-l400,pretrain_arm,9113,,17,6,6,poisson,,0.0,40,400,95f1f73545968b85f7e397c3dd70cd8f344ddfeb00468a140d33033b9d742259,20000,164107740,16520,3480,0.174,0.1951397356395256,115021.24515386479,108220.0,0.8537771380502703,0.5673256245632653,3575,0,3442
95fef814089d341b,comments0720-fixed-arm-discovery,saturated-n03,pretrain_arm,9103,,1,3,3,saturated,,0.0,,,95fef814089d341bac537db708d03af5e387a718163cb76513b32023d595acc7,20000,40053330,19995,5,0.00025,0.9673491317700675,10017.201760968534,10016.0,0.9989793094683057,0.9820363137461244,3745,0,3739
967570ed6b2c5ae1,comments0720-fixed-arm-discovery,saturated-n06,pretrain_arm,9103,,15,6,6,saturated,,0.0,,,967570ed6b2c5ae13f4d78490b198eeec03a43933f4da1b901bc7490c6f16c21,20000,40036650,19989,11,0.00055,0.9674508731374878,22026.104169795264,22022.0,0.9989652444108643,0.973986539182784,7477,0,7465
96ec91733bca93ca,comments0720-fixed-arm-discovery,poisson-n03-p015,pretrain_arm,9127,,4,3,3,poisson,,0.0,,,96ec91733bca93cad77edfd173f62129e659683e58779a47db85137bb05dc98a,20000,193254384,17446,2554,0.1277,0.17490327670910688,64442.64162844037,196170.0,0.999161892887752,0.5619833898656197,3746,0,3724
97441e3163472edb,comments0720-fixed-arm-discovery,poisson-n03-p045,pretrain_arm,9127,,2,3,3,poisson,,0.0,,,97441e3163472edb9eaf71c172efbb3f65895d23934259aa755e47000f90fb00,20000,56876713,15180,4820,0.241,0.5172484914871927,20476.86213259523,64176.0,0.9979957940266798,0.7353807618379575,3746,0,3706
981fc1cc4f13e3f8,comments0720-fixed-arm-discovery,poisson-n03-p015,pretrain_arm,9113,,20,3,3,poisson,,0.0,,,981fc1cc4f13e3f8de84168ff4bdd9535792bcb20dc18471f45636b802ef3505,20000,182187729,16477,3523,0.17615,0.17526438896441812,64318.844575314186,198180.0,0.9988841698437558,0.5485586862693913,3743,0,3696
983d77f52d713a33,comments0720-fixed-arm-discovery,poisson-n03-p045,pretrain_arm,9103,,14,3,3,poisson,,0.0,,,983d77f52d713a33394c9b293e542e09d5606a8636d9dee543849b17a0aab65e,20000,56539441,15228,4772,0.2386,0.5217959441799221,20268.824267507556,64123.0,0.9989881298466542,0.7378626913421922,3745,0,3701
986a069e7c37fe05,comments0720-fixed-arm-discovery,poisson-n05-p035,pretrain_arm,9103,,14,5,5,poisson,,0.0,,,986a069e7c37fe05d45666edc7c5c767f4d522211ceea7cd3f80a43e5c56217b,20000,43692905,15076,4924,0.2462,0.6686666862732061,26962.41889021638,80208.0,0.9979328042048771,0.7738444968260277,6234,0,5869
98bb06c7f6e57ec9,comments0720-fixed-arm-discovery,poisson-n04-p025,pretrain_arm,9127,,9,4,4,poisson,,0.0,,,98bb06c7f6e57ec9cb0662cb71ef6ddf6c23801a92e4bcd4cf28ac3cf4e9dc90,20000,70262651,13898,6102,0.3051,0.38333432651153454,38400.100791936646,118198.0,0.998878051723886,0.6389971260784736,4990,0,4770
98f95d553abcf88c,comments0720-fixed-arm-discovery,saturated-n03,pretrain_arm,9103,,0,3,3,saturated,,0.0,,,98f95d553abcf88c6018f204f79b0046b56926535e28d3e062971775de8dbd20,20000,40053330,19995,5,0.00025,0.9673491317700675,10017.201760968534,10016.0,0.9989793094683057,0.9820363137461244,3745,0,3739
996191081a8c0d0f,comments0720-fixed-arm-discovery,poisson-n06-p045,pretrain_arm,9127,,14,6,6,poisson,,0.0,,,996191081a8c0d0fcaf1b9ba0bd8d66f371e4c4b219e26e0c9fc700f642834c3,20000,40050828,19884,116,0.0058,0.9619783640927474,22154.44343800322,22022.0,0.9989386714465628,0.9708410118464367,7477,0,7464
996f0baf256d23c8,comments0720-fixed-arm-discovery,poisson-n04-p025,pretrain_arm,9103,,2,4,4,poisson,,0.0,,,996f0baf256d23c8e12e3575f3319c5e005b26e6abb4ceff5bb07db04b0282d6,20000,77469784,15382,4618,0.2309,0.38469963979762745,38282.25406530506,116244.0,0.9989813648230378,0.6593393348735551,4992,0,4808
99854b5f8882172c,comments0720-fixed-arm-discovery,poisson-n06-p015,pretrain_arm,9127,,17,6,6,poisson,,0.0,,,99854b5f8882172c0f2a3bb57849f25bf2b858c81bf934245d13e0578567ec28,20000,87187930,15607,4393,0.21965,0.34682638984547515,64964.944212888746,196368.0,0.998911587909971,0.5960881592518154,7481,0,6660
99d91090ac7f9d0c,comments0720-fixed-arm-discovery,periodic-n04-p030-i100-d2000,pretrain_arm,9103,,5,4,4,poisson,100,0.0,,,99d91090ac7f9d0cc08db605ac455fec3c495693aa14366120364c8ec1a407f7,20000,62778808,15087,4913,0.24565,0.46568995065978314,31264.884475097817,98199.0,0.9982777967970771,0.6944440824856202,4991,0,4836
99e17828a5d05034,comments0720-fixed-arm-discovery,poisson-n05-p035,pretrain_arm,9113,,7,5,5,poisson,,0.0,,,99e17828a5d05034b96d4abd3bf7ecd76ca2ba531e7257246aac2752fced2692,20000,41790419,14603,5397,0.26985,0.6774804052574825,26592.14671417803,82178.0,0.996868019991226,0.7692016417495696,6235,0,5896
9a2fea1578cf3550,comments0720-fixed-arm-discovery,poisson-n03-p015,pretrain_arm,9113,,7,3,3,poisson,,0.0,,,9a2fea1578cf35500bcc41025312830509afe02221f731ffca9e8d069bfa7891,20000,179931798,16262,3738,0.1869,0.17509566597005827,64364.17913385827,198205.0,0.9989253298642039,0.5458119986114207,3743,0,3691
9a9dd6d03f0ecd29,comments0720-fixed-arm-discovery,turnover-n06-p030-j40-l400,pretrain_arm,9103,,6,6,6,poisson,,0.0,40,400,9a9dd6d03f0ecd290f30d894ed39f98aba2c7e2e6ae1837917d41a9177d411b7,20000,158687320,15224,4776,0.2388,0.18599576198022627,120551.2610439127,110239.0,0.8425433390780496,0.542987033686092,3571,0,3416
9ae6df8b6fb139ff,comments0720-fixed-arm-discovery,poisson-n05-p035,pretrain_arm,9103,,15,5,5,poisson,,0.0,,,9ae6df8b6fb139ffa952d8b119bc542a28e24bb9636573ab9949403b35a67289,20000,43692905,15076,4924,0.2462,0.6686666862732061,26962.41889021638,80208.0,0.9979328042048771,0.7738444968260277,6234,0,5869
9aee0ef7c51076b5,comments0720-fixed-arm-discovery,turnover-n04-p030-j40-l400,pretrain_arm,9113,,3,4,4,poisson,,0.0,40,400,9aee0ef7c51076b54970d25dd8a29e57204e1ade96f4a32202dc9da1f4c727d6,20000,202284416,16986,3014,0.1507,0.16274897320809922,92065.29308516905,108157.0,0.9177960824659807,0.5837353518913599,2930,0,2874
9b0d63972dbfa7c6,comments0720-fixed-arm-discovery,saturated-n06,pretrain_arm,9103,,10,6,6,saturated,,0.0,,,9b0d63972dbfa7c669cf7bb76f5a97cb7ec4621754f2a4bcd816b97ab8643d26,20000,40036650,19989,11,0.00055,0.9674508731374878,22026.104169795264,22022.0,0.9989652444108643,0.973986539182784,7477,0,7465
9b1dc15a9091cffb,comments0720-fixed-arm-discovery,turnover-n04-p030-j40-l400,pretrain_arm,9113,,8,4,4,poisson,,0.0,40,400,9b1dc15a9091cffbdfab5b3df791c21bc1223f7b883795254d85def4062e7109,20000,194896733,15947,4053,0.20265,0.1586102985112634,94475.74929418408,110055.0,0.9080172583779152,0.5648433522963929,2928,0,2865
9b3ee39d2e489a9e,comments0720-fixed-arm-discovery,turnover-n06-p030-j40-l400,pretrain_arm,9127,,2,6,6,poisson,,0.0,40,400,9b3ee39d2e489a9e40618fd3a05235380ac1335ce58231b7eaee1cdd06eb4378,20000,172841666,16508,3492,0.1746,0.18513729785502067,121508.06086323957,112055.0,0.8617630765151355,0.5639467914567188,3575,0,3421
9b55fc1cea14a5c6,comments0720-fixed-arm-discovery,poisson-n06-p045,pretrain_arm,9127,,8,6,6,poisson,,0.0,,,9b55fc1cea14a5c6a5ead98a677e47412fb53d47312cb9f5180128ab15615ea6,20000,40050840,19910,90,0.0045,0.9632001226441194,22122.889637149463,22022.0,0.9990095356361167,0.971596886093412,7477,0,7464
9b6f0d5f5969f650,comments0720-fixed-arm-discovery,poisson-n05-p035,pretrain_arm,9127,,9,5,5,poisson,,0.0,,,9b6f0d5f5969f650eae88ff7beb6ce9ce4c56398b99a4d7a9ea05e4476a9dfe8,20000,41813376,14726,5274,0.2637,0.6825044932989864,26392.03852949171,80187.0,0.9986142250803584,0.7743232394597815,6239,0,5909
9ba9ade4e1039840,comments0720-fixed-arm-discovery,poisson-n03-p015,pretrain_arm,9127,,0,3,3,poisson,,0.0,,,9ba9ade4e103984096cd48c1019b0fe050d672edd6f38fb5297fb4f16a0380ee,20000,192041511,17339,2661,0.13305,0.17494378077456388,64432.499682686204,196166.0,0.9992068494536276,0.5606770434093972,3746,0,3717
9be66ba35a1d924a,comments0720-fixed-arm-discovery,periodic-n06-p030-i030-d5000,pretrain_arm,9113,,8,6,6,poisson,30,0.0,,,9be66ba35a1d924a274edb64d74752045dee34119ad5b318b0a98a08afdf380b,20000,48053445,17413,2587,0.12935,0.7022008099523354,31102.71788977645,70062.0,0.9982694203366302,0.8211112434296552,7475,0,7331
9bfb0ae37248aac7,comments0720-fixed-arm-discovery,poisson-n04-p025,pretrain_arm,9103,,20,4,4,poisson,,0.0,,,9bfb0ae37248aac71fe7eb79bc98682841921de92209378d165f661c6f72878f,20000,70559987,14049,5951,0.29755,0.38572249170057243,38160.299978634,116257.0,0.9992176540394072,0.6430878819133266,4992,0,4764
9c1ac04dbb24fc3a,comments0720-fixed-arm-discovery,poisson-n05-p035,pretrain_arm,9103,,7,5,5,poisson,,0.0,,,9c1ac04dbb24fc3a327a9825a1277590c77f7db0bf726ca697ed429bb0270e6a,20000,41902749,14494,5506,0.2753,0.6701637164664304,26887.18834576084,82103.0,0.9980345088601195,0.7658390751088499,6233,0,5873
9c773cb2db2d9659,comments0720-fixed-arm-discovery,poisson-n06-p015,pretrain_arm,9103,,23,6,6,poisson,,0.0,,,9c773cb2db2d96596b998c86364522f99b6a11f0ea5baf77e64233a995bd3993,20000,78764219,14185,5815,0.29075,0.3491559917581358,64507.78437874832,196399.0,0.9975179989329084,0.5786044968970147,7475,0,6495
9c8dfe1fce327d2d,comments0720-fixed-arm-discovery,poisson-n06-p045,pretrain_arm,9103,,19,6,6,poisson,,0.0,,,9c8dfe1fce327d2d9e771e61006c69983785a914dd68f55d2e821f0fdbb603af,20000,40046895,19892,108,0.0054,0.962457588784349,22149.99944668008,22022.0,0.9989454069430352,0.9711029985757947,7482,0,7470
9cf0b4db5974a2c4,comments0720-fixed-arm-discovery,poisson-n03-p045,pretrain_arm,9127,,5,3,3,poisson,,0.0,,,9cf0b4db5974a2c4cda6d9df133ad2a08aaa5197f465a281e083fe20371e5fc1,20000,57424421,15335,4665,0.23325,0.517488038756194,20459.781786156957,64165.0,0.998012234834682,0.737410924530292,3746,0,3711
9d3d133c410271f8,comments0720-fixed-arm-discovery,saturated-n06,pretrain_arm,9127,,12,6,6,saturated,,0.0,,,9d3d133c410271f8951271d04360fa9da9308687a608affbb16876ff935ac64b,20000,40036661,19982,18,0.0009,0.9670565185243595,22037.136654982474,22022.0,0.9989312789700068,0.9737562658314554,7477,0,7465
9e72831933f1c9e3,comments0720-fixed-arm-discovery,poisson-n05-p035,pretrain_arm,9113,,20,5,5,poisson,,0.0,,,9e72831933f1c9e3d946a211c1c648a2ab0ec67652ed350e838add1fa18f3047,20000,41978459,14686,5314,0.2657,0.6782887861605401,26571.673344235485,80116.0,0.9968956060041909,0.7718924640549104,6235,0,5899
9e96021a73554ef3,comments0720-fixed-arm-discovery,poisson-n03-p045,pretrain_arm,9103,,19,3,3,poisson,,0.0,,,9e96021a73554ef3e831b55452c53619b51c3e13abdafc038d31896234e4b622,20000,52044090,14021,5979,0.29895,0.5220968413512466,20254.55861576882,64132.0,0.9987409071961484,0.7227870828491317,3745,0,3691
9f384cd92fe705ca,comments0720-fixed-arm-discovery,poisson-n06-p045,pretrain_arm,9113,,5,6,6,poisson,,0.0,,,9f384cd92fe705ca5d3898c07321afbb8fda8fd327532ae0c99bd3f7c480d0c4,20000,40044957,19799,201,0.01005,0.9579744585566667,22261.01308940213,22022.0,0.9989640294588473,0.9684523293385046,7480,0,7463
9f61a19aa641df0d,comments0720-fixed-arm-discovery,turnover-n04-p030-j40-l400,pretrain_arm,9103,,15,4,4,poisson,,0.0,40,400,9f61a19aa641df0dea9c409f1921245c1e9ba1cbd3dd13ae38698f62fe60600b,20000,201331568,16922,3078,0.1539,0.1629605199319761,91845.65584722714,108276.0,0.9217472138631397,0.5842435779317053,2933,0,2872
9f89c031eb08e2b5,comments0720-fixed-arm-discovery,saturated-n03,pretrain_arm,9113,,4,3,3,saturated,,0.0,,,9f89c031eb08e2b5301e146f952227dedc80653075f5e966dbabccf4c05691cf,20000,40053334,19996,4,0.0002,0.9674024139913047,10017.903051525764,10016.0,0.998969636304257,0.9820633500985205,3744,0,3738
9ffbede733aea64a,comments0720-fixed-arm-discovery,poisson-n05-p035,pretrain_arm,9127,,17,5,5,poisson,,0.0,,,9ffbede733aea64a85b9c6303502bc11294fe3f169830ce6a0be3e39cce5ffbe,20000,43361775,15276,4724,0.2362,0.6827390483899702,26376.449823136383,80132.0,0.9985908333207634,0.781305293903578,6240,0,5921
a03311acfe57130e,comments0720-fixed-arm-discovery,poisson-n04-p025,pretrain_arm,9113,,21,4,4,poisson,,0.0,,,a03311acfe57130e2cd057286e896df1afeba8be6b6c4f84a80e247e9b6e169d,20000,68835070,13911,6089,0.30445,0.391629499323528,37568.12277925628,116149.0,0.9985432301291229,0.6431790764842169,4987,0,4757
a0674a9d64a29175,comments0720-fixed-arm-discovery,turnover-n06-p030-j40-l400,pretrain_arm,9113,,22,6,6,poisson,,0.0,40,400,a0674a9d64a291758e83912ef4a88767d4010785303d98680846393f1391db14,20000,157510116,15503,4497,0.22485,0.1907270832052463,117649.0021948228,110011.0,0.84814459159505,0.5500707249334321,3574,0,3435
a07dcc5df635b90b,comments0720-fixed-arm-discovery,poisson-n04-p025,pretrain_arm,9127,,21,4,4,poisson,,0.0,,,a07dcc5df635b90bcca03695751c89358c3bafeb36644d83d8c78f75521ad025,20000,70571064,13967,6033,0.30165,0.3837101138222884,38392.544093416436,118258.0,0.9988382998263143,0.6399316378828677,4990,0,4765
a09f7ce7c6056885,comments0720-fixed-arm-discovery,poisson-n06-p015,pretrain_arm,9113,,13,6,6,poisson,,0.0,,,a09f7ce7c60568858908effbd0144831cb5a5847260d7e340aa7c041c2fdd65d,20000,84944241,15244,4756,0.2378,0.34781767018201976,64794.59197741596,196343.0,0.9981380153203668,0.5916398951674622,7477,0,6658
a0cebc4ae98e571c,comments0720-fixed-arm-discovery,periodic-n04-p030-i100-d2000,pretrain_arm,9127,,2,4,4,poisson,100,0.0,,,a0cebc4ae98e571cd8ca0eecb94e7a33cc7c6cf2fbd392aecb7747d8ffaccb41,20000,62413898,15093,4907,0.24535,0.4685707340374735,31066.77520715943,96220.0,0.9979860179102182,0.6967014173158973,4990,0,4808
a0d23ed2cde06938,comments0720-fixed-arm-discovery,poisson-n05-p035,pretrain_arm,9103,,0,5,5,poisson,,0.0,,,a0d23ed2cde0693884c01a0b30a94611c88482d76698ecef35069995896beacc,20000,43448874,14991,5009,0.25045,0.66850008587104,26962.92917695748,80170.0,0.9979112503938253,0.7727446120882885,6234,0,5855
a0f1e0eadd475bab,comments0720-fixed-arm-discovery,poisson-n06-p045,pretrain_arm,9113,,11,6,6,poisson,,0.0,,,a0f1e0eadd475bab91d24884c5163b68f372183733cce6be28f92bb3e4f61e7b,20000,40045029,19798,202,0.0101,0.9580799154871382,22262.28136055797,22022.0,0.9989539899972181,0.9684716351614522,7480,0,7462
a0f50fb1c6b05dc7,comments0720-fixed-arm-discovery,saturated-n03,pretrain_arm,9103,,22,3,3,saturated,,0.0,,,a0f50fb1c6b05dc7153ae9e6510c4c936bba01bef70445cdb3db402c4fb97400,20000,40053330,19995,5,0.00025,0.9673491317700675,10017.201760968534,10016.0,0.9989793094683057,0.9820363137461244,3745,0,3739
a11c4015796e8eda,comments0720-fixed-arm-discovery,turnover-n06-p030-j40-l400,pretrain_arm,9127,,16,6,6,poisson,,0.0,40,400,a11c4015796e8edaec2d76b526300f054a23021c2608685959588aefd8dda916,20000,172415231,16513,3487,0.17435,0.1856311348734614,121117.63481001151,112011.0,0.8628207513603808,0.5645557954112808,3574,0,3433
a138013fad85c9ec,comments0720-fixed-arm-discovery,poisson-n06-p015,pretrain_arm,9113,,7,6,6,poisson,,0.0,,,a138013fad85c9ec66d119c21d07b1c9359ddaf29a470c7985cbe5f7815a4390,20000,76464777,13705,6295,0.31475,0.3474429278725288,64894.90557219017,196445.0,0.9983946603900227,0.5722950294208505,7477,0,6473
a160d30d32986422,comments0720-fixed-arm-discovery,poisson-n03-p015,pretrain_arm,9127,,13,3,3,poisson,,0.0,,,a160d30d32986422198a0b247d3bd7e89deaa616312abbe39e6b9c79c0c86aaf,20000,191993303,17335,2665,0.13325,0.17488359997640127,64435.29811298979,196158.0,0.9991772903243891,0.5606024634335968,3746,0,3727
a1650bb086e5f2f9,comments0720-fixed-arm-discovery,turnover-n06-p030-j40-l400,pretrain_arm,9103,,20,6,6,poisson,,0.0,40,400,a1650bb086e5f2f9b40dbb288711e197157e3bf7228d0878a31a88476f9dd03f,20000,161536470,15554,4446,0.2223,0.18664808634235971,120121.92143868229,110319.0,0.8470794259200702,0.5487881707541433,3574,0,3408
a282f89e044cc54d,comments0720-fixed-arm-discovery,turnover-n06-p030-j40-l400,pretrain_arm,9113,,11,6,6,poisson,,0.0,40,400,a282f89e044cc54da86577379eca6561f666c2cdc6bfbe73ba85adfcf1edba2c,20000,156558417,15418,4582,0.2291,0.19090737229413862,117576.6988186421,108329.0,0.8456480582801966,0.5493574768581118,3574,0,3420
a2b25e1260951cc2,comments0720-fixed-arm-discovery,turnover-n06-p030-j40-l400,pretrain_arm,9103,,4,6,6,poisson,,0.0,40,400,a2b25e1260951cc2b3d4da67813b3ddf383ea2ea8fbc3c5c143b2a82318aabb8,20000,168165088,16584,3416,0.1708,0.19116982830586096,117333.52468018344,110044.0,0.8544270413365024,0.5658029565474544,3575,0,3441
a2b5d949685fbb77,comments0720-fixed-arm-discovery,poisson-n03-p015,pretrain_arm,9113,,13,3,3,poisson,,0.0,,,a2b5d949685fbb77e9771f4259dd80397c66430c82e6580f47f4ff7208ddb929,20000,191529216,17312,2688,0.1344,0.17514405739540018,64367.89419854386,196261.0,0.9989691681454849,0.5602637418469617,3743,0,3709
a3e68796663625f1,comments0720-fixed-arm-discovery,poisson-n05-p035,pretrain_arm,9127,,0,5,5,poisson,,0.0,,,a3e68796663625f18f77dd6ee29cacac4621991fd08b4bc7c5ee42022d19a9bf,20000,42841042,15098,4902,0.2451,0.683042513298346,26360.8954135737,78175.0,0.998672984807829,0.7805134993687249,6240,0,5897
a409b9ab3d7c1df0,comments0720-fixed-arm-discovery,saturated-n06,pretrain_arm,9127,,7,6,6,saturated,,0.0,,,a409b9ab3d7c1df06c9d2bf79aaba2f9970316260657fe32d6922e59bc6a28fc,20000,40036661,19982,18,0.0009,0.9670565185243595,22037.136654982474,22022.0,0.9989312789700068,0.9737562658314554,7477,0,7465
a50c4647f88f5f10,comments0720-fixed-arm-discovery,poisson-n04-p025,pretrain_arm,9103,,6,4,4,poisson,,0.0,,,a50c4647f88f5f10930a214a6c5322f66be83cbfa9bdef990996f54fe972b51c,20000,69439148,13814,6186,0.3093,0.3854368288044087,38203.408228306536,116302.0,0.9992220856695887,0.6400266381579992,4992,0,4759
a55a679507714af7,comments0720-fixed-arm-discovery,poisson-n05-p035,pretrain_arm,9113,,5,5,5,poisson,,0.0,,,a55a679507714af734751a87784bee244c36910b2813fed31fd23ebcf57014f5,20000,43551629,15231,4769,0.23845,0.6780936942680147,26581.140923723804,80160.0,0.9971824956331066,0.7787062299670404,6235,0,5879
a5d88b9893e6897f,comments0720-fixed-arm-discovery,saturated-n06,pretrain_arm,9127,,0,6,6,saturated,,0.0,,,a5d88b9893e6897f5e19fb2a070bccdcff3fdfd4fa9d1cba73659bca2b197567,20000,40036661,19982,18,0.0009,0.9670565185243595,22037.136654982474,22022.0,0.9989312789700068,0.9737562658314554,7477,0,7465
a684f600a5ec688e,comments0720-fixed-arm-discovery,poisson-n04-p025,pretrain_arm,9113,,13,4,4,poisson,,0.0,,,a684f600a5ec688e8b0a23c48afd9fb0fc06bc3884a79a96de6892f9725df246,20000,74985141,15126,4874,0.2437,0.39097875404408455,37631.96527318429,116224.0,0.9986172179240916,0.6581243239893921,4988,0,4807
a6b3bea9b0036c0b,comments0720-fixed-arm-discovery,periodic-n04-p030-i100-d2000,pretrain_arm,9127,,7,4,4,poisson,100,0.0,,,a6b3bea9b0036c0b38055d9f0578ec3935ef8d49dc55bae7a6a181f78bd04900,20000,56034796,13543,6457,0.32285,0.4685577868437319,31099.073143701513,98217.0,0.997853202688608,0.67594649651078,4990,0,4763
a6f62e93e06938aa,comments0720-fixed-arm-discovery,turnover-n04-p030-j40-l400,pretrain_arm,9113,,12,4,4,poisson,,0.0,40,400,a6f62e93e06938aa4644f78468226656604acb5767de46ec5b6ca851eb6e8e85,20000,199348756,16809,3191,0.15955,0.16350061396921886,91633.992857568,108188.0,0.9173932527762276,0.5816184555818156,2928,0,2870
a769d45b156d563f,comments0720-fixed-arm-discovery,turnover-n04-p030-j40-l400,pretrain_arm,9127,,18,4,4,poisson,,0.0,40,400,a769d45b156d563f64fb99eface2738ae68b17e7e9039427b633accaf28a5a2b,20000,192592494,15882,4118,0.2059,0.15987889434569552,93831.6258661963,108222.0,0.9035598140680142,0.5641899028045699,2932,0,2864
a78772f89e42504f,comments0720-fixed-arm-discovery,poisson-n05-p035,pretrain_arm,9127,,20,5,5,poisson,,0.0,,,a78772f89e42504f7cff38bd3617258fc31742490d1a8a6049621e8bc20e9563,20000,41847342,14737,5263,0.26315,0.6826438343443653,26388.594825830107,80239.0,0.9985920902047501,0.7744651415163719,6239,0,5892
a79978433d5833c5,comments0720-fixed-arm-discovery,turnover-n06-p030-j40-l400,pretrain_arm,9127,,17,6,6,poisson,,0.0,40,400,a79978433d5833c5cb8b98e2d77eb3ef5eed5fd6c3a1258455af70796f798f52,20000,172415231,16513,3487,0.17435,0.1856311348734614,121117.63481001151,112011.0,0.8628207513603808,0.5645557954112808,3574,0,3433
a7be5e16094a3776,comments0720-fixed-arm-discovery,periodic-n06-p030-i030-d5000,pretrain_arm,9103,,6,6,6,poisson,30,0.0,,,a7be5e16094a37766dbdd999ba5916dd23f3e4800658a641ce272dca921964b7,20000,48061485,17242,2758,0.1379,0.694798173631131,31419.765293093442,71063.0,0.9988453045469283,0.8160308260593531,7479,0,7349
a891719b4d7f177d,comments0720-fixed-arm-discovery,saturated-n06,pretrain_arm,9113,,8,6,6,saturated,,0.0,,,a891719b4d7f177d783da3b24c85a23fd616bdab71b2b5472c2b3fba493eb207,20000,40036657,19982,18,0.0009,0.9670903092633334,22033.52643965949,22022.0,0.9989468965753899,0.9737727352795744,7479,0,7467
a8d7b8c96896209a,comments0720-fixed-arm-discovery,turnover-n04-p030-j40-l400,pretrain_arm,9103,,20,4,4,poisson,,0.0,40,400,a8d7b8c96896209ab785d192e64724aa28971870c3c72849e051165362e4f5c2,20000,194676292,15960,4040,0.202,0.15888147797678415,94233.17189067202,110011.0,0.9115114343766328,0.5662903041178057,2932,0,2858
a920409192291cad,comments0720-fixed-arm-discovery,saturated-n03,pretrain_arm,9113,,15,3,3,saturated,,0.0,,,a920409192291cad58824316841dca2a87951b98e3213daad94517cc6e781bda,20000,40053334,19996,4,0.0002,0.9674024139913047,10017.903051525764,10016.0,0.998969636304257,0.9820633500985205,3744,0,3738
a92bab27ab542096,comments0720-fixed-arm-discovery,saturated-n06,pretrain_arm,9113,,16,6,6,saturated,,0.0,,,a92bab27ab542096aeacd0dcc70f156e17e18f1fa205b3382d3fc56fcfdfd512,20000,40036656,19978,22,0.0011,0.9668901668510976,22038.341530602025,22022.0,0.9989457007680984,0.9736556225397319,7479,0,7467
a9372091a0fed409,comments0720-fixed-arm-discovery,saturated-n03,pretrain_arm,9127,,12,3,3,saturated,,0.0,,,a9372091a0fed409f2c5c9de43a46ca092429efd7bd00ab74b49619a13dd8255,20000,40053326,20000,0,0.0,0.9675915303513122,10015.998499549865,10016.0,0.9989760822616338,0.9821785375376487,3744,0,3738
a94b9989db952955,comments0720-fixed-arm-discovery,poisson-n06-p015,pretrain_arm,9113,,4,6,6,poisson,,0.0,,,a94b9989db9529559b714fef503d24eccc7aecf6b076b65556f01619fdeef746,20000,86401123,15521,4479,0.22395,0.3481370606722322,64727.68695596106,196414.0,0.9981560216548035,0.5951675274423454,7477,0,6654
a95f0d9035573eeb,comments0720-fixed-arm-discovery,saturated-n06,pretrain_arm,9127,,17,6,6,saturated,,0.0,,,a95f0d9035573eeb70515e6a4fc4ffb26ea121650c7eaa2e6c00755c915a7d04,20000,40036661,19982,18,0.0009,0.9670565185243595,22037.136654982474,22022.0,0.9989312789700068,0.9737562658314554,7477,0,7465
a998fe91d1e2b085,comments0720-fixed-arm-discovery,poisson-n03-p015,pretrain_arm,9127,,12,3,3,poisson,,0.0,,,a998fe91d1e2b0857d84601cb28022c4a41f90da75ee1f4484518ebfa347a8f5,20000,191993303,17335,2665,0.13325,0.17488359997640127,64435.29811298979,196158.0,0.9991772903243891,0.5606024634335968,3746,0,3727
a9cfb30473974999,comments0720-fixed-arm-discovery,periodic-n06-p030-i030-d5000,pretrain_arm,9113,,14,6,6,poisson,30,0.0,,,a9cfb3047397499971a85ca58a83d5cf08f0df105f10e501cfd12f9786d5f4b8,20000,48071217,17377,2623,0.13115,0.7005412615203813,31181.780535560036,58045.0,0.9980898381172663,0.8280595332125492,7472,0,7369
aaef933f39e8e117,comments0720-fixed-arm-discovery,poisson-n06-p015,pretrain_arm,9103,,15,6,6,poisson,,0.0,,,aaef933f39e8e117b0ac8c466d0904386d7de8af9a3eace74f7dcde357a734b0,20000,85767207,15404,4596,0.2298,0.3481650859867688,64741.37058212058,198331.0,0.997669935324852,0.592274340437207,7475,0,6654
ab15365cdae7c9b5,comments0720-fixed-arm-discovery,poisson-n06-p015,pretrain_arm,9113,,18,6,6,poisson,,0.0,,,ab15365cdae7c9b509dfc859aa538e79d0d84fd3ccb5864936ff51bbad8d5354,20000,77425016,13862,6138,0.3069,0.3470291953184743,64953.55985559567,198292.0,0.9981907326880748,0.5728203093355163,7477,0,6428
ab6a42863cdfb919,comments0720-fixed-arm-discovery,periodic-n04-p030-i100-d2000,pretrain_arm,9127,,5,4,4,poisson,100,0.0,,,ab6a42863cdfb919161cb386fcb888075e9ec35b1afc2fa7a9cc515bf4c727f2,20000,62369581,15091,4909,0.24545,0.4689366920710915,31052.8361731751,96219.0,0.998012438825354,0.6968078769654817,4990,0,4826
aba639e750491cab,comments0720-fixed-arm-discovery,poisson-n06-p045,pretrain_arm,9103,,8,6,6,poisson,,0.0,,,aba639e750491cab8428be9955ba4ae43654e937618d715314dbd8941ebd1ecd,20000,40046891,19905,95,0.00475,0.96307176504663,22134.215352133917,22022.0,0.9989807187099432,0.9714819945855243,7482,0,7470
abdd8af88ca8a09f,comments0720-fixed-arm-discovery,poisson-n06-p045,pretrain_arm,9113,,18,6,6,poisson,,0.0,,,abdd8af88ca8a09fb9201fb645597698efaadb28702a97af7952ecfc87d31469,20000,40044976,19811,189,0.00945,0.9587372957846197,22246.320773776453,22022.0,0.9989611211209812,0.9688556389685336,7478,0,7461
ac89bfb3a0d4803a,comments0720-fixed-arm-discovery,poisson-n06-p015,pretrain_arm,9103,,4,6,6,poisson,,0.0,,,ac89bfb3a0d4803a7ba9ed9f2385c1fdf4571a29d6c3e446d1ad741711c1fc7f,20000,86378315,15507,4493,0.22465,0.34803471218441806,64788.04866085834,198335.0,0.9977047239095372,0.5935273120313185,7475,0,6672
ad0acad3db3e8949,comments0720-fixed-arm-discovery,periodic-n04-p030-i100-d2000,pretrain_arm,9113,,15,4,4,poisson,100,0.0,,,ad0acad3db3e8949832d2404f49783fe2c1014b1f64bcc136dbbad9fad24a565,20000,62674297,15022,4978,0.2489,0.46435464605211285,31356.138204342613,98224.0,0.998975934559918,0.6934025268706769,4993,0,4787
ad48c3f59ac51319,comments0720-fixed-arm-discovery,saturated-n03,pretrain_arm,9127,,6,3,3,saturated,,0.0,,,ad48c3f59ac51319721b5b24c93640341c0021475df11fe67fb76ff18a45f300,20000,40053326,20000,0,0.0,0.9675915303513122,10015.998499549865,10016.0,0.9989760822616338,0.9821785375376487,3744,0,3738
ad69805148544763,comments0720-fixed-arm-discovery,periodic-n06-p030-i030-d5000,pretrain_arm,9113,,7,6,6,poisson,30,0.0,,,ad6980514854476336c31e297baaf4d42e4041aa8328a0e7473cc100dcb16aff,20000,48052970,17471,2529,0.12645,0.7045951790284762,30983.822441147833,69062.0,0.9980257185359217,0.8232197991881326,7475,0,7349
ad84971f2bb51470,comments0720-fixed-arm-discovery,poisson-n06-p015,pretrain_arm,9127,,2,6,6,poisson,,0.0,,,ad84971f2bb51470c2acc608892feb4b3a75675ef2b4f81db52e7eb9d96a908a,20000,85992511,15381,4619,0.23095,0.34653125782081184,65035.70551109376,196379.0,0.9989341647047427,0.5931649741751849,7481,0,6629
adbd773438c0886a,comments0720-fixed-arm-discovery,periodic-n06-p030-i030-d5000,pretrain_arm,9113,,17,6,6,poisson,30,0.0,,,adbd773438c0886a3867b5f64c2f2992081a6fff5db771d6a27948432981d3c8,20000,48052159,17419,2581,0.12905,0.7023536028838996,31089.099615097373,58049.0,0.9983234808762517,0.8292638612533838,7476,0,7372
ae79302c0f7f7327,comments0720-fixed-arm-discovery,poisson-n03-p045,pretrain_arm,9103,,8,3,3,poisson,,0.0,,,ae79302c0f7f732754f3e8731790c3f92e61dce7c5d4d1358cee47e8a5d1c866,20000,52408053,14118,5882,0.2941,0.5218581579437801,20250.518565759638,64135.0,0.9986832516156025,0.7238988031864608,3745,0,3697
aefe2c0172c4618f,comments0720-fixed-arm-discovery,poisson-n06-p045,pretrain_arm,9103,,3,6,6,poisson,,0.0,,,aefe2c0172c4618f63febe37deafc3e5d28a38d9c1e856082e18dd6312b8175d,20000,40046883,19881,119,0.00595,0.9618927645380041,22163.36247420605,22022.0,0.9989808220712655,0.9707890288697565,7482,0,7470
af23a31cb08131e1,comments0720-fixed-arm-discovery,poisson-n05-p035,pretrain_arm,9127,,8,5,5,poisson,,0.0,,,af23a31cb08131e1b5974ae8afb4c00f246f22128e71c0bb3269e21b87a3004e,20000,41813376,14726,5274,0.2637,0.6825044932989864,26392.03852949171,80187.0,0.9986142250803584,0.7743232394597815,6239,0,5909
af62d86736f49dc5,comments0720-fixed-arm-discovery,saturated-n06,pretrain_arm,9127,,3,6,6,saturated,,0.0,,,af62d86736f49dc5ffac9d545de2e08fdbd9586f5a330be349d801854154bce4,20000,40036661,19982,18,0.0009,0.9670565185243595,22037.136654982474,22022.0,0.9989312789700068,0.9737562658314554,7477,0,7465
af90406b5ffb217f,comments0720-fixed-arm-discovery,poisson-n03-p045,pretrain_arm,9103,,10,3,3,poisson,,0.0,,,af90406b5ffb217f36cbebda5d43c74b9041b94827d9caa0594faea6ca3d32eb,20000,52301442,14100,5900,0.295,0.5223685419610419,20241.36426848304,64153.0,0.9987250239262742,0.723845855295772,3745,0,3700
b03057ba53746cf1,comments0720-fixed-arm-discovery,poisson-n03-p045,pretrain_arm,9127,,20,3,3,poisson,,0.0,,,b03057ba53746cf116bc2201768956e87bcc45e6e3dd55d7ebc58985d5a0b60b,20000,52538106,14057,5943,0.29715,0.5185997188402642,20416.908832111592,64170.0,0.9978870897809938,0.7217614362070859,3746,0,3702
b0334384f2d7181c,comments0720-fixed-arm-discovery,turnover-n04-p030-j40-l400,pretrain_arm,9127,,21,4,4,poisson,,0.0,40,400,b0334384f2d7181c2d1dd9027f6511b729452f28936de99d9be9ac0701c51064,20000,191692573,15869,4131,0.20655,0.16046811057202515,93443.36258747872,110011.0,0.9050855249886394,0.5635397118535549,2932,0,2862
b082b9f315429965,comments0720-fixed-arm-discovery,poisson-n06-p015,pretrain_arm,9103,,6,6,6,poisson,,0.0,,,b082b9f3154299653cca87ca7ed4ed4692b194a54f74efcdfc2802b218cf9087,20000,75562840,13629,6371,0.31855,0.34958695305787874,64442.415877212305,196494.0,0.9976357194825561,0.5717740575134783,7477,0,6462
b0a35b598a5e2b3d,comments0720-fixed-arm-discovery,turnover-n06-p030-j40-l400,pretrain_arm,9127,,20,6,6,poisson,,0.0,40,400,b0a35b598a5e2b3de968b88dd7dced26b475e469e017573d204814e2ffadbb0c,20000,166939141,15556,4444,0.2222,0.18070199606454188,124649.67460113227,114011.0,0.8474854646201347,0.5445051535615589,3574,0,3403
b0ffe96bb1b5f26b,comments0720-fixed-arm-discovery,poisson-n04-p025,pretrain_arm,9113,,2,4,4,poisson,,0.0,,,b0ffe96bb1b5f26bbf996dbc88de2988fa000d0d4fd2c4803cf65c7b709d3c83,20000,76230664,15351,4649,0.23245,0.3902411895559509,37695.378022551,116224.0,0.9987172073328807,0.6607242989629438,4987,0,4784
b126d41a9cfa6936,comments0720-fixed-arm-discovery,poisson-n03-p045,pretrain_arm,9103,,2,3,3,poisson,,0.0,,,b126d41a9cfa693660a1be3bd53641b96e1c1e2dfb5ce1ec535059b62d9f9495,20000,56457117,15213,4787,0.23935,0.5219624126396677,20251.585125271256,64136.0,0.9989453151750257,0.7377077426048978,3745,0,3700
b193b036488e697c,comments0720-fixed-arm-discovery,poisson-n06-p015,pretrain_arm,9103,,16,6,6,poisson,,0.0,,,b193b036488e697c7cf31e04abc1c08e04256faf07dfc6014921f88ad1334b80,20000,86352289,15502,4498,0.2249,0.3480136004269673,64798.75171078115,198342.0,0.9977047590868281,0.5934531198379318,7475,0,6671
b1f207ce5690105a,comments0720-fixed-arm-discovery,saturated-n03,pretrain_arm,9113,,22,3,3,saturated,,0.0,,,b1f207ce5690105a3a58c7e54fb8fcf117b465f7b4e474b6da23238488521374,20000,40053334,19996,4,0.0002,0.9674024139913047,10017.903051525764,10016.0,0.998969636304257,0.9820633500985205,3744,0,3738
b2037a0286947b44,comments0720-fixed-arm-discovery,saturated-n06,pretrain_arm,9113,,1,6,6,saturated,,0.0,,,b2037a0286947b4408762b741d4ec1d8a63bf2d7faba21679e2d5f25d5a65579,20000,40036655,19982,18,0.0009,0.9670460731547128,22033.52588883325,22022.0,0.9989435481877896,0.9737568737808341,7479,0,7467
b2b06b11878b6d94,comments0720-fixed-arm-discovery,turnover-n04-p030-j40-l400,pretrain_arm,9127,,13,4,4,poisson,,0.0,40,400,b2b06b11878b6d9472ba6c67b5fd20608703943a483035ec0b91ff6f59c85147,20000,196693808,16823,3177,0.15885,0.16580096918963508,90368.19256616116,108055.0,0.9200747965320979,0.5835427552405775,2931,0,2873
b2d30c07e26571a8,comments0720-fixed-arm-discovery,turnover-n06-p030-j40-l400,pretrain_arm,9113,,9,6,6,poisson,,0.0,40,400,b2d30c07e26571a8e0b18b5b1b4cf579e4688b6322809698891706e2ccf7e23a,20000,157316626,15428,4572,0.2286,0.19004670237461105,118055.22775038921,110044.0,0.8415935850274817,0.5467007624673642,3576,0,3421
b33303041e945fcb,comments0720-fixed-arm-discovery,poisson-n04-p025,pretrain_arm,9127,,3,4,4,poisson,,0.0,,,b33303041e945fcb423b4cd0ed9e2abcf519bf19ee5a8a8b71456abfa8f68422,20000,76965153,15337,4663,0.23315,0.38620302619290575,38117.95459586405,116359.0,0.9989123590573823,0.6591782950834294,4990,0,4828
b334989250b5060d,comments0720-fixed-arm-discovery,poisson-n03-p015,pretrain_arm,9113,,4,3,3,poisson,,0.0,,,b334989250b5060d4ccdf5fd36425834bda28d381aa1d856c1db95c1588feaf4,20000,194301453,17559,2441,0.12205,0.17504471775617653,64380.11678915285,198130.0,0.9989184586392909,0.5620552254651557,3743,0,3709
b3744b6a8f1f5615,comments0720-fixed-arm-discovery,periodic-n06-p030-i030-d5000,pretrain_arm,9103,,5,6,6,poisson,30,0.0,,,b3744b6a8f1f561533f8ab290aebffc8d4214dee9a4d406bb093183cde7f86db,20000,48060442,17165,2835,0.14175,0.691936228967682,31573.141258088963,60048.0,0.9990354015635011,0.8215210435103945,7479,0,7372
b4271e51fbb198dc,comments0720-fixed-arm-discovery,saturated-n06,pretrain_arm,9113,,7,6,6,saturated,,0.0,,,b4271e51fbb198dcc6dcb3d20837cc567ac46d14efde860b69f1c79d243fce83,20000,40036657,19982,18,0.0009,0.9670903092633334,22033.52643965949,22022.0,0.9989468965753899,0.9737727352795744,7479,0,7467
b43ec4c18079fc0a,comments0720-fixed-arm-discovery,poisson-n06-p045,pretrain_arm,9103,,10,6,6,poisson,,0.0,,,b43ec4c18079fc0a80c68b489dc5c1580f30b064cd8c88269e783e598bfbefa9,20000,40046895,19904,96,0.0048,0.9629863688558127,22135.431379449026,22022.0,0.99897705667102,0.9714398085089443,7482,0,7470
b4572aacd38580a6,comments0720-fixed-arm-discovery,poisson-n03-p015,pretrain_arm,9103,,0,3,3,poisson,,0.0,,,b4572aacd38580a639e1ed897271ad3012256f6c1fceb545796c394dcb873561,20000,191220014,17245,2755,0.13775,0.17481404430814443,64519.49068971518,200156.0,0.9985549049686017,0.5565814830922486,3744,0,3715
b45ed52e0d6b2b05,comments0720-fixed-arm-discovery,saturated-n03,pretrain_arm,9127,,22,3,3,saturated,,0.0,,,b45ed52e0d6b2b05f56faa66c86da038a40ba38f6d9e0c6dc9745661280a71a1,20000,40053326,20000,0,0.0,0.9675915303513122,10015.998499549865,10016.0,0.9989760822616338,0.9821785375376487,3744,0,3738
b49d1be784085948,comments0720-fixed-arm-discovery,saturated-n06,pretrain_arm,9103,,12,6,6,saturated,,0.0,,,b49d1be7840859482378dfa00e13edc9059d38aebb201972e5c5f378f53adcdc,20000,40036650,19989,11,0.00055,0.9674508731374878,22026.104169795264,22022.0,0.9989652444108643,0.973986539182784,7477,0,7465
b4f67706f798138b,comments0720-fixed-arm-discovery,periodic-n04-p030-i100-d2000,pretrain_arm,9103,,11,4,4,poisson,100,0.0,,,b4f67706f798138b5f8f8a9846ff722a0be54974660d8034a2dc5fc1a3aff11b,20000,57471973,13850,6150,0.3075,0.46690580815800425,31170.68479988441,96242.0,0.9988391965083792,0.6808786682221278,4991,0,4778
b4f9fe0df7f796e8,comments0720-fixed-arm-discovery,poisson-n03-p015,pretrain_arm,9127,,5,3,3,poisson,,0.0,,,b4f9fe0df7f796e8335f9a53a33ef452b963a5d6dac0c5e684f73a80a29aa4a5,20000,193254384,17446,2554,0.1277,0.17490327670910688,64442.64162844037,196170.0,0.999161892887752,0.5619833898656197,3746,0,3724
b5a38b6c6c893fc7,comments0720-fixed-arm-discovery,poisson-n03-p045,pretrain_arm,9113,,13,3,3,poisson,,0.0,,,b5a38b6c6c893fc75c2c3575e9231a5112518009ab3ee6d702bd69117365e924,20000,55262478,15002,4998,0.2499,0.5261217204194137,20085.23606295012,62177.0,0.9987959308282359,0.7377128837492166,3745,0,3685
b5a716c4bd4f8056,comments0720-fixed-arm-discovery,saturated-n06,pretrain_arm,9103,,16,6,6,saturated,,0.0,,,b5a716c4bd4f805636ef4e2d59a28ff98524fc4f8f4b9f9c33e39e79156c72e7,20000,40036650,19989,11,0.00055,0.9674508731374878,22026.104169795264,22022.0,0.9989652444108643,0.973986539182784,7477,0,7465
b6dade1e375c46c2,comments0720-fixed-arm-discovery,poisson-n06-p015,pretrain_arm,9113,,1,6,6,poisson,,0.0,,,b6dade1e375c46c2c3a4a2691b1b9f572b667f01d1965cc4011432f863247832,20000,84908817,15237,4763,0.23815,0.3477709976809593,64800.80623973728,196370.0,0.9981903785351453,0.5915362920720348,7477,0,6640
b7069c512daf69fc,comments0720-fixed-arm-discovery,turnover-n04-p030-j40-l400,pretrain_arm,9103,,10,4,4,poisson,,0.0,40,400,b7069c512daf69fc8c677539b11ad2cd74cbc356427efe7d5db90cd73974ac29,20000,192611753,15981,4019,0.20095,0.16079629886344474,93056.45470481437,108340.0,0.915967391901127,0.5697903969215239,2934,0,2862
b71190a683263a20,comments0720-fixed-arm-discovery,periodic-n06-p030-i030-d5000,pretrain_arm,9127,,18,6,6,poisson,30,0.0,,,b71190a683263a20e3a37236f96ebf60191aea6aa0ce1d7317496428ec8c9ec7,20000,48053893,17128,2872,0.1436,0.6910495056040517,31648.85224351484,73058.0,0.9974770966315271,0.8115702007451928,7481,0,7317
b7420f0504a3bf10,comments0720-fixed-arm-discovery,poisson-n03-p015,pretrain_arm,9127,,14,3,3,poisson,,0.0,,,b7420f0504a3bf10fd4b7dab4db2f5b94335508b1c263785ce27960244351653,20000,193231568,17440,2560,0.128,0.17487737821389515,64459.4975909143,196154.0,0.9991802948236479,0.561916557679181,3746,0,3725
b759cc2f1daf7140,comments0720-fixed-arm-discovery,poisson-n03-p045,pretrain_arm,9127,,19,3,3,poisson,,0.0,,,b759cc2f1daf7140ce03f79ba7553e8ffd8222cfd125aa86f7f24c2882c28c12,20000,52588771,14063,5937,0.29685,0.5178379049778516,20428.408693177775,64195.0,0.9978634149784937,0.7215579399854485,3746,0,3692
b7db28206e614a05,comments0720-fixed-arm-discovery,saturated-n03,pretrain_arm,9103,,17,3,3,saturated,,0.0,,,b7db28206e614a05ef8688ab841a7bc3829050c74a261bfa6621f7e6c40a50ea,20000,40053330,19995,5,0.00025,0.9673491317700675,10017.201760968534,10016.0,0.9989793094683057,0.9820363137461244,3745,0,3739
b821c89f2378dc67,comments0720-fixed-arm-discovery,turnover-n04-p030-j40-l400,pretrain_arm,9103,,14,4,4,poisson,,0.0,40,400,b821c89f2378dc67745c85927f215d1095ce170007a775ee494d2b34d1c6d3d3,20000,201331568,16922,3078,0.1539,0.1629605199319761,91845.65584722714,108276.0,0.9217472138631397,0.5842435779317053,2933,0,2872
b8829bb9fbca9bf1,comments0720-fixed-arm-discovery,periodic-n06-p030-i030-d5000,pretrain_arm,9127,,8,6,6,poisson,30,0.0,,,b8829bb9fbca9bf1ed24328be92a6798cd5e65aca65cd2f904d2f97e02edbbae,20000,48053644,17130,2870,0.1435,0.6907822016577972,31643.171398527866,72066.0,0.9975870775670367,0.8122040930749446,7481,0,7335
b8ff550fd96e262c,comments0720-fixed-arm-discovery,poisson-n06-p045,pretrain_arm,9103,,20,6,6,poisson,,0.0,,,b8ff550fd96e262c4a8c06ce444f559c86f73df9655c697385d95d194934baa5,20000,40046885,19906,94,0.0047,0.963187498852907,22132.998843872523,22022.0,0.998964641697642,0.9715277135168496,7482,0,7470
b94efd0b18e4f1ee,comments0720-fixed-arm-discovery,turnover-n06-p030-j40-l400,pretrain_arm,9113,,2,6,6,poisson,,0.0,40,400,b94efd0b18e4f1ee677c598aed7e4a369426c33fad3884f23785a568c541bc66,20000,163118022,16355,3645,0.18225,0.19431722878542507,115437.1672275592,108011.0,0.8516085076736087,0.5644054121530114,3576,0,3442
b9573a4664508114,comments0720-fixed-arm-discovery,poisson-n06-p015,pretrain_arm,9113,,22,6,6,poisson,,0.0,,,b9573a46645081149a128e89166ff5ed1d05c6dc42c873e7679e54678a54d418,20000,79006927,14147,5853,0.29265,0.3470292801035028,64949.81068270251,198368.0,0.9982184096944033,0.5763413965993021,7477,0,6514
b9a32ee5ff17bd3c,comments0720-fixed-arm-discovery,poisson-n04-p025,pretrain_arm,9127,,11,4,4,poisson,,0.0,,,b9a32ee5ff17bd3cf5743aebe4bc3a985e706352e9731933d019ce09627b35eb,20000,71542128,14182,5818,0.2909,0.384056747655032,38344.32037533512,118256.0,0.9987320140656212,0.6427005872402176,4990,0,4780
ba367c420b358d30,comments0720-fixed-arm-discovery,turnover-n04-p030-j40-l400,pretrain_arm,9103,,17,4,4,poisson,,0.0,40,400,ba367c420b358d30cf672728de9cf0270686cd2cf4b7b9990b6969a635ad5ac0,20000,201150609,16888,3112,0.1556,0.1627177971904624,91728.02831753554,108123.0,0.9195223483206078,0.58309804850369,2933,0,2876
ba964223551ecc60,comments0720-fixed-arm-discovery,periodic-n06-p030-i030-d5000,pretrain_arm,9127,,11,6,6,poisson,30,0.0,,,ba964223551ecc60a2cceaf38bb7c3646eb585212eea9d309c64494c7604939d,20000,48053826,17196,2804,0.1402,0.69378069916847,31507.96630586592,72064.0,0.9978117615166716,0.8141048202283804,7480,0,7347
bb160553b5002ffe,comments0720-fixed-arm-discovery,poisson-n06-p015,pretrain_arm,9113,,9,6,6,poisson,,0.0,,,bb160553b5002ffe00706d8e6210c8242d74d02c2df73108a52ee2ed6c6850e1,20000,77693660,13904,6096,0.3048,0.3468494726596739,64999.78412035704,198349.0,0.9981881062800948,0.5732465263132562,7477,0,6505
bb21871cf2525593,comments0720-fixed-arm-discovery,poisson-n04-p025,pretrain_arm,9103,,11,4,4,poisson,,0.0,,,bb21871cf252559367d30776a54626662700792a6f8f54db05c1dcc8f2845845,20000,70881218,14115,5885,0.29425,0.38589178871051566,38158.27071666549,116272.0,0.9992337444086405,0.6439646777063855,4992,0,4782
bb5a3f333a8cdc78,comments0720-fixed-arm-discovery,turnover-n04-p030-j40-l400,pretrain_arm,9127,,15,4,4,poisson,,0.0,40,400,bb5a3f333a8cdc78fe7f4d1f340e5e5c7c2dc0fa7b73c3acaaebeca2635fd914,20000,198707402,16911,3089,0.15445,0.16503368606268629,90878.91847601018,108203.0,0.9161555680592937,0.5829819180406599,2932,0,2878
bba3185a186916cd,comments0720-fixed-arm-discovery,saturated-n03,pretrain_arm,9127,,3,3,3,saturated,,0.0,,,bba3185a186916cd11397a54c3478d7ec9654304e5d7218edfde1c9f8d5e5bef,20000,40053326,20000,0,0.0,0.9675915303513122,10015.998499549865,10016.0,0.9989760822616338,0.9821785375376487,3744,0,3738
bbafc423591b84e9,comments0720-fixed-arm-discovery,turnover-n04-p030-j40-l400,pretrain_arm,9113,,4,4,4,poisson,,0.0,40,400,bbafc423591b84e9d8d9010411fad0b9bb384ac02c5865ab017e92185fc792f8,20000,202639425,16999,3001,0.15005,0.16266709698766663,92142.21452533694,108055.0,0.9167463851237989,0.5835886607038219,2928,0,2876
bbb922304ed8b717,comments0720-fixed-arm-discovery,turnover-n04-p030-j40-l400,pretrain_arm,9103,,4,4,4,poisson,,0.0,40,400,bbb922304ed8b717b31cff0f161f668aeaf02c1c683ca607292db99c07482240,20000,201444385,16922,3078,0.1539,0.16290248050348982,91919.704919002,108254.0,0.9199251384299373,0.5836315396444757,2933,0,2877
bc59872c190a7269,comments0720-fixed-arm-discovery,turnover-n04-p030-j40-l400,pretrain_arm,9103,,5,4,4,poisson,,0.0,40,400,bc59872c190a7269f0b823585ff3ac41a62f9f9858e925795ad0945d3588d0ba,20000,201444385,16922,3078,0.1539,0.16290248050348982,91919.704919002,108254.0,0.9199251384299373,0.5836315396444757,2933,0,2877
bc62b51fd9125f43,comments0720-fixed-arm-discovery,poisson-n06-p015,pretrain_arm,9127,,7,6,6,poisson,,0.0,,,bc62b51fd9125f432dae2ba572e47aa556bf59c20c01d508e4743636235952d7,20000,76452016,13718,6282,0.3141,0.34749809606067156,64804.54720560338,196296.0,0.9988697103038673,0.5727336021215129,7481,0,6479
bc9ff6267480cc14,comments0720-fixed-arm-discovery,poisson-n06-p015,pretrain_arm,9103,,8,6,6,poisson,,0.0,,,bc9ff6267480cc14bfb43b39ab2be391785c696c7d8048bc6382ae8158ab1bef,20000,77187096,13910,6090,0.3045,0.3493710399468844,64514.718880414446,196396.0,0.9977355918518251,0.5753132105995699,7477,0,6493
bcac40b5d4783e15,comments0720-fixed-arm-discovery,poisson-n05-p035,pretrain_arm,9127,,18,5,5,poisson,,0.0,,,bcac40b5d4783e15c7845c61794b5eb802ee9e14a5ab3f9d3ed471a08ac8e23c,20000,41614189,14634,5366,0.2683,0.6813706017435543,26434.860503282274,80163.0,0.9986064957211757,0.77280869915491,6239,0,5894
bd0b1411d26340cf,comments0720-fixed-arm-discovery,poisson-n06-p015,pretrain_arm,9113,,21,6,6,poisson,,0.0,,,bd0b1411d26340cf7fde24880fcc494416f4da92d9f0f9052232a58a3382cdb9,20000,78839466,14115,5885,0.29425,0.34706668358205267,64958.82613628306,198296.0,0.9982180654377258,0.5760017496732596,7477,0,6521
bd322f292e952121,comments0720-fixed-arm-discovery,turnover-n04-p030-j40-l400,pretrain_arm,9103,,21,4,4,poisson,,0.0,40,400,bd322f292e952121b65fed29324e8216b4b55adf8b1ca69ae9b7f6ca20f6dffa,20000,194676292,15960,4040,0.202,0.15888147797678415,94233.17189067202,110011.0,0.9115114343766328,0.5662903041178057,2932,0,2858
bdd00f3601189e04,comments0720-fixed-arm-discovery,poisson-n06-p015,pretrain_arm,9127,,6,6,6,poisson,,0.0,,,bdd00f3601189e04c6dd88e11108ded55e3b3debd6e819d042fa72eed5db2d2a,20000,76452016,13718,6282,0.3141,0.34749809606067156,64804.54720560338,196296.0,0.9988697103038673,0.5727336021215129,7481,0,6479
be63d77e6a18e9ca,comments0720-fixed-arm-discovery,poisson-n03-p045,pretrain_arm,9127,,0,3,3,poisson,,0.0,,,be63d77e6a18e9cadb432134f8c39624f1608707974bcab9cf17857b56af6814,20000,55988036,14969,5031,0.25155,0.5182095867767178,20436.533115017042,64165.0,0.9980632031282434,0.7330934299683204,3746,0,3701
be8f6b0400a518f3,comments0720-fixed-arm-discovery,periodic-n04-p030-i100-d2000,pretrain_arm,9103,,23,4,4,poisson,100,0.0,,,be8f6b0400a518f3911faae7231c08eb8d51c3883642a6a3062eaf9fae074175,20000,57630369,13876,6124,0.3062,0.4666009686663641,31197.265791750793,96249.0,0.9988792131987533,0.6811107272883725,4991,0,4759
bed47da178568dce,comments0720-fixed-arm-discovery,saturated-n03,pretrain_arm,9113,,5,3,3,saturated,,0.0,,,bed47da178568dce3cce5ad2ab3c30f47c46d96b96c9ba29053f64f008797184,20000,40053334,19996,4,0.0002,0.9674024139913047,10017.903051525764,10016.0,0.998969636304257,0.9820633500985205,3744,0,3738
bf78664dd644fec8,comments0720-fixed-arm-discovery,poisson-n05-p035,pretrain_arm,9113,,21,5,5,poisson,,0.0,,,bf78664dd644fec8cb55b774af12ac6055c80a35d71d94b811744ccf46641c0d,20000,41978459,14686,5314,0.2657,0.6782887861605401,26571.673344235485,80116.0,0.9968956060041909,0.7718924640549104,6235,0,5899
bfa285f6dce9bf5f,comments0720-fixed-arm-discovery,saturated-n03,pretrain_arm,9127,,8,3,3,saturated,,0.0,,,bfa285f6dce9bf5f2763726c6ac9cdd722a9672f8c0fca506d5ad4587fd01fc3,20000,40053326,20000,0,0.0,0.9675915303513122,10015.998499549865,10016.0,0.9989760822616338,0.9821785375376487,3744,0,3738
bfe8d6d5a557f07d,comments0720-fixed-arm-discovery,poisson-n03-p045,pretrain_arm,9113,,9,3,3,poisson,,0.0,,,bfe8d6d5a557f07de1cdf82764301acdc6152ed174491552611b6c75da96fb31,20000,52044265,14102,5898,0.2949,0.524978112381835,20134.446296821792,64166.0,0.998904393963426,0.7247918354484203,3745,0,3679
c0cf107784dae214,comments0720-fixed-arm-discovery,turnover-n06-p030-j40-l400,pretrain_arm,9103,,10,6,6,poisson,,0.0,40,400,c0cf107784dae214b3df1a4277851c1f6eb0be6a798e0addd69632bb306514fe,20000,161889126,15398,4602,0.2301,0.1843746688705948,121661.29123878852,110258.0,0.839821828864833,0.5437018325784759,3573,0,3420
c1019bacf3d8bcc9,comments0720-fixed-arm-discovery,periodic-n06-p030-i030-d5000,pretrain_arm,9127,,12,6,6,poisson,30,0.0,,,c1019bacf3d8bcc9acb3db5cd354c96d3c7ffe6e30aa08ca547524b94760190a,20000,48052167,17084,2916,0.1458,0.6892517251095044,31733.720712277413,58052.0,0.9975388934061797,0.8204455395052281,7481,0,7357
c1314db0578e89f6,comments0720-fixed-arm-discovery,poisson-n04-p025,pretrain_arm,9103,,10,4,4,poisson,,0.0,,,c1314db0578e89f6b2e9729b91eca5b358d44641a73384382ebf7fe31956b06f,20000,70881218,14115,5885,0.29425,0.38589178871051566,38158.27071666549,116272.0,0.9992337444086405,0.6439646777063855,4992,0,4782
c14023e04c53a38d,comments0720-fixed-arm-discovery,poisson-n03-p015,pretrain_arm,9127,,8,3,3,poisson,,0.0,,,c14023e04c53a38d395bf86b0ca7cebd70486840d25b6f62bc40ee3f8f9c604c,20000,183096521,16513,3487,0.17435,0.17472510032017485,64491.458835645484,196154.0,0.9991226248354127,0.5502590750518626,3746,0,3716
c160f471bd1a0291,comments0720-fixed-arm-discovery,poisson-n06-p045,pretrain_arm,9103,,18,6,6,poisson,,0.0,,,c160f471bd1a029113ea567efac0902d1f9d8e2fc2e8a8f62958c95aab574e88,20000,40046895,19892,108,0.0054,0.962457588784349,22149.99944668008,22022.0,0.9989454069430352,0.9711029985757947,7482,0,7470
c197bc4509db31dd,comments0720-fixed-arm-discovery,poisson-n05-p035,pretrain_arm,9103,,6,5,5,poisson,,0.0,,,c197bc4509db31dddbdfbfcd740749fb7e48210255c32300aff2c520a59121c1,20000,41902749,14494,5506,0.2753,0.6701637164664304,26887.18834576084,82103.0,0.9980345088601195,0.7658390751088499,6233,0,5873
c19a692ff34f81d2,comments0720-fixed-arm-discovery,turnover-n06-p030-j40-l400,pretrain_arm,9113,,15,6,6,poisson,,0.0,40,400,c19a692ff34f81d22bf56639b44bea84cc41dbfc0001bb599f32ba3e2468f0e8,20000,164141306,16353,3647,0.18235,0.19303782071771744,116244.08708157396,108205.0,0.8495513066541804,0.5631388757906326,3578,0,3444
c2204ef4a7ad6b36,comments0720-fixed-arm-discovery,poisson-n06-p015,pretrain_arm,9113,,6,6,6,poisson,,0.0,,,c2204ef4a7ad6b3653dffba722ef472bc10459b7caf69319d3ef71745274bceb,20000,76464777,13705,6295,0.31475,0.3474429278725288,64894.90557219017,196445.0,0.9983946603900227,0.5722950294208505,7477,0,6473
c234b48b25fd956d,comments0720-fixed-arm-discovery,turnover-n06-p030-j40-l400,pretrain_arm,9103,,22,6,6,poisson,,0.0,40,400,c234b48b25fd956d730b436d80305ff62c58c06974f801f7aa4368320b09cd3e,20000,161903102,15576,4424,0.2212,0.18644458708394604,120227.14096633256,110011.0,0.8467511047079039,0.5490912305972833,3573,0,3424
c27da2493f50dfdb,comments0720-fixed-arm-discovery,saturated-n03,pretrain_arm,9127,,7,3,3,saturated,,0.0,,,c27da2493f50dfdb9ab550e1e52f14ae42b22b7520162412f4e0f547e002a101,20000,40053326,20000,0,0.0,0.9675915303513122,10015.998499549865,10016.0,0.9989760822616338,0.9821785375376487,3744,0,3738
c2f990b5c1ed6591,comments0720-fixed-arm-discovery,poisson-n05-p035,pretrain_arm,9103,,1,5,5,poisson,,0.0,,,c2f990b5c1ed6591dab7c7dd4bcfcab857f8c0196153ba8c3e5f61141ff85ba8,20000,43448874,14991,5009,0.25045,0.66850008587104,26962.92917695748,80170.0,0.9979112503938253,0.7727446120882885,6234,0,5855
c3afdf839e10631d,comments0720-fixed-arm-discovery,poisson-n04-p025,pretrain_arm,9113,,16,4,4,poisson,,0.0,,,c3afdf839e10631d1100a1bd0984464df5097db4ec175cf0e1c98461c942fd51,20000,76959684,15513,4487,0.22435,0.3906216402863608,37678.60309577556,116187.0,0.9986604396355295,0.6628818599739635,4988,0,4814
c3fd9b24d80bbd75,comments0720-fixed-arm-discovery,poisson-n06-p015,pretrain_arm,9113,,11,6,6,poisson,,0.0,,,c3fd9b24d80bbd75ccb87baaec98e42d382b7c8ea4e4d813b10a0874d569f92b,20000,78516615,14057,5943,0.29715,0.3469317672444234,64930.53748665006,198395.0,0.9980374488770447,0.5751055720404894,7477,0,6495
c4069cfd25e83d3e,comments0720-fixed-arm-discovery,periodic-n06-p030-i030-d5000,pretrain_arm,9127,,0,6,6,poisson,30,0.0,,,c4069cfd25e83d3e81e912bf7fdfbe3e0162bcdee5ced77cc94632854ab06838,20000,48052194,17066,2934,0.1467,0.688330443350828,31771.28274891521,58048.0,0.9977404891253764,0.8199833108254014,7481,0,7356
c40920731a6a8ee5,comments0720-fixed-arm-discovery,poisson-n05-p035,pretrain_arm,9113,,18,5,5,poisson,,0.0,,,c40920731a6a8ee534e10a936bb392d886a27e2cc585c8eeb00140980b1eddb8,20000,41907034,14653,5347,0.26735,0.6776359787237627,26594.128047531245,80151.0,0.9968232279246382,0.7712149022161336,6235,0,5869
c43840e28437cef8,comments0720-fixed-arm-discovery,poisson-n06-p045,pretrain_arm,9127,,3,6,6,poisson,,0.0,,,c43840e28437cef8073d02b8c63ce70f9e41da3ab29378ad28e1d7755a253f7b,20000,40050824,19910,90,0.0045,0.963259757152562,22122.87903306865,22022.0,0.9989737177942396,0.9716048249822671,7477,0,7463
c4bbd872caabbdb2,comments0720-fixed-arm-discovery,poisson-n06-p015,pretrain_arm,9113,,20,6,6,poisson,,0.0,,,c4bbd872caabbdb27c96903117809bcc53365a6984b4570d6604e3fcc3c307ba,20000,78839466,14115,5885,0.29425,0.34706668358205267,64958.82613628306,198296.0,0.9982180654377258,0.5760017496732596,7477,0,6521
c4e5326a158bc5dd,comments0720-fixed-arm-discovery,turnover-n06-p030-j40-l400,pretrain_arm,9113,,21,6,6,poisson,,0.0,40,400,c4e5326a158bc5dda7991a3a5a5a2f7626b292e2376417f50e7b5691e1a9afe9,20000,158363598,15426,4574,0.2287,0.18878027133483036,118871.05877773452,110011.0,0.8386763785960784,0.5453032166436363,3576,0,3411
c54b297140b2ead5,comments0720-fixed-arm-discovery,poisson-n03-p015,pretrain_arm,9113,,0,3,3,poisson,,0.0,,,c54b297140b2ead5fac1cae03b069ef12757374e11a88b9d757f6b3ab58292e4,20000,191629364,17318,2682,0.1341,0.17508323515596494,64368.27818853974,196242.0,0.9989717021246808,0.5603319790935485,3743,0,3700
c5856ce7439dd543,comments0720-fixed-arm-discovery,periodic-n04-p030-i100-d2000,pretrain_arm,9113,,21,4,4,poisson,100,0.0,,,c5856ce7439dd5438f610215013469bad54682f9d5162ad776250de1604b08bc,20000,57368036,13726,6274,0.3137,0.4634436849119255,31423.905452689898,98247.0,0.9993041091406157,0.6769929313508471,4993,0,4760
c5d2ced0f267cb1b,comments0720-fixed-arm-discovery,turnover-n06-p030-j40-l400,pretrain_arm,9127,,15,6,6,poisson,,0.0,40,400,c5d2ced0f267cb1b995de6e7873a821085e45146b57c8fe98dc762afd5ab35a1,20000,172857331,16447,3553,0.17765,0.1844355389242936,122043.91104350472,112227.0,0.8585996755299754,0.561781238151423,3575,0,3416
c633d0c88d34a9a9,comments0720-fixed-arm-discovery,poisson-n04-p025,pretrain_arm,9127,,4,4,4,poisson,,0.0,,,c633d0c88d34a9a90811243a6c392145776ada048a010bb1e646c349a6eab51d,20000,77678112,15489,4511,0.22555,0.3865439726444433,38099.85621083909,116293.0,0.9989195505231951,0.6612383410558794,4990,0,4826
c66c2282abd6bbea,comments0720-fixed-arm-discovery,poisson-n06-p045,pretrain_arm,9113,,19,6,6,poisson,,0.0,,,c66c2282abd6bbea620c7efd9f4a8404f986b862b5fe1200461751f67e914688,20000,40044976,19811,189,0.00945,0.9587372957846197,22246.320773776453,22022.0,0.9989611211209812,0.9688556389685336,7478,0,7461
c6973f459d12246a,comments0720-fixed-arm-discovery,poisson-n03-p045,pretrain_arm,9103,,4,3,3,poisson,,0.0,,,c6973f459d12246a9075e2a874b192d1399bf2c8e95ff025201363a4697c9691,20000,56952512,15359,4641,0.23205,0.5225562307067334,20240.634664235004,64156.0,0.9989309898091808,0.7397125735053047,3745,0,3706
c6bd4ad0ee62f52b,comments0720-fixed-arm-discovery,poisson-n03-p015,pretrain_arm,9127,,2,3,3,poisson,,0.0,,,c6bd4ad0ee62f52bfde8302d35721048d8752baf9bfa1d2e1734148c9f98aa2e,20000,193559870,17460,2540,0.127,0.1747528038740675,64488.983213017076,196094.0,0.9991881818895748,0.5621676619212141,3746,0,3721
c73cd5d24d10b605,comments0720-fixed-arm-discovery,poisson-n04-p025,pretrain_arm,9103,,3,4,4,poisson,,0.0,,,c73cd5d24d10b605acb66db03f9d943e5ace4cc7331a40fde1771fe4e456e4c1,20000,77469784,15382,4618,0.2309,0.38469963979762745,38282.25406530506,116244.0,0.9989813648230378,0.6593393348735551,4992,0,4808
c7552a44cfe16ffa,comments0720-fixed-arm-discovery,poisson-n03-p015,pretrain_arm,9113,,10,3,3,poisson,,0.0,,,c7552a44cfe16ffad15de013a67b0d7f859b3e7d0cb1dacc585d886bea68b52e,20000,182584809,16522,3478,0.1739,0.17533218220799518,64292.46264228627,198197.0,0.9988836037456857,0.5491322619845602,3743,0,3698
c7a093225e1c3481,comments0720-fixed-arm-discovery,saturated-n06,pretrain_arm,9103,,7,6,6,saturated,,0.0,,,c7a093225e1c3481c520892eae2633ecaa7122e786c7c2b2806835e1eed142c1,20000,40036650,19989,11,0.00055,0.9674508731374878,22026.104169795264,22022.0,0.9989652444108643,0.973986539182784,7477,0,7465
c7d162bdc2f9da77,comments0720-fixed-arm-discovery,poisson-n03-p015,pretrain_arm,9103,,8,3,3,poisson,,0.0,,,c7d162bdc2f9da77ccca6676e94de1303e072357985da2f4f29963d63e87defa,20000,180286529,16273,3727,0.18635,0.17490490928470867,64461.954263232314,200158.0,0.9984725923011157,0.5444330005286082,3744,0,3696
c8fe892911ddafba,comments0720-fixed-arm-discovery,poisson-n03-p015,pretrain_arm,9113,,5,3,3,poisson,,0.0,,,c8fe892911ddafba3d8d4cd67bcba74a62fe3037a2b1a837aeace1fa9eceb844,20000,194301453,17559,2441,0.12205,0.17504471775617653,64380.11678915285,198130.0,0.9989184586392909,0.5620552254651557,3743,0,3709
c903cc397da1980f,comments0720-fixed-arm-discovery,poisson-n05-p035,pretrain_arm,9127,,19,5,5,poisson,,0.0,,,c903cc397da1980f6969cbdcaeb9d4a096b3559ecfe339255a5f7b459c9d9b01,20000,41614189,14634,5366,0.2683,0.6813706017435543,26434.860503282274,80163.0,0.9986064957211757,0.77280869915491,6239,0,5894
c94266f517212446,comments0720-fixed-arm-discovery,saturated-n03,pretrain_arm,9113,,17,3,3,saturated,,0.0,,,c94266f5172124468f401baac36c7ccce232a4528e7748b2e0fb2f366773796e,20000,40053334,19996,4,0.0002,0.9674024139913047,10017.903051525764,10016.0,0.998969636304257,0.9820633500985205,3744,0,3738
c95c4a3bad625d23,comments0720-fixed-arm-discovery,poisson-n03-p045,pretrain_arm,9127,,8,3,3,poisson,,0.0,,,c95c4a3bad625d23dafaa8c772448cb68ef9a9bf473e5392f5d83e13184fea39,20000,52356012,14006,5994,0.2997,0.5184858999573917,20419.537571428573,64180.0,0.9978375476580794,0.7210628158718236,3746,0,3687
c980c8abcb8f640c,comments0720-fixed-arm-discovery,poisson-n03-p045,pretrain_arm,9103,,13,3,3,poisson,,0.0,,,c980c8abcb8f640c25fc82ded9e320e2fd047203a42748c51d13726156188531,20000,55588682,14961,5039,0.25195,0.52170616313587,20282.539886325645,64109.0,0.9988534125821201,0.7344596919059968,3745,0,3702
c9a3edd5a35761b7,comments0720-fixed-arm-discovery,poisson-n06-p015,pretrain_arm,9127,,11,6,6,poisson,,0.0,,,c9a3edd5a35761b7e1883693e99401bb9809dfb45dd1106ddcb6e6aecd178b12,20000,78637527,14129,5871,0.29355,0.34806392118612783,64729.159948997665,194571.0,0.9989745129656223,0.5792446447172501,7481,0,6536
c9fdb51a2f068d6f,comments0720-fixed-arm-discovery,poisson-n06-p015,pretrain_arm,9127,,18,6,6,poisson,,0.0,,,c9fdb51a2f068d6f05f1bbe177622fca33a3f767c8950644678cfdcb1687c500,20000,77403103,13881,6119,0.30595,0.34737622857316197,64856.46838272406,196268.0,0.9988917171739464,0.5747564819157028,7481,0,6472
ca5b946030479f6a,comments0720-fixed-arm-discovery,poisson-n06-p015,pretrain_arm,9127,,3,6,6,poisson,,0.0,,,ca5b946030479f6aadc8e38bf873e31f23fde82781c8ae61670f59b5236b2c36,20000,85992511,15381,4619,0.23095,0.34653125782081184,65035.70551109376,196379.0,0.9989341647047427,0.5931649741751849,7481,0,6629
caa100e5414aa7f8,comments0720-fixed-arm-discovery,poisson-n04-p025,pretrain_arm,9127,,19,4,4,poisson,,0.0,,,caa100e5414aa7f893b113a3919c0a0569c70426fce31d23be25b2777c257ee3,20000,70085824,13872,6128,0.3064,0.3836236840134747,38401.73593479515,118281.0,0.9989037356405346,0.6387218065513364,4990,0,4771
caf8b727b6c522f3,comments0720-fixed-arm-discovery,periodic-n06-p030-i030-d5000,pretrain_arm,9113,,1,6,6,poisson,30,0.0,,,caf8b727b6c522f36d928e58449a24666997328106b557a6b1e4b56f925db14c,20000,48052079,17446,2554,0.1277,0.703591222348569,31039.349087988987,56049.0,0.997861459422734,0.8311932272571009,7476,0,7364
cb0763e2e800864d,comments0720-fixed-arm-discovery,poisson-n03-p015,pretrain_arm,9113,,21,3,3,poisson,,0.0,,,cb0763e2e800864d78f3a0db5604d576500788fea6bfde6add58eb923167c07d,20000,182187729,16477,3523,0.17615,0.17526438896441812,64318.844575314186,198180.0,0.9988841698437558,0.5485586862693913,3743,0,3696
cb33d068c1fa7323,comments0720-fixed-arm-discovery,poisson-n04-p025,pretrain_arm,9113,,1,4,4,poisson,,0.0,,,cb33d068c1fa732378b57998bab30ff82852dbbe2d521b63ed36699d1c754a88,20000,75046767,15142,4858,0.2429,0.390779059143214,37639.71276595745,116176.0,0.99852073705344,0.658257598732218,4988,0,4812
cb6ae5b0c2d1e0b3,comments0720-fixed-arm-discovery,periodic-n04-p030-i100-d2000,pretrain_arm,9113,,1,4,4,poisson,100,0.0,,,cb6ae5b0c2d1e0b38765dcc56ed7ccaaec1abdc2f0a55fd33d1e3b7dc4d21666,20000,61352033,14711,5289,0.26445,0.4645142566017331,31350.68938311909,98211.0,0.9992113004916643,0.6896553523644657,4993,0,4793
cbd1867b780e0c91,comments0720-fixed-arm-discovery,saturated-n06,pretrain_arm,9127,,22,6,6,saturated,,0.0,,,cbd1867b780e0c916019a3177dbf03886808bb7bac7bc61ea5ef469297e1cf12,20000,40036661,19982,18,0.0009,0.9670565185243595,22037.136654982474,22022.0,0.9989312789700068,0.9737562658314554,7477,0,7465
cc602c4e0b67b246,comments0720-fixed-arm-discovery,saturated-n03,pretrain_arm,9113,,20,3,3,saturated,,0.0,,,cc602c4e0b67b246bfddae06a260b43dc183537e2463d273059f2aeb6217ea2f,20000,40053334,19996,4,0.0002,0.9674024139913047,10017.903051525764,10016.0,0.998969636304257,0.9820633500985205,3744,0,3738
cc6d118493324820,comments0720-fixed-arm-discovery,saturated-n03,pretrain_arm,9113,,7,3,3,saturated,,0.0,,,cc6d118493324820de613fa13d19b1092cda584788c64482ec03e261ba7a7667,20000,40053334,19996,4,0.0002,0.9674024139913047,10017.903051525764,10016.0,0.998969636304257,0.9820633500985205,3744,0,3738
cc8a4ecfcbe1b30e,comments0720-fixed-arm-discovery,periodic-n06-p030-i030-d5000,pretrain_arm,9113,,9,6,6,poisson,30,0.0,,,cc8a4ecfcbe1b30e5b98d7e8be953e9788941ccf5a62e271fe011567a234e09e,20000,48053445,17413,2587,0.12935,0.7022008099523354,31102.71788977645,70062.0,0.9982694203366302,0.8211112434296552,7475,0,7331
cca0157699783e97,comments0720-fixed-arm-discovery,saturated-n06,pretrain_arm,9103,,20,6,6,saturated,,0.0,,,cca0157699783e9735b3d46b27cffbf8526a6221cf51e0e4d4e039967efd1071,20000,40036650,19989,11,0.00055,0.9674508731374878,22026.104169795264,22022.0,0.9989652444108643,0.973986539182784,7477,0,7465
ccb38ed753e36400,comments0720-fixed-arm-discovery,periodic-n04-p030-i100-d2000,pretrain_arm,9113,,4,4,4,poisson,100,0.0,,,ccb38ed753e36400d436689691a5fd2049c9f666a7c05ac8d670ea25777f0acf,20000,63235301,15160,4840,0.242,0.4643677903897382,31350.776465153114,98218.0,0.9990072993892833,0.6951463632596738,4993,0,4787
ccca914060d5970a,comments0720-fixed-arm-discovery,poisson-n03-p045,pretrain_arm,9113,,11,3,3,poisson,,0.0,,,ccca914060d5970a3b140bb72c85e96b81d96d4f48c078bed3a42833ba54e3f8,20000,52855298,14316,5684,0.2842,0.5248415589294378,20145.02746331237,64182.0,0.998848132582408,0.7273918971706153,3745,0,3675
cceabb3361fe49a8,comments0720-fixed-arm-discovery,poisson-n05-p035,pretrain_arm,9113,,9,5,5,poisson,,0.0,,,cceabb3361fe49a8048dcd0501f1a0a16cc45b58183cedf6088c33ad7aca5a3e,20000,42018407,14705,5295,0.26475,0.678576296336032,26560.965498468868,82105.0,0.9969239439029657,0.7709092467463327,6235,0,5908
cd14a97da5e1c332,comments0720-fixed-arm-discovery,poisson-n04-p025,pretrain_arm,9127,,2,4,4,poisson,,0.0,,,cd14a97da5e1c3320e9edbdc691f93b6e63197b1e80c2e51a1537bd1f27e7c1e,20000,76965153,15337,4663,0.23315,0.38620302619290575,38117.95459586405,116359.0,0.9989123590573823,0.6591782950834294,4990,0,4828
cd4bd3a1a4b27ab4,comments0720-fixed-arm-discovery,poisson-n06-p045,pretrain_arm,9127,,7,6,6,poisson,,0.0,,,cd4bd3a1a4b27ab45665152cc264fed1022ca6435f1b415ea6e3d9fd08f993f0,20000,40050841,19914,86,0.0043,0.963461990723241,22118.04115164305,22022.0,0.9989815055563485,0.9717248320931964,7477,0,7463
cd9bbeb0a253c95b,comments0720-fixed-arm-discovery,poisson-n04-p025,pretrain_arm,9127,,16,4,4,poisson,,0.0,,,cd9bbeb0a253c95bf6063cee57880cc5441b976fda84e75f780b8cf873be41f2,20000,77551948,15462,4538,0.2269,0.3863198639446168,38096.95457486735,118209.0,0.9989256979188447,0.6595508539544871,4990,0,4829
cdb2ce94183018fc,comments0720-fixed-arm-discovery,turnover-n06-p030-j40-l400,pretrain_arm,9113,,18,6,6,poisson,,0.0,40,400,cdb2ce94183018fc463e664945da7f8fc17e381979c7f217f86e29baac847968,20000,157707012,15290,4710,0.2355,0.1878637520568838,119477.05884278046,110143.0,0.8350869804848426,0.5420132441805755,3575,0,3411
ce451043deb51a29,comments0720-fixed-arm-discovery,poisson-n05-p035,pretrain_arm,9103,,18,5,5,poisson,,0.0,,,ce451043deb51a29acbdb56714ad7b497317eebfd9455c5fbb3e94627ab1bda2,20000,41831636,14479,5521,0.27605,0.670723038420013,26868.141267537492,80211.0,0.997937544791118,0.7670670277370436,6233,0,5868
ce9e82accc1b644e,comments0720-fixed-arm-discovery,saturated-n03,pretrain_arm,9103,,21,3,3,saturated,,0.0,,,ce9e82accc1b644ed9f97e40a97fa2af9e34ab72ced8e04ac6367249a3ea30a2,20000,40053330,19995,5,0.00025,0.9673491317700675,10017.201760968534,10016.0,0.9989793094683057,0.9820363137461244,3745,0,3739
cf6b4c28f056533e,comments0720-fixed-arm-discovery,periodic-n04-p030-i100-d2000,pretrain_arm,9127,,8,4,4,poisson,100,0.0,,,cf6b4c28f056533e462fbb467c52e50bf0167768158a0c864d555affe84d6a27,20000,56933020,13755,6245,0.31225,0.46814966077682163,31092.966247181204,96220.0,0.9978562923625911,0.6797928177131376,4990,0,4770
cfd2f5bcca1e66d0,comments0720-fixed-arm-discovery,poisson-n03-p045,pretrain_arm,9127,,14,3,3,poisson,,0.0,,,cfd2f5bcca1e66d096006c5a9fcf8520de94039d407c7248f8e37bc6389b226b,20000,56589787,15112,4888,0.2444,0.5175915223006582,20461.15887726731,64164.0,0.9979797717671242,0.7346477646892607,3746,0,3699
d056a5c3094e682f,comments0720-fixed-arm-discovery,poisson-n03-p045,pretrain_arm,9127,,21,3,3,poisson,,0.0,,,d056a5c3094e682fe4e1b826d6565acdc2751fc8afc8054539317a514f68627d,20000,52538106,14057,5943,0.29715,0.5185997188402642,20416.908832111592,64170.0,0.9978870897809938,0.7217614362070859,3746,0,3702
d0c533242ae100f0,comments0720-fixed-arm-discovery,poisson-n03-p015,pretrain_arm,9113,,23,3,3,poisson,,0.0,,,d0c533242ae100f0bbf30bc9c976cc069f6af35f9c8a8302a862e68ffd5bac70,20000,182376689,16504,3496,0.1748,0.17535801957672342,64275.140198811976,198167.0,0.9988775691841308,0.5489338629202848,3743,0,3706
d1030a4883c5c7a7,comments0720-fixed-arm-discovery,turnover-n06-p030-j40-l400,pretrain_arm,9127,,18,6,6,poisson,,0.0,40,400,d1030a4883c5c7a776b0f49d965eaa464f62d7eb216f494417f085585643b79d,20000,166207861,15508,4492,0.2246,0.18095286118867748,124444.39848993288,112188.0,0.850568675828225,0.5462318456723008,3575,0,3399
d13d188d4248d112,comments0720-fixed-arm-discovery,periodic-n06-p030-i030-d5000,pretrain_arm,9127,,14,6,6,poisson,30,0.0,,,d13d188d4248d1124877859354c79dfb5e108afd7c5cc0452342210215c20922,20000,48052212,17093,2907,0.14535,0.6894663662933976,31711.405655406594,60045.0,0.9976070889178578,0.8193236517370851,7482,0,7361
d1c91ce6d6e8c1ed,comments0720-fixed-arm-discovery,poisson-n03-p015,pretrain_arm,9103,,6,3,3,poisson,,0.0,,,d1c91ce6d6e8c1ed471bbe9b21d0b8dae63ea8228e0d64705406f17665d3cbdc,20000,179454833,16185,3815,0.19075,0.1748039965020056,64511.79522838247,200143.0,0.998461671902357,0.5433057228014543,3744,0,3696
d1e35c89340c5917,comments0720-fixed-arm-discovery,periodic-n04-p030-i100-d2000,pretrain_arm,9127,,21,4,4,poisson,100,0.0,,,d1e35c89340c5917b137ddec16c807309adcea49a43ab5e2079f3242524d59a0,20000,57369617,13874,6126,0.3063,0.4686314360439255,31067.5173806433,96300.0,0.997850903956409,0.6813857800001115,4990,0,4787
d1f3c076298d83ab,comments0720-fixed-arm-discovery,poisson-n06-p045,pretrain_arm,9127,,0,6,6,poisson,,0.0,,,d1f3c076298d83ab0c6094f6bea80339a90f361a8c76e8871634e50acff9604d,20000,40050823,19894,106,0.0053,0.9624761019267943,22142.291771451564,22022.0,0.9990116750802094,0.9711562590023345,7477,0,7464
d1f4bbd221815c10,comments0720-fixed-arm-discovery,poisson-n04-p025,pretrain_arm,9103,,19,4,4,poisson,,0.0,,,d1f4bbd221815c102e472bb72f9227683647774604380de5e9fcd6521a59c48b,20000,70034790,13936,6064,0.3032,0.3854192751916583,38172.68717690982,116282.0,0.9992674789263373,0.6415742513726652,4992,0,4760
d2423e5367066cf3,comments0720-fixed-arm-discovery,saturated-n03,pretrain_arm,9103,,4,3,3,saturated,,0.0,,,d2423e5367066cf3e751554bffb184e4bfb959567447817b32446d72a4bdafa8,20000,40053330,19995,5,0.00025,0.9673491317700675,10017.201760968534,10016.0,0.9989793094683057,0.9820363137461244,3745,0,3739
d2e2e782824d73b0,comments0720-fixed-arm-discovery,saturated-n06,pretrain_arm,9103,,11,6,6,saturated,,0.0,,,d2e2e782824d73b075486a745a08a6b7b05934d6517664f1480b547aeb64ccdc,20000,40036650,19989,11,0.00055,0.9674508731374878,22026.104169795264,22022.0,0.9989652444108643,0.973986539182784,7477,0,7465
d3107ec347fb3fab,comments0720-fixed-arm-discovery,saturated-n06,pretrain_arm,9113,,14,6,6,saturated,,0.0,,,d3107ec347fb3fab570308bd2f401f1efba269bf132c8c2cd8ccab853c6a21b9,20000,40036655,19977,23,0.00115,0.9668014473237088,22039.544452792386,22022.0,0.9989397952422566,0.9736115808553218,7479,0,7467
d339cf3a989aabc9,comments0720-fixed-arm-discovery,poisson-n06-p045,pretrain_arm,9103,,23,6,6,poisson,,0.0,,,d339cf3a989aabc9e9b04dddd89f091217dc33e9f6e7f6aaaa9b7df5d4725326,20000,40046897,19897,103,0.00515,0.9627233041301552,22143.928589388986,22022.0,0.9989721622556811,0.9712629887952788,7482,0,7470
d34ddba3dcd4fbf0,comments0720-fixed-arm-discovery,poisson-n03-p015,pretrain_arm,9127,,17,3,3,poisson,,0.0,,,d34ddba3dcd4fbf075fa0b76e1390a108516c3250c5a100dbaad544700279c34,20000,193326445,17452,2548,0.1274,0.1748672510892134,64448.705376590624,196163.0,0.999166396993992,0.5620525493610684,3746,0,3720
d370d70c7d23cc0e,comments0720-fixed-arm-discovery,poisson-n03-p015,pretrain_arm,9113,,1,3,3,poisson,,0.0,,,d370d70c7d23cc0e6aefa247417285aa975aa371879e042c6d940f02588a4bd7,20000,191629364,17318,2682,0.1341,0.17508323515596494,64368.27818853974,196242.0,0.9989717021246808,0.5603319790935485,3743,0,3700
d38092342d9232a3,comments0720-fixed-arm-discovery,poisson-n03-p045,pretrain_arm,9127,,3,3,3,poisson,,0.0,,,d38092342d9232a391e3c5358ad16ee82f842e515ebc0c0d8fa41b78b701fa04,20000,56876713,15180,4820,0.241,0.5172484914871927,20476.86213259523,64176.0,0.9979957940266798,0.7353807618379575,3746,0,3706
d3ab79ad7a9c1e1c,comments0720-fixed-arm-discovery,poisson-n06-p015,pretrain_arm,9127,,16,6,6,poisson,,0.0,,,d3ab79ad7a9c1e1c04584dea746f2c5fbc9fabd624127d0d3ef1a1061062b8c6,20000,87187930,15607,4393,0.21965,0.34682638984547515,64964.944212888746,196368.0,0.998911587909971,0.5960881592518154,7481,0,6660
d3dd981698880fb3,comments0720-fixed-arm-discovery,poisson-n06-p015,pretrain_arm,9127,,23,6,6,poisson,,0.0,,,d3dd981698880fb3a803fe8b82cfd9cf0baf052f0f3a597683e1d61d0cd8da02,20000,78725781,14147,5853,0.29265,0.3481080613223767,64704.79540148567,194472.0,0.9989866437773446,0.5795544016999071,7481,0,6513
d3ec8b0a3bb1cf7e,comments0720-fixed-arm-discovery,periodic-n06-p030-i030-d5000,pretrain_arm,9113,,23,6,6,poisson,30,0.0,,,d3ec8b0a3bb1cf7e13228ed7b325e0ca69e20c18d3d8f05a533c4a55957fe643,20000,48053360,17445,2555,0.12775,0.7036398911543335,31040.51723742328,70060.0,0.9981498131743047,0.8219524014428795,7475,0,7337
d43343228b277682,comments0720-fixed-arm-discovery,turnover-n06-p030-j40-l400,pretrain_arm,9113,,8,6,6,poisson,,0.0,40,400,d43343228b277682ea7f3dee60e4a250a7c7deb948b4a7e6a2dac32fb109ae36,20000,157316626,15428,4572,0.2286,0.19004670237461105,118055.22775038921,110044.0,0.8415935850274817,0.5467007624673642,3576,0,3421
d43fcf79926a0953,comments0720-fixed-arm-discovery,periodic-n04-p030-i100-d2000,pretrain_arm,9103,,13,4,4,poisson,100,0.0,,,d43fcf79926a0953613fce7132b80b053e84413c807509a945f24a41e2630001,20000,61556533,14772,5228,0.2614,0.46492121315539325,31298.198658900026,96210.0,0.9986005005617197,0.6916839045723709,4991,0,4805
d44d4b35ebcf7d35,comments0720-fixed-arm-discovery,periodic-n06-p030-i030-d5000,pretrain_arm,9113,,18,6,6,poisson,30,0.0,,,d44d4b35ebcf7d3538767e49081260fdc2f9396b370f5bce4af665647ba23b0f,20000,48053028,17457,2543,0.12715,0.7039263998098101,31017.906104901118,69061.0,0.9981675665634366,0.8228698221244156,7475,0,7363
d4b4bdefb1f23b33,comments0720-fixed-arm-discovery,poisson-n04-p025,pretrain_arm,9103,,15,4,4,poisson,,0.0,,,d4b4bdefb1f23b3392895a1b5c85ef7206d78859a485e3ec712fff13813cfb0b,20000,77560320,15404,4596,0.2298,0.3848916430463412,38268.878734736296,116249.0,0.9989537580330341,0.6596658003597918,4992,0,4814
d4f3cfe76ddd14e8,comments0720-fixed-arm-discovery,poisson-n03-p015,pretrain_arm,9103,,21,3,3,poisson,,0.0,,,d4f3cfe76ddd14e829db553c658cfc0b9f1fe72190bbf896000ae32c37b45216,20000,180664640,16309,3691,0.18455,0.17495791096697172,64447.47764215175,200154.0,0.9984705236816594,0.5449026448828771,3744,0,3698
d518bcd95d3ac896,comments0720-fixed-arm-discovery,saturated-n03,pretrain_arm,9113,,13,3,3,saturated,,0.0,,,d518bcd95d3ac896bd1e22c853657479b18008dd6be9438f74dc7856cf884395,20000,40053334,19996,4,0.0002,0.9674024139913047,10017.903051525764,10016.0,0.998969636304257,0.9820633500985205,3744,0,3738
d529659cacc7776c,comments0720-fixed-arm-discovery,poisson-n06-p015,pretrain_arm,9103,,13,6,6,poisson,,0.0,,,d529659cacc7776c5b0ec5a96354275b8b17c05e149917468165437ae0232aab,20000,84927931,15263,4737,0.23685,0.3483624486271778,64692.515179332506,198335.0,0.9977185518149904,0.590591166814056,7475,0,6612
d55f5c569372f017,comments0720-fixed-arm-discovery,poisson-n03-p015,pretrain_arm,9127,,22,3,3,poisson,,0.0,,,d55f5c569372f017143e308ac5b0ad650f03c1ccb8702b7d8d2b0ba7bbbff5e8,20000,184679459,16646,3354,0.1677,0.1746212934271158,64539.058293269234,196173.0,0.9991075342042373,0.5518692758771176,3746,0,3723
d5ef42453779f2ae,comments0720-fixed-arm-discovery,periodic-n04-p030-i100-d2000,pretrain_arm,9127,,6,4,4,poisson,100,0.0,,,d5ef42453779f2ae1392bdf4143cd1f3cf0599317283ca30cfdbe0a79421890f,20000,56034796,13543,6457,0.32285,0.4685577868437319,31099.073143701513,98217.0,0.997853202688608,0.67594649651078,4990,0,4763
d61733730cfb0c61,comments0720-fixed-arm-discovery,poisson-n04-p025,pretrain_arm,9127,,7,4,4,poisson,,0.0,,,d61733730cfb0c61850628fb103ab0e6ec6e5ec2ab4d71e72fe262da6d83ae35,20000,69404783,13738,6262,0.3131,0.38347504090604245,38394.26416605972,118263.0,0.9988822951484565,0.6370021120181663,4990,0,4752
d63c3d4418312709,comments0720-fixed-arm-discovery,saturated-n06,pretrain_arm,9103,,8,6,6,saturated,,0.0,,,d63c3d4418312709bc257df802de3440d52f64e4d4cae222fa5b41d0088e6f2e,20000,40036650,19989,11,0.00055,0.9674508731374878,22026.104169795264,22022.0,0.9989652444108643,0.973986539182784,7477,0,7465
d66e4f721c0585aa,comments0720-fixed-arm-discovery,poisson-n05-p035,pretrain_arm,9103,,19,5,5,poisson,,0.0,,,d66e4f721c0585aa96b8277b003166ab8e4253326d1f32de12d4fdb4c4224543,20000,41831636,14479,5521,0.27605,0.670723038420013,26868.141267537492,80211.0,0.997937544791118,0.7670670277370436,6233,0,5868
d66f9498fa80ecaa,comments0720-fixed-arm-discovery,periodic-n06-p030-i030-d5000,pretrain_arm,9103,,7,6,6,poisson,30,0.0,,,d66f9498fa80ecaab68ef597cf972b428cba1aac3db4c53cfed063a348e8d44b,20000,48061485,17242,2758,0.1379,0.694798173631131,31419.765293093442,71063.0,0.9988453045469283,0.8160308260593531,7479,0,7349
d675f99d96292cfe,comments0720-fixed-arm-discovery,poisson-n03-p045,pretrain_arm,9127,,6,3,3,poisson,,0.0,,,d675f99d96292cfe96bab8c1c7cb9c057ed58b7da2e080405b5817b10b9adfb3,20000,51880773,13877,6123,0.30615,0.5184574254512361,20425.361545670825,64174.0,0.9977926660641778,0.7194298638384713,3746,0,3690
d6cb79cd8c941d9c,comments0720-fixed-arm-discovery,periodic-n04-p030-i100-d2000,pretrain_arm,9103,,15,4,4,poisson,100,0.0,,,d6cb79cd8c941d9cec0c41d73629f60df3ccc541cac4b8e64b114692ecc51989,20000,62560501,15020,4980,0.249,0.4653015166870227,31295.68218758327,96295.0,0.9985010540049043,0.6948208568973089,4991,0,4811
d6f7335a49b482f3,comments0720-fixed-arm-discovery,periodic-n04-p030-i100-d2000,pretrain_arm,9113,,9,4,4,poisson,100,0.0,,,d6f7335a49b482f3cc7c6cd5a0240b58bce951fb3ca838985a1fe9a128f1e611,20000,57052084,13681,6319,0.31595,0.46465620782581757,31344.932860381774,98225.0,0.9991399538041528,0.6767945538766569,4993,0,4754
d70a14a0c95e1e99,comments0720-fixed-arm-discovery,saturated-n06,pretrain_arm,9103,,6,6,6,saturated,,0.0,,,d70a14a0c95e1e9958e4386b91d920b034d5bce5192fce752d7f40da128fbfcf,20000,40036650,19989,11,0.00055,0.9674508731374878,22026.104169795264,22022.0,0.9989652444108643,0.973986539182784,7477,0,7465
d759bb84aa21900a,comments0720-fixed-arm-discovery,periodic-n04-p030-i100-d2000,pretrain_arm,9127,,13,4,4,poisson,100,0.0,,,d759bb84aa21900a763d4c0921e7eb4f5094bc31820e5037c7aa41b84c948c94,20000,61487538,14865,5135,0.25675,0.4684220402514734,31082.69542976375,96221.0,0.99797061109904,0.6937960504501711,4990,0,4802
d850eccbfa219cbb,comments0720-fixed-arm-discovery,turnover-n04-p030-j40-l400,pretrain_arm,9127,,12,4,4,poisson,,0.0,40,400,d850eccbfa219cbb3b329c299566db9ee0cb7292a862768bbc7de90ecc540ca0,20000,196693808,16823,3177,0.15885,0.16580096918963508,90368.19256616116,108055.0,0.9200747965320979,0.5835427552405775,2931,0,2873
d8d435a9f1509a15,comments0720-fixed-arm-discovery,turnover-n04-p030-j40-l400,pretrain_arm,9127,,10,4,4,poisson,,0.0,40,400,d8d435a9f1509a15841a23d80e133a9ab642ae4c08aee62cc0174332edd219d5,20000,192626289,15968,4032,0.2016,0.16074147594672294,93058.40614035088,108199.0,0.9067407851039505,0.5666280870168912,2932,0,2858
d8e39853db14dca1,comments0720-fixed-arm-discovery,poisson-n06-p015,pretrain_arm,9103,,12,6,6,poisson,,0.0,,,d8e39853db14dca1cd3c27db6794d8a539fa51ba193bf8046209daef4e0f5dc2,20000,84927931,15263,4737,0.23685,0.3483624486271778,64692.515179332506,198335.0,0.9977185518149904,0.590591166814056,7475,0,6612
d9156df96e140e21,comments0720-fixed-arm-discovery,turnover-n06-p030-j40-l400,pretrain_arm,9113,,3,6,6,poisson,,0.0,40,400,d9156df96e140e214fb4dd6766c005d8d2b026b305bd865b6ae89dec57483b11,20000,163118022,16355,3645,0.18225,0.19431722878542507,115437.1672275592,108011.0,0.8516085076736087,0.5644054121530114,3576,0,3442
d95528f94109a10c,comments0720-fixed-arm-discovery,poisson-n05-p035,pretrain_arm,9127,,21,5,5,poisson,,0.0,,,d95528f94109a10c363452bd87949d64697880d223e2d19637d61eff22ddb59a,20000,41847342,14737,5263,0.26315,0.6826438343443653,26388.594825830107,80239.0,0.9985920902047501,0.7744651415163719,6239,0,5892
d96beb59fc39b5c9,comments0720-fixed-arm-discovery,turnover-n06-p030-j40-l400,pretrain_arm,9113,,23,6,6,poisson,,0.0,40,400,d96beb59fc39b5c95f61f7c7443ed29ee804fcfaaa986bf21bdf32fb4b0aae1e,20000,157510116,15503,4497,0.22485,0.1907270832052463,117649.0021948228,110011.0,0.84814459159505,0.5500707249334321,3574,0,3435
d994ad2f9ae1ff06,comments0720-fixed-arm-discovery,poisson-n06-p015,pretrain_arm,9127,,0,6,6,poisson,,0.0,,,d994ad2f9ae1ff06b949041745208354e963d1dda0a3eb6a19d8264a783cd053,20000,84772420,15196,4804,0.2402,0.3473109650520771,64888.473656480506,196351.0,0.9990707742124857,0.5911765797548542,7481,0,6632
da57d1da76051b57,comments0720-fixed-arm-discovery,saturated-n06,pretrain_arm,9113,,11,6,6,saturated,,0.0,,,da57d1da76051b5740287c70349b31c5d6dd66bc552bf1660b5302b28c97814c,20000,40036657,19982,18,0.0009,0.9670903092633334,22033.52643965949,22022.0,0.9989468965753899,0.9737727352795744,7479,0,7467
da782e3d4a09da44,comments0720-fixed-arm-discovery,turnover-n06-p030-j40-l400,pretrain_arm,9127,,8,6,6,poisson,,0.0,40,400,da782e3d4a09da441d11480f2dcf25a25358668927132dc4736bbf430bf21d04,20000,166314000,15429,4571,0.22855,0.17981355748764385,125176.85457611727,112231.0,0.8481472344396509,0.5440287639757649,3574,0,3405
db1dad29c8835b41,comments0720-fixed-arm-discovery,saturated-n06,pretrain_arm,9127,,15,6,6,saturated,,0.0,,,db1dad29c8835b41f0c8a2c8881fea8466b2a782ec0423fd7821eacf18829a7b,20000,40036661,19982,18,0.0009,0.9670565185243595,22037.136654982474,22022.0,0.9989312789700068,0.9737562658314554,7477,0,7465
db55f960ac6a5ed9,comments0720-fixed-arm-discovery,poisson-n04-p025,pretrain_arm,9113,,11,4,4,poisson,,0.0,,,db55f960ac6a5ed9f85c89925b3cbaab85a7624a3e7ca8acf90e9954529c7c5c,20000,69262031,13995,6005,0.30025,0.3914468664656975,37582.290412525916,116176.0,0.9985378175923544,0.6441483946860173,4987,0,4763
db7953bdc35d89d3,comments0720-fixed-arm-discovery,poisson-n06-p045,pretrain_arm,9113,,20,6,6,poisson,,0.0,,,db7953bdc35d89d3ad13d5886b002a08686db68abbca899e96d358054235f554,20000,40044991,19820,180,0.009,0.9591476746742184,22235.3125,22022.0,0.9989228537632103,0.9690921761458096,7477,0,7458
dc0ef06eb3f76dde,comments0720-fixed-arm-discovery,poisson-n06-p015,pretrain_arm,9103,,11,6,6,poisson,,0.0,,,dc0ef06eb3f76ddebec92b03d2f93983677f4ba86885d3920669e749075c3d21,20000,77601082,13990,6010,0.3005,0.3494841734294375,64471.935970811275,196376.0,0.9976935455929756,0.5763502396741378,7475,0,6492
dc173b88e760271c,comments0720-fixed-arm-discovery,periodic-n04-p030-i100-d2000,pretrain_arm,9103,,6,4,4,poisson,100,0.0,,,dc173b88e760271c2ac0651df7305d5568e9b7158d126903e7f30cc655b50877,20000,55882299,13472,6528,0.3264,0.46717476673606434,31150.25816993464,98188.0,0.9988015223422244,0.6749334296927629,4991,0,4768
dc6a47b73214c8dc,comments0720-fixed-arm-discovery,poisson-n04-p025,pretrain_arm,9103,,17,4,4,poisson,,0.0,,,dc6a47b73214c8dcd21105839aa38e9a3a00fbd83d07435d0e1cee676afb2098,20000,77999310,15497,4503,0.22515,0.38485426345438184,38251.63625798954,116277.0,0.9989662342101315,0.6608013325548378,4992,0,4828
dc85df3a55fc941e,comments0720-fixed-arm-discovery,poisson-n06-p045,pretrain_arm,9103,,5,6,6,poisson,,0.0,,,dc85df3a55fc941ed931c7025af97bc5b8eb515fd72196b2341f18d36675764c,20000,40046890,19895,105,0.00525,0.9626251127116238,22146.35261278479,22022.0,0.9989444330452569,0.9711960152522935,7482,0,7470
dc965963901216d7,comments0720-fixed-arm-discovery,saturated-n03,pretrain_arm,9113,,1,3,3,saturated,,0.0,,,dc965963901216d72aac436cc09aad357db37566702aa3a7d91dde769205ee69,20000,40053334,19996,4,0.0002,0.9674024139913047,10017.903051525764,10016.0,0.998969636304257,0.9820633500985205,3744,0,3738
dcd0acbd3cac2e9e,comments0720-fixed-arm-discovery,poisson-n06-p015,pretrain_arm,9103,,2,6,6,poisson,,0.0,,,dcd0acbd3cac2e9e2c0f3e1a9b11ca0ddfe0261beccb39b2c3d0f0b4bdb44428,20000,85669597,15388,4612,0.2306,0.34820432270738944,64760.16603798127,198319.0,0.9976314567300569,0.5920825931458155,7475,0,6669
dd1d04f6f32e14b9,comments0720-fixed-arm-discovery,saturated-n03,pretrain_arm,9103,,19,3,3,saturated,,0.0,,,dd1d04f6f32e14b99e5fecb981bf075afe96f7c34ba2b90aa9588bcab8b5faef,20000,40053330,19995,5,0.00025,0.9673491317700675,10017.201760968534,10016.0,0.9989793094683057,0.9820363137461244,3745,0,3739
dd6dd8f22dfedfea,comments0720-fixed-arm-discovery,periodic-n04-p030-i100-d2000,pretrain_arm,9113,,13,4,4,poisson,100,0.0,,,dd6dd8f22dfedfea516728407f0aeb66313d1c310fd5888d1bd7fe79be791b0a,20000,61823468,14787,5213,0.26065,0.46326124894837667,31426.499086541713,98195.0,0.999107112862534,0.6901636206036369,4993,0,4788
dd97d442dcc34e90,comments0720-fixed-arm-discovery,poisson-n06-p015,pretrain_arm,9127,,22,6,6,poisson,,0.0,,,dd97d442dcc34e906cf86a068a64c0abf58c3c09715a65b340dd49c5a69709ea,20000,78725781,14147,5853,0.29265,0.3481080613223767,64704.79540148567,194472.0,0.9989866437773446,0.5795544016999071,7481,0,6513
de6541fd68936898,comments0720-fixed-arm-discovery,periodic-n06-p030-i030-d5000,pretrain_arm,9103,,12,6,6,poisson,30,0.0,,,de6541fd68936898a6d30b1d3a31d64aae9709f6f896b9b9fcb24e0bd19fe3be,20000,48059847,17231,2769,0.13845,0.6946221447604691,31447.938788547533,58045.0,0.9990037927093589,0.824566145823276,7480,0,7385
dee0284eec827590,comments0720-fixed-arm-discovery,periodic-n06-p030-i030-d5000,pretrain_arm,9113,,22,6,6,poisson,30,0.0,,,dee0284eec82759058783ea2bcb1e3618db0ee26a5db9e1f8c87a13df890bcb5,20000,48053360,17445,2555,0.12775,0.7036398911543335,31040.51723742328,70060.0,0.9981498131743047,0.8219524014428795,7475,0,7337
df21524f963864e0,comments0720-fixed-arm-discovery,saturated-n03,pretrain_arm,9103,,20,3,3,saturated,,0.0,,,df21524f963864e091b27c96c1c0e45a3f19b8b4a614a81458ae4b65a9ecaf86,20000,40053330,19995,5,0.00025,0.9673491317700675,10017.201760968534,10016.0,0.9989793094683057,0.9820363137461244,3745,0,3739
df4bbc50243b93f8,comments0720-fixed-arm-discovery,turnover-n06-p030-j40-l400,pretrain_arm,9127,,12,6,6,poisson,,0.0,40,400,df4bbc50243b93f8b89f3982c11956e0ec6c1ab19dc8b6cd3455479631f74d12,20000,172519698,16381,3619,0.18095,0.18407118357000601,122293.60083083878,112110.0,0.8573717403501291,0.560503474640045,3575,0,3427
dfe1bc0e766fe786,comments0720-fixed-arm-discovery,poisson-n05-p035,pretrain_arm,9113,,1,5,5,poisson,,0.0,,,dfe1bc0e766fe786277cf86eaff4319bf97003c7b64c383dd41fdd2eae114ff9,20000,42933227,14999,5001,0.25005,0.6772472285859156,26615.76222563213,78147.0,0.9970625876505167,0.7768261054121441,6235,0,5894
e026a4b36395f6c9,comments0720-fixed-arm-discovery,poisson-n06-p045,pretrain_arm,9113,,2,6,6,poisson,,0.0,,,e026a4b36395f6c9ca3608f2b6ca45cfc114b97a4d324012c6a07732febbcce3,20000,40044935,19767,233,0.01165,0.9565013902507271,22300.297696785623,22022.0,0.9989517017314288,0.9675571973273853,7478,0,7461
e0908b2b21ed6776,comments0720-fixed-arm-discovery,periodic-n06-p030-i030-d5000,pretrain_arm,9103,,1,6,6,poisson,30,0.0,,,e0908b2b21ed6776e3a908da399026e7bb04e8083a9f99b39c3795da6e8b61ad,20000,48060200,17130,2870,0.1435,0.6904819788515237,31641.38322233906,58047.0,0.9988282136331709,0.8218637308282315,7480,0,7367
e0ac59b4cf604b11,comments0720-fixed-arm-discovery,periodic-n06-p030-i030-d5000,pretrain_arm,9113,,19,6,6,poisson,30,0.0,,,e0ac59b4cf604b1113f7b456ae9d21b1d02fd54abbf6a1c9eec8873cee887650,20000,48053028,17457,2543,0.12715,0.7039263998098101,31017.906104901118,69061.0,0.9981675665634366,0.8228698221244156,7475,0,7363
e103f6f13e3a21ed,comments0720-fixed-arm-discovery,poisson-n03-p015,pretrain_arm,9103,,22,3,3,poisson,,0.0,,,e103f6f13e3a21edb0e64dfbf0eb178d0c3ac4a5586cb127c46630d2b635a907,20000,182084020,16437,3563,0.17815,0.17497332824703674,64460.07960562352,200132.0,0.9984306224083173,0.5465091502184514,3744,0,3709
e18de54ee817874a,comments0720-fixed-arm-discovery,periodic-n06-p030-i030-d5000,pretrain_arm,9127,,3,6,6,poisson,30,0.0,,,e18de54ee817874a8c27aa984b928c099cec56bca54bba4837dcf0a7f0171f92,20000,48052253,17092,2908,0.1454,0.6892697206101865,31719.680971896956,58049.0,0.9978544748885747,0.8206587318329204,7482,0,7360
e1de26a0ce0433c1,comments0720-fixed-arm-discovery,periodic-n04-p030-i100-d2000,pretrain_arm,9113,,8,4,4,poisson,100,0.0,,,e1de26a0ce0433c1839455f9f8a9ef8dbffb1de9af3387509f93d20d36a788c5,20000,57052084,13681,6319,0.31595,0.46465620782581757,31344.932860381774,98225.0,0.9991399538041528,0.6767945538766569,4993,0,4754
e20dccfc1ebec6aa,comments0720-fixed-arm-discovery,turnover-n04-p030-j40-l400,pretrain_arm,9103,,16,4,4,poisson,,0.0,40,400,e20dccfc1ebec6aaae60dc20f6a18fcdb9782234e06ac3f62834021581f0ed23,20000,201150609,16888,3112,0.1556,0.1627177971904624,91728.02831753554,108123.0,0.9195223483206078,0.58309804850369,2933,0,2876
e24bfa3d4d2c73f3,comments0720-fixed-arm-discovery,poisson-n06-p045,pretrain_arm,9113,,3,6,6,poisson,,0.0,,,e24bfa3d4d2c73f3389d0aa825b90634ba373a74f8257a793c8a0d2541dee8c1,20000,40044935,19767,233,0.01165,0.9565013902507271,22300.297696785623,22022.0,0.9989517017314288,0.9675571973273853,7478,0,7461
e24cb1068460f666,comments0720-fixed-arm-discovery,poisson-n03-p015,pretrain_arm,9127,,10,3,3,poisson,,0.0,,,e24cb1068460f666eb636cd44e5cc62fa1d2debde7f482a0f63dcbb480c3e430,20000,184061332,16597,3403,0.17015,0.1746882881408247,64510.95172081249,196176.0,0.9991258769752203,0.5512832217053483,3746,0,3721
e2f4a3c949dacc20,comments0720-fixed-arm-discovery,poisson-n03-p045,pretrain_arm,9127,,10,3,3,poisson,,0.0,,,e2f4a3c949dacc207d3d3f20f56e57c8c1af29f935728ee6c037ebadfa35e9d0,20000,52897502,14155,5845,0.29225,0.5187121312458195,20412.2218531345,64181.0,0.9980243631623342,0.7230623314693846,3747,0,3702
e31ae32da3288e24,comments0720-fixed-arm-discovery,saturated-n03,pretrain_arm,9127,,13,3,3,saturated,,0.0,,,e31ae32da3288e247d3d8a8a27d95f75bfb408e0c48e9a2203406b4af009b333,20000,40053326,20000,0,0.0,0.9675915303513122,10015.998499549865,10016.0,0.9989760822616338,0.9821785375376487,3744,0,3738
e345e1d2d46dca3c,comments0720-fixed-arm-discovery,saturated-n03,pretrain_arm,9127,,21,3,3,saturated,,0.0,,,e345e1d2d46dca3ca41207196427d8124ff84f8fa0b385788ce1c18cd789817d,20000,40053326,20000,0,0.0,0.9675915303513122,10015.998499549865,10016.0,0.9989760822616338,0.9821785375376487,3744,0,3738
e35f0aaadf344b0c,comments0720-fixed-arm-discovery,poisson-n05-p035,pretrain_arm,9113,,17,5,5,poisson,,0.0,,,e35f0aaadf344b0cefb4d5d8dd59744a306a335628295298dc979130da0bf048,20000,43403620,15180,4820,0.241,0.6777268117267639,26579.383190507582,78184.0,0.9971005554808046,0.7792364557358561,6235,0,5914
e3732121cb7e322a,comments0720-fixed-arm-discovery,turnover-n06-p030-j40-l400,pretrain_arm,9127,,13,6,6,poisson,,0.0,40,400,e3732121cb7e322a58367e568ffc29258caad121398f16c22930a8d882009a0c,20000,172519698,16381,3619,0.18095,0.18407118357000601,122293.60083083878,112110.0,0.8573717403501291,0.560503474640045,3575,0,3427
e376293c267dc859,comments0720-fixed-arm-discovery,poisson-n06-p045,pretrain_arm,9127,,23,6,6,poisson,,0.0,,,e376293c267dc8594891f50d4ab22670859b6e6bf8b68cf37ca2bd252c4865b5,20000,40050840,19915,85,0.00425,0.9635606643955532,22116.829422700095,22022.0,0.9989526211416008,0.9717605951790513,7476,0,7462
e3f20329fda41d74,comments0720-fixed-arm-discovery,turnover-n04-p030-j40-l400,pretrain_arm,9103,,7,4,4,poisson,,0.0,40,400,e3f20329fda41d7484637aa1a8245017c3e1e29785cd082df8fd2abcf1334b03,20000,192421043,15821,4179,0.20895,0.15935316388447182,93924.92404983242,110037.0,0.9125574550396404,0.565041372974704,2931,0,2851
e42322b31376ecda,comments0720-fixed-arm-discovery,poisson-n03-p045,pretrain_arm,9103,,12,3,3,poisson,,0.0,,,e42322b31376ecdacba5c371f74c0124195aa07c32d81592e9c6af4dfa066797,20000,55588682,14961,5039,0.25195,0.52170616313587,20282.539886325645,64109.0,0.9988534125821201,0.7344596919059968,3745,0,3702
e46c0408fd974a2b,comments0720-fixed-arm-discovery,saturated-n06,pretrain_arm,9103,,13,6,6,saturated,,0.0,,,e46c0408fd974a2b81ddbd750ba89735a9e79e1d6122b0fd36da70ad78e54375,20000,40036650,19989,11,0.00055,0.9674508731374878,22026.104169795264,22022.0,0.9989652444108643,0.973986539182784,7477,0,7465
e4aa4b5cca22b9fd,comments0720-fixed-arm-discovery,saturated-n06,pretrain_arm,9113,,12,6,6,saturated,,0.0,,,e4aa4b5cca22b9fde3816e3e75593779ffee50d7788e6d4711ded2f201b07177,20000,40036655,19982,18,0.0009,0.9670460731547128,22033.52588883325,22022.0,0.9989435481877896,0.9737568737808341,7479,0,7467
e4c10701c684c86a,comments0720-fixed-arm-discovery,poisson-n06-p045,pretrain_arm,9127,,11,6,6,poisson,,0.0,,,e4c10701c684c86adef0f0f0d14d670e5b0733c6e9a3ea1b0f83b7202f9adcfb,20000,40050840,19915,85,0.00425,0.9635606643955532,22116.829422700095,22022.0,0.9989526211416008,0.9717605951790513,7476,0,7462
e4d66d331e4075c3,comments0720-fixed-arm-discovery,poisson-n03-p045,pretrain_arm,9127,,11,3,3,poisson,,0.0,,,e4d66d331e4075c3126f828f3941d9813362a6ab110d76b1aad364db2490d98b,20000,52897502,14155,5845,0.29225,0.5187121312458195,20412.2218531345,64181.0,0.9980243631623342,0.7230623314693846,3747,0,3702
e5102b2672a91b56,comments0720-fixed-arm-discovery,turnover-n04-p030-j40-l400,pretrain_arm,9103,,23,4,4,poisson,,0.0,40,400,e5102b2672a91b56c32d9f49f1b801588dcac65fad1cab80c61a37a9036684b6,20000,194109520,16087,3913,0.19565,0.16065676222371783,93198.28266683251,110066.0,0.9163843531845297,0.5700572051360825,2932,0,2857
e57ffb0f830ae3e5,comments0720-fixed-arm-discovery,poisson-n05-p035,pretrain_arm,9127,,23,5,5,poisson,,0.0,,,e57ffb0f830ae3e505ac4a14d0c8b790ed33d996363f80d9dbee6c3de3d334b9,20000,42020776,14803,5197,0.25985,0.6826509819809135,26377.680997769214,80176.0,0.9986462456384992,0.7753525758731374,6240,0,5899
e591c56c175e78a3,comments0720-fixed-arm-discovery,poisson-n06-p015,pretrain_arm,9127,,8,6,6,poisson,,0.0,,,e591c56c175e78a3269add4331d652a4c4f734490e403ee34b7dc9ed9d9a1f20,20000,77845410,13975,6025,0.30125,0.347854150938379,64752.79402707155,194506.0,0.9988957865594011,0.57726681249926,7481,0,6502
e5bc6390c8f603f5,comments0720-fixed-arm-discovery,saturated-n03,pretrain_arm,9103,,13,3,3,saturated,,0.0,,,e5bc6390c8f603f51faa83208814bd48174dd7bfa627e936ab7e80589dbbff09,20000,40053330,19995,5,0.00025,0.9673491317700675,10017.201760968534,10016.0,0.9989793094683057,0.9820363137461244,3745,0,3739
e5c96b5b653d7d82,comments0720-fixed-arm-discovery,poisson-n04-p025,pretrain_arm,9113,,14,4,4,poisson,,0.0,,,e5c96b5b653d7d823c924df20154e0755ececd65a001ae3a463643bc52015c91,20000,76044048,15311,4689,0.23445,0.39017682225438605,37715.70959942495,116202.0,0.9986228317623443,0.6601860513389102,4987,0,4805
e5dcb219b447b5bb,comments0720-fixed-arm-discovery,periodic-n06-p030-i030-d5000,pretrain_arm,9103,,18,6,6,poisson,30,0.0,,,e5dcb219b447b5bb58ade97faf55c65646e948fbc8d3cadaca1667af19d05716,20000,48061423,17207,2793,0.13965,0.6937187648397344,31487.864379179995,72062.0,0.9989210595305399,0.8145927747900914,7479,0,7339
e6bebf2a908b3db6,comments0720-fixed-arm-discovery,periodic-n04-p030-i100-d2000,pretrain_arm,9103,,20,4,4,poisson,100,0.0,,,e6bebf2a908b3db6a79f691d67c7132843fcfbfe0d58b1677de0d3ff5738427c,20000,57097176,13754,6246,0.3123,0.4666542877707297,31181.455477957225,98162.0,0.9989214774206346,0.6783422550637882,4991,0,4767
e714b7fa48abb301,comments0720-fixed-arm-discovery,poisson-n06-p045,pretrain_arm,9103,,13,6,6,poisson,,0.0,,,e714b7fa48abb301e2b580b916047a1ba335a0f20eb23f7aba3f0fbf81bb4a6d,20000,40046875,19889,111,0.00555,0.9622902660944206,22153.634250641444,22022.0,0.9989869556527994,0.97102357391574,7482,0,7470
e72ed7f0772a000e,comments0720-fixed-arm-discovery,turnover-n04-p030-j40-l400,pretrain_arm,9127,,23,4,4,poisson,,0.0,40,400,e72ed7f0772a000efd433dd4983ad50ce3d8ec3532e50796da0662c33e930b32,20000,192130159,15997,4003,0.20015,0.16138869171497433,92916.65238601538,110011.0,0.908729370824361,0.5666611875131118,2932,0,2864
e74659bad921b2fb,comments0720-fixed-arm-discovery,saturated-n06,pretrain_arm,9127,,9,6,6,saturated,,0.0,,,e74659bad921b2fb0384c217f7db8a82f95b8d86a47b01885639b83006e2d412,20000,40036661,19982,18,0.0009,0.9670565185243595,22037.136654982474,22022.0,0.9989312789700068,0.9737562658314554,7477,0,7465
e781a179cf0e6e78,comments0720-fixed-arm-discovery,saturated-n06,pretrain_arm,9127,,5,6,6,saturated,,0.0,,,e781a179cf0e6e78cf22a2e1ce98cca665db058f4af452a36f293f9740e1160c,20000,40036661,19982,18,0.0009,0.9670565185243595,22037.136654982474,22022.0,0.9989312789700068,0.9737562658314554,7477,0,7465
e7a46cda81206f17,comments0720-fixed-arm-discovery,poisson-n06-p045,pretrain_arm,9113,,16,6,6,poisson,,0.0,,,e7a46cda81206f179e647cb186b0f5829728698d1728e6e0c049a3ce0fa759d5,20000,40044947,19779,221,0.01105,0.9571213566595556,22285.553902969597,22022.0,0.9988923436141753,0.9678940667579103,7480,0,7463
e7db9ed83d9bab55,comments0720-fixed-arm-discovery,poisson-n03-p045,pretrain_arm,9113,,6,3,3,poisson,,0.0,,,e7db9ed83d9bab55452f161eb1a799a77a3cce8b4793d49cb91a6f8381b98406,20000,51020741,13824,6176,0.3088,0.5250331820935333,20134.314227818788,64181.0,0.9988635187133493,0.7213115669356276,3745,0,3680
e7f3d29cef7340b2,comments0720-fixed-arm-discovery,periodic-n06-p030-i030-d5000,pretrain_arm,9103,,14,6,6,poisson,30,0.0,,,e7f3d29cef7340b25f8e015811d0cb4eb5b595bfbb2bb943d5931d695ee7c043,20000,48060187,17155,2845,0.14225,0.6915257320992113,31597.453012891558,58051.0,0.9987907422923163,0.8225089914638424,7478,0,7365
e7fd016ec72abd61,comments0720-fixed-arm-discovery,poisson-n03-p045,pretrain_arm,9113,,5,3,3,poisson,,0.0,,,e7fd016ec72abd61943821cd73db83a1ee1de455f60059062e9e955bbb303e2b,20000,56374021,15284,4716,0.2358,0.5253724406140907,20126.44168084828,64142.0,0.9987495592636916,0.7396626666259274,3745,0,3689
e8455d480fcfc6ab,comments0720-fixed-arm-discovery,poisson-n05-p035,pretrain_arm,9127,,1,5,5,poisson,,0.0,,,e8455d480fcfc6abe35f072170f2d2d9eb0bd50f2cf14fc58644e238209466a6,20000,42841042,15098,4902,0.2451,0.683042513298346,26360.8954135737,78175.0,0.998672984807829,0.7805134993687249,6240,0,5897
e88b460e97744655,comments0720-fixed-arm-discovery,poisson-n06-p015,pretrain_arm,9103,,18,6,6,poisson,,0.0,,,e88b460e97744655eb3d963d7755c5e46cfe7d2e00cd685a88042a122c282970,20000,77007309,13889,6111,0.30555,0.34953945735202874,64454.1759025726,196414.0,0.9976965426832736,0.5750818333451009,7477,0,6517
e8966d5b24038459,comments0720-fixed-arm-discovery,poisson-n06-p015,pretrain_arm,9127,,19,6,6,poisson,,0.0,,,e8966d5b24038459cec732e0b15b8a86c56aa3634ad6f69bfc01d1b7653d509f,20000,77403103,13881,6119,0.30595,0.34737622857316197,64856.46838272406,196268.0,0.9988917171739464,0.5747564819157028,7481,0,6472
e89e9f8a94d551dc,comments0720-fixed-arm-discovery,saturated-n03,pretrain_arm,9113,,6,3,3,saturated,,0.0,,,e89e9f8a94d551dce229e20ca4642e13604407ea12d57ed115951d322d8983ac,20000,40053334,19996,4,0.0002,0.9674024139913047,10017.903051525764,10016.0,0.998969636304257,0.9820633500985205,3744,0,3738
e8b18379bc627290,comments0720-fixed-arm-discovery,saturated-n03,pretrain_arm,9127,,16,3,3,saturated,,0.0,,,e8b18379bc6272901ceb734cf4a29f4968f192cd8704924e55b09d29a4b54348,20000,40053326,20000,0,0.0,0.9675915303513122,10015.998499549865,10016.0,0.9989760822616338,0.9821785375376487,3744,0,3738
e8bd87613d08ec63,comments0720-fixed-arm-discovery,poisson-n03-p015,pretrain_arm,9127,,23,3,3,poisson,,0.0,,,e8bd87613d08ec63da27d9eead19dde83a8f2768f3f369f6fb820c851e2e2264,20000,184679459,16646,3354,0.1677,0.1746212934271158,64539.058293269234,196173.0,0.9991075342042373,0.5518692758771176,3746,0,3723
e9284850d2f9bcc3,comments0720-fixed-arm-discovery,poisson-n06-p045,pretrain_arm,9127,,2,6,6,poisson,,0.0,,,e9284850d2f9bcc3c47259349004663d234dd3bcead0097ed679449ef7f29c7b,20000,40050824,19910,90,0.0045,0.963259757152562,22122.87903306865,22022.0,0.9989737177942396,0.9716048249822671,7477,0,7463
e96db9bcf6f39cac,comments0720-fixed-arm-discovery,saturated-n06,pretrain_arm,9127,,21,6,6,saturated,,0.0,,,e96db9bcf6f39cacd16a2c2cada4a0c1a6b793abb626bb7f64334539f0267aa6,20000,40036661,19982,18,0.0009,0.9670565185243595,22037.136654982474,22022.0,0.9989312789700068,0.9737562658314554,7477,0,7465
e98f00a7c5c27500,comments0720-fixed-arm-discovery,poisson-n06-p015,pretrain_arm,9103,,1,6,6,poisson,,0.0,,,e98f00a7c5c2750025e6d07f1bcc5afbf7cb670278b2ca7fdc2686fea5fbedde,20000,84759745,15235,4765,0.23825,0.34831533530451275,64708.00426985483,198330.0,0.9976740724429448,0.5902139692491526,7475,0,6639
ea28dac3ff00f450,comments0720-fixed-arm-discovery,saturated-n06,pretrain_arm,9113,,13,6,6,saturated,,0.0,,,ea28dac3ff00f4501ec45cf2e599e3e60b5942ef8381dbe943391cc4228abedd,20000,40036655,19982,18,0.0009,0.9670460731547128,22033.52588883325,22022.0,0.9989435481877896,0.9737568737808341,7479,0,7467
eac8d9d1cf691efc,comments0720-fixed-arm-discovery,turnover-n04-p030-j40-l400,pretrain_arm,9127,,17,4,4,poisson,,0.0,40,400,eac8d9d1cf691efc0b1a955d32b436b1659f9f562ca16cd65cda3b06733b3f75,20000,198525855,16945,3055,0.15275,0.16548205270290864,90572.23735018008,108011.0,0.9183930155749304,0.5844301894259464,2930,0,2875
eb5a8698953b27fb,comments0720-fixed-arm-discovery,turnover-n06-p030-j40-l400,pretrain_arm,9113,,10,6,6,poisson,,0.0,40,400,eb5a8698953b27fb7b9806791088f93d80436b3b2c0b3d4105aa076e12679888,20000,156558417,15418,4582,0.2291,0.19090737229413862,117576.6988186421,108329.0,0.8456480582801966,0.5493574768581118,3574,0,3420
ebafb9b95f3a6c99,comments0720-fixed-arm-discovery,saturated-n06,pretrain_arm,9113,,19,6,6,saturated,,0.0,,,ebafb9b95f3a6c99e3ff05a6d0b53aa2aba8aac40e441acc24a2da78d9d12d74,20000,40036657,19982,18,0.0009,0.9670903092633334,22033.52643965949,22022.0,0.9989468965753899,0.9737727352795744,7479,0,7467
ebb7d80da200fa4a,comments0720-fixed-arm-discovery,saturated-n06,pretrain_arm,9127,,8,6,6,saturated,,0.0,,,ebb7d80da200fa4ac9964ca9cc8ab3c1b53bfc8cc8115c845e094a7c42dc523c,20000,40036661,19982,18,0.0009,0.9670565185243595,22037.136654982474,22022.0,0.9989312789700068,0.9737562658314554,7477,0,7465
ec3b48e6c4582cde,comments0720-fixed-arm-discovery,poisson-n06-p045,pretrain_arm,9103,,4,6,6,poisson,,0.0,,,ec3b48e6c4582cde3b7dc4169ea02ba60a0638fc5c38069fbbf8882be787371f,20000,40046890,19895,105,0.00525,0.9626251127116238,22146.35261278479,22022.0,0.9989444330452569,0.9711960152522935,7482,0,7470
ec9410df885b5865,comments0720-fixed-arm-discovery,poisson-n06-p045,pretrain_arm,9103,,14,6,6,poisson,,0.0,,,ec9410df885b586539606ea92bf4905d8fc7d61427257da6a045e1603787eb98,20000,40046880,19878,122,0.0061,0.9618632712460996,22167.00996677741,22022.0,0.9989799960957912,0.970741422447297,7482,0,7470
ed0244175a9da650,comments0720-fixed-arm-discovery,poisson-n05-p035,pretrain_arm,9103,,16,5,5,poisson,,0.0,,,ed0244175a9da6504b95abf18968afd94d872389276abc6d5d2e46ca444e4530,20000,43791158,15112,4888,0.2444,0.6688273235432596,26955.783273738576,80186.0,0.9979478409879877,0.7743677215104158,6234,0,5880
ed0d2ae97b0f42bc,comments0720-fixed-arm-discovery,poisson-n05-p035,pretrain_arm,9113,,6,5,5,poisson,,0.0,,,ed0d2ae97b0f42bc92011624cafa256f906e0c7b027210284ae1a5b94fd9965c,20000,41790419,14603,5397,0.26985,0.6774804052574825,26592.14671417803,82178.0,0.996868019991226,0.7692016417495696,6235,0,5896
ed405e4b24c2a0d3,comments0720-fixed-arm-discovery,periodic-n04-p030-i100-d2000,pretrain_arm,9103,,2,4,4,poisson,100,0.0,,,ed405e4b24c2a0d3e12a727fec8011b07731e1a3af834eb7d32b034913baa87e,20000,62426732,14978,5022,0.2511,0.46501344968690655,31311.190514362057,96287.0,0.9985183589217733,0.6942109362028932,4991,0,4821
eded40dca0fdee2a,comments0720-fixed-arm-discovery,periodic-n06-p030-i030-d5000,pretrain_arm,9113,,13,6,6,poisson,30,0.0,,,eded40dca0fdee2a9814a3fcf00d25717dbae12975e503e9c155f6c376fd9753,20000,48051894,17384,2616,0.1308,0.7009871868942357,31154.25788625374,58043.0,0.9981306348233129,0.8283106072391828,7476,0,7360
ee42f65ac957e165,comments0720-fixed-arm-discovery,poisson-n06-p015,pretrain_arm,9113,,17,6,6,poisson,,0.0,,,ee42f65ac957e1651b30d2663be17dd7e7b9d4088a7b15a1ee429a233c86e01a,20000,86425315,15525,4475,0.22375,0.34809384264321164,64743.92329014375,196416.0,0.9981482758919326,0.5951992061783814,7477,0,6666
eec1c183fe697200,comments0720-fixed-arm-discovery,saturated-n06,pretrain_arm,9113,,21,6,6,saturated,,0.0,,,eec1c183fe6972008fd0161af39cf54af5a12fab37c029d01035b6288812ce8a,20000,40036657,19982,18,0.0009,0.9670903092633334,22033.52643965949,22022.0,0.9989468965753899,0.9737727352795744,7479,0,7467
ef5189900d739096,comments0720-fixed-arm-discovery,poisson-n06-p015,pretrain_arm,9113,,14,6,6,poisson,,0.0,,,ef5189900d7390960bfdb586a646d80e76646ac26c93b09c57fe40cc73ee4ce7,20000,85493532,15349,4651,0.23255,0.3478920136320956,64769.70887396492,196399.0,0.9982185594045473,0.5929666910122143,7477,0,6635
efafe1e50ac5989a,comments0720-fixed-arm-discovery,saturated-n06,pretrain_arm,9127,,20,6,6,saturated,,0.0,,,efafe1e50ac5989a43320c14080ffe992cdcca00bdfb2ba1d499a10f7bdedad0,20000,40036661,19982,18,0.0009,0.9670565185243595,22037.136654982474,22022.0,0.9989312789700068,0.9737562658314554,7477,0,7465
efe69552d17c8d11,comments0720-fixed-arm-discovery,poisson-n06-p045,pretrain_arm,9103,,6,6,6,poisson,,0.0,,,efe69552d17c8d11a5ced4d477aa764e0dd9d85995e98430674fae0d8069305b,20000,40046895,19895,105,0.00525,0.9626039921447094,22146.35563043806,22022.0,0.9989415152632158,0.9711880024693084,7482,0,7470
efe962944163a3c7,comments0720-fixed-arm-discovery,saturated-n03,pretrain_arm,9127,,17,3,3,saturated,,0.0,,,efe962944163a3c7c41fed05ce58e202b19134ebe8fe80455c5ee3f6ce4e1a06,20000,40053326,20000,0,0.0,0.9675915303513122,10015.998499549865,10016.0,0.9989760822616338,0.9821785375376487,3744,0,3738
f01af86871a75a8c,comments0720-fixed-arm-discovery,saturated-n03,pretrain_arm,9127,,11,3,3,saturated,,0.0,,,f01af86871a75a8c580f1c8642acb2ac7afc6ded0f609d04cec92954568cc668,20000,40053326,20000,0,0.0,0.9675915303513122,10015.998499549865,10016.0,0.9989760822616338,0.9821785375376487,3744,0,3738
f126b4074082c39f,comments0720-fixed-arm-discovery,poisson-n03-p015,pretrain_arm,9127,,7,3,3,poisson,,0.0,,,f126b4074082c39f5f254f170e192afb1160a7248d1378137dfb84f8e0c74f2a,20000,178136494,16096,3904,0.1952,0.17503014289705288,64386.22548166563,196154.0,0.9991800137683132,0.5451673855551221,3746,0,3714
f16b2d9b27c40ce2,comments0720-fixed-arm-discovery,saturated-n06,pretrain_arm,9113,,23,6,6,saturated,,0.0,,,f16b2d9b27c40ce22f3fb4c51710221152df7bc4a85d570fb928ecb4f226c54c,20000,40036657,19982,18,0.0009,0.9670903092633334,22033.52643965949,22022.0,0.9989468965753899,0.9737727352795744,7479,0,7467
f188f7ac213160de,comments0720-fixed-arm-discovery,poisson-n05-p035,pretrain_arm,9113,,19,5,5,poisson,,0.0,,,f188f7ac213160de7e116a062793f2ecdbfc10a62ba23406e6686958ed3bc569,20000,41907034,14653,5347,0.26735,0.6776359787237627,26594.128047531245,80151.0,0.9968232279246382,0.7712149022161336,6235,0,5869
f1ace6ba57e7bbd8,comments0720-fixed-arm-discovery,periodic-n04-p030-i100-d2000,pretrain_arm,9103,,0,4,4,poisson,100,0.0,,,f1ace6ba57e7bbd8edd8804779e71c74bec051c4443a4006ae26a7c802cf5b3b,20000,61459086,14751,5249,0.26245,0.46505833165172683,31296.171606864275,96227.0,0.9984019282029009,0.6913895866182092,4991,0,4804
f1e00f7255edec2b,comments0720-fixed-arm-discovery,poisson-n03-p045,pretrain_arm,9103,,17,3,3,poisson,,0.0,,,f1e00f7255edec2bf3ae9f2f7772e2116c437640302379b5f10b1e419f3e6f1f,20000,56907424,15347,4653,0.23265,0.522672419682887,20240.266475457924,64152.0,0.9989337888265692,0.7396049028364854,3745,0,3704
f1f8ef7edbc1a707,comments0720-fixed-arm-discovery,poisson-n04-p025,pretrain_arm,9113,,5,4,4,poisson,,0.0,,,f1f8ef7edbc1a70728c4d4c5526e5a903aa2dc4fe8e872da9e5a25f9c53fb434,20000,76963117,15518,4482,0.2241,0.39085418019127266,37670.03139909736,116192.0,0.9986974542465483,0.6630308781459403,4988,0,4813
f229c0bd675695f4,comments0720-fixed-arm-discovery,poisson-n06-p015,pretrain_arm,9103,,20,6,6,poisson,,0.0,,,f229c0bd675695f48cca68c3f8296d9401561f42c88bd1e6bc7c0804eedd8990,20000,77130322,13900,6100,0.305,0.3493595813070766,64524.82481278802,196390.0,0.9977409459011216,0.5751901757360661,7477,0,6484
f2664fb1fcdfa6c4,comments0720-fixed-arm-discovery,turnover-n06-p030-j40-l400,pretrain_arm,9113,,0,6,6,poisson,,0.0,40,400,f2664fb1fcdfa6c4232fd6ce11c439ee630d1a309eaae0080ba3f23408d8464b,20000,162602911,16325,3675,0.18375,0.19456561266606107,115330.07944584075,108265.0,0.8537733811271861,0.5646654979310824,3574,0,3433
f2ee1ce52289f8d7,comments0720-fixed-arm-discovery,saturated-n06,pretrain_arm,9127,,4,6,6,saturated,,0.0,,,f2ee1ce52289f8d7a6f30ee9e616ffe2bb9cfaef259c15e99e628bc5432fc6ad,20000,40036661,19982,18,0.0009,0.9670565185243595,22037.136654982474,22022.0,0.9989312789700068,0.9737562658314554,7477,0,7465
f3597788fb8f0a92,comments0720-fixed-arm-discovery,poisson-n05-p035,pretrain_arm,9103,,2,5,5,poisson,,0.0,,,f3597788fb8f0a9238a2c8a693dee451526115b20b853c808a719f6c1d621389,20000,43587708,15036,4964,0.2482,0.6685124393326669,26963.774590709436,80204.0,0.9979048342225036,0.7732864245183901,6234,0,5870
f36e89f83cf8ee54,comments0720-fixed-arm-discovery,poisson-n06-p045,pretrain_arm,9113,,12,6,6,poisson,,0.0,,,f36e89f83cf8ee54e55d2635e450afedacd54730c4355b7d07fa64a403f1b1e8,20000,40044893,19774,226,0.0113,0.9568178394183747,22291.665975103733,22022.0,0.9989235217706747,0.9677407870630166,7479,0,7463
f3ebd641efcbf67e,comments0720-fixed-arm-discovery,periodic-n06-p030-i030-d5000,pretrain_arm,9113,,6,6,6,poisson,30,0.0,,,f3ebd641efcbf67e19e7133e3d52c9131a23bd3e0ee525cebb50cee64b9b6b92,20000,48052970,17471,2529,0.12645,0.7045951790284762,30983.822441147833,69062.0,0.9980257185359217,0.8232197991881326,7475,0,7349
f4e8f5994c40a344,comments0720-fixed-arm-discovery,poisson-n03-p045,pretrain_arm,9113,,16,3,3,poisson,,0.0,,,f4e8f5994c40a3447dc3782213fc8ff368074658bfccdccc1f9d919c628ad029,20000,56367779,15280,4720,0.236,0.5253289827154624,20123.613788136703,64131.0,0.9987378425252019,0.7396016084135548,3745,0,3689
f5325e96342c0313,comments0720-fixed-arm-discovery,poisson-n03-p015,pretrain_arm,9103,,15,3,3,poisson,,0.0,,,f5325e96342c03136e4296f2358c2c0d6178ec88cfe2073ad328ee44716cf7bc,20000,192318700,17353,2647,0.13235,0.17484626819960825,64479.71153513576,200143.0,0.9985102139058983,0.5579359940351689,3744,0,3708
f5ffbe78e98c89a2,comments0720-fixed-arm-discovery,periodic-n06-p030-i030-d5000,pretrain_arm,9127,,20,6,6,poisson,30,0.0,,,f5ffbe78e98c89a28d6d5707dd0aad9b428ce3b53dad601cb971795ba0769f96,20000,48053577,17157,2843,0.14215,0.6920514574804701,31599.07576552931,72070.0,0.99759482864884,0.8129645953764367,7481,0,7351
f62dd234de8860c7,comments0720-fixed-arm-discovery,turnover-n06-p030-j40-l400,pretrain_arm,9103,,8,6,6,poisson,,0.0,40,400,f62dd234de8860c758a40ea57a926ce711fc18ca3c6e93be76f51752b22a57c9,20000,161964609,15549,4451,0.22255,0.18613227411921823,120518.71828538328,110203.0,0.8388883607885863,0.5459007116359348,3575,0,3416
f6c9b67197256c4f,comments0720-fixed-arm-discovery,turnover-n04-p030-j40-l400,pretrain_arm,9113,,9,4,4,poisson,,0.0,40,400,f6c9b67197256c4fdfa73a948c57f3f22c035735f891fe16e36d9358a078cd84,20000,194896733,15947,4053,0.20265,0.1586102985112634,94475.74929418408,110055.0,0.9080172583779152,0.5648433522963929,2928,0,2865
f74137c99d78da9f,comments0720-fixed-arm-discovery,turnover-n04-p030-j40-l400,pretrain_arm,9113,,11,4,4,poisson,,0.0,40,400,f74137c99d78da9f9ae8ea1f4ff089479d13de336c3765ade66eecb7f828de4e,20000,195747830,15985,4015,0.20075,0.1582712870942171,94681.84615384616,110055.0,0.9058875836933326,0.5644954569291831,2927,0,2866
f76d4a188373ab91,comments0720-fixed-arm-discovery,poisson-n04-p025,pretrain_arm,9103,,8,4,4,poisson,,0.0,,,f76d4a188373ab91518de739758f0326d4baf5dbbb94a144ff2251aaa0262dac,20000,69769123,13895,6105,0.30525,0.3858878805170018,38159.30172103406,116234.0,0.9992725733214031,0.6412516512794683,4992,0,4768
f7cd9019eec1ee02,comments0720-fixed-arm-discovery,poisson-n03-p045,pretrain_arm,9103,,22,3,3,poisson,,0.0,,,f7cd9019eec1ee02af1608b5d3bc23bd7c7e8530400b96d42c79c7cf93edb640,20000,52872077,14233,5767,0.28835,0.5215827817772318,20281.715400295212,64180.0,0.9986030614998717,0.7251877810923679,3745,0,3693
f8211f14f19c2f7b,comments0720-fixed-arm-discovery,turnover-n06-p030-j40-l400,pretrain_arm,9103,,14,6,6,poisson,,0.0,40,400,f8211f14f19c2f7b90ec1033d1f01fb63a2c8c99b58692e8e0a33e49b1af9c20,20000,167174661,16430,3570,0.1785,0.19045831951769293,117706.46156657327,110088.0,0.8541367156910686,0.5635146784029206,3574,0,3430
f831da7a9d798545,comments0720-fixed-arm-discovery,poisson-n03-p015,pretrain_arm,9113,,2,3,3,poisson,,0.0,,,f831da7a9d7985450f407aedef000fb548abb64736fd65c08785f75542e27aba,20000,193325982,17470,2530,0.1265,0.17506121862088872,64387.04924415941,198146.0,0.9989372015299312,0.56094380671694,3743,0,3702
f860a4879f24ae0d,comments0720-fixed-arm-discovery,poisson-n04-p025,pretrain_arm,9113,,6,4,4,poisson,,0.0,,,f860a4879f24ae0db0262c456b5badedbf08b4bfc874818138a84ee8a6f6130f,20000,67840468,13709,6291,0.31455,0.39150576024917755,37579.96905335377,116198.0,0.998412838463746,0.6405366995709745,4987,0,4747
f8b8cfcd8b447849,comments0720-fixed-arm-discovery,saturated-n06,pretrain_arm,9103,,1,6,6,saturated,,0.0,,,f8b8cfcd8b447849385ea2492f885c8695d08a7de43e1b55cf35ee2af619af9a,20000,40036650,19989,11,0.00055,0.9674508731374878,22026.104169795264,22022.0,0.9989652444108643,0.973986539182784,7477,0,7465
f8f64bc771e44ce0,comments0720-fixed-arm-discovery,poisson-n06-p015,pretrain_arm,9103,,22,6,6,poisson,,0.0,,,f8f64bc771e44ce0bb9e8e99553ddfc0146d286f8617b89a98c81eaaabd68f8e,20000,78764219,14185,5815,0.29075,0.3491559917581358,64507.78437874832,196399.0,0.9975179989329084,0.5786044968970147,7475,0,6495
f900a68adb8a4b2e,comments0720-fixed-arm-discovery,turnover-n06-p030-j40-l400,pretrain_arm,9127,,4,6,6,poisson,,0.0,40,400,f900a68adb8a4b2e3728ad5ea28b8fd77dc3216425c3bc17b54445ec71211182,20000,172909419,16588,3412,0.1706,0.1859541497852121,120961.5526665058,112068.0,0.864396751600112,0.5660883004617747,3574,0,3443
f946748ca2279239,comments0720-fixed-arm-discovery,poisson-n03-p045,pretrain_arm,9113,,4,3,3,poisson,,0.0,,,f946748ca22792399dbd2c36337730cbe463179b96f6fd35e9acc5ca56a77d62,20000,56374021,15284,4716,0.2358,0.5253724406140907,20126.44168084828,64142.0,0.9987495592636916,0.7396626666259274,3745,0,3689
f94695fd838e5a7b,comments0720-fixed-arm-discovery,poisson-n03-p015,pretrain_arm,9113,,16,3,3,poisson,,0.0,,,f94695fd838e5a7be6e1ded8a0bd006e7dd8c32f085cbf6772d4bf59b754be01,20000,194313448,17561,2439,0.12195,0.17505712214010016,64378.02227285674,198130.0,0.9989142323822047,0.5620829515074349,3743,0,3711
fab92f2d5518df2f,comments0720-fixed-arm-discovery,turnover-n06-p030-j40-l400,pretrain_arm,9127,,23,6,6,poisson,,0.0,40,400,fab92f2d5518df2ffb3e7a043860797113130a85b7a0c9f9e91f873440a7836f,20000,167156347,15656,4344,0.2172,0.18162407557279295,123949.05644336487,112267.0,0.8517018159205956,0.5486306304977961,3577,0,3397
fb80d5fb166c81a8,comments0720-fixed-arm-discovery,periodic-n06-p030-i030-d5000,pretrain_arm,9103,,4,6,6,poisson,30,0.0,,,fb80d5fb166c81a8f6a253178c151371e27af031648c8c76fe268979ef90e851,20000,48060442,17165,2835,0.14175,0.691936228967682,31573.141258088963,60048.0,0.9990354015635011,0.8215210435103945,7479,0,7372
fb97d0b6f2a903df,comments0720-fixed-arm-discovery,poisson-n04-p025,pretrain_arm,9113,,4,4,4,poisson,,0.0,,,fb97d0b6f2a903df92352ccc0c9b24f749411bbc0ceea5f15770e20c40a73a83,20000,76963117,15518,4482,0.2241,0.39085418019127266,37670.03139909736,116192.0,0.9986974542465483,0.6630308781459403,4988,0,4813
fc1b81f10f1141e3,comments0720-fixed-arm-discovery,poisson-n04-p025,pretrain_arm,9103,,23,4,4,poisson,,0.0,,,fc1b81f10f1141e3d8a0c089ca763bd77965a47914a5d89bb2752024d40f9e2d,20000,71399717,14229,5771,0.28855,0.3859944150759029,38123.379157583855,116237.0,0.9992137960231127,0.6454405703663385,4992,0,4769
fc215aa1182c2496,comments0720-fixed-arm-discovery,periodic-n04-p030-i100-d2000,pretrain_arm,9127,,0,4,4,poisson,100,0.0,,,fc215aa1182c24961ed9a7738d5eb2626a44e9acd48676711ca89f376708bcad,20000,61141493,14796,5204,0.2602,0.46911000357809385,31053.235664051936,96212.0,0.9978317159137833,0.693122573163959,4990,0,4810
fc9c31ddb3b6ddf3,comments0720-fixed-arm-discovery,turnover-n04-p030-j40-l400,pretrain_arm,9103,,11,4,4,poisson,,0.0,40,400,fc9c31ddb3b6ddf3d71efb3ba6921b0616892a9cee844588a9e6749d2696373a,20000,192611753,15981,4019,0.20095,0.16079629886344474,93056.45470481437,108340.0,0.915967391901127,0.5697903969215239,2934,0,2862
fd26d1971e3888a2,comments0720-fixed-arm-discovery,periodic-n04-p030-i100-d2000,pretrain_arm,9127,,9,4,4,poisson,100,0.0,,,fd26d1971e3888a2a830dcacf4564b3759ad0fb930c50cf18a1d774fb9d79bc9,20000,56933020,13755,6245,0.31225,0.46814966077682163,31092.966247181204,96220.0,0.9978562923625911,0.6797928177131376,4990,0,4770
fd73aef4667ed7f8,comments0720-fixed-arm-discovery,periodic-n06-p030-i030-d5000,pretrain_arm,9127,,21,6,6,poisson,30,0.0,,,fd73aef4667ed7f8c90d166f2f5e3c4a8e21ea14f71da749e41c876674808018,20000,48053577,17157,2843,0.14215,0.6920514574804701,31599.07576552931,72070.0,0.99759482864884,0.8129645953764367,7481,0,7351
fdd34a051f0ea3e9,comments0720-fixed-arm-discovery,poisson-n06-p045,pretrain_arm,9127,,6,6,6,poisson,,0.0,,,fdd34a051f0ea3e972f0399715099b3b21a20dfec6833603d0c66d434dc6ba96,20000,40050841,19914,86,0.0043,0.963461990723241,22118.04115164305,22022.0,0.9989815055563485,0.9717248320931964,7477,0,7463
fe43d4af0e6d5b64,comments0720-fixed-arm-discovery,poisson-n04-p025,pretrain_arm,9103,,1,4,4,poisson,,0.0,,,fe43d4af0e6d5b647daf23f3091b3a00cc4b87a9a9dc6c3b4e36f0d7c3c8a841,20000,76668338,15232,4768,0.2384,0.38486018830876445,38248.92938780873,118175.0,0.9989708359086896,0.6562270080724848,4992,0,4800
fe4ebac87328dd80,comments0720-fixed-arm-discovery,poisson-n05-p035,pretrain_arm,9103,,12,5,5,poisson,,0.0,,,fe4ebac87328dd80143edf6633b4a8f2ad259ce6199378ea2898ef39376de252,20000,43405255,14983,5017,0.25085,0.6689595303610127,26951.005342950644,80171.0,0.99796772849534,0.7728159196187843,6234,0,5874
fe5c2f7c7c0a843c,comments0720-fixed-arm-discovery,poisson-n05-p035,pretrain_arm,9113,,10,5,5,poisson,,0.0,,,fe5c2f7c7c0a843c9f1d1cc8dbae5bfd4c484bdedd482f3dee5259fd795650b0,20000,42059269,14721,5279,0.26395,0.6786357841835055,26557.403983413773,80245.0,0.9969242029695906,0.7723691623843653,6235,0,5903
ff53b39de6aae589,comments0720-fixed-arm-discovery,poisson-n04-p025,pretrain_arm,9103,,14,4,4,poisson,,0.0,,,ff53b39de6aae589c608050cba38ac27210b5559409d60aeab97ea8a7f428864,20000,77560320,15404,4596,0.2298,0.3848916430463412,38268.878734736296,116249.0,0.9989537580330341,0.6596658003597918,4992,0,4814
ff678728d0a36216,comments0720-fixed-arm-discovery,periodic-n06-p030-i030-d5000,pretrain_arm,9103,,19,6,6,poisson,30,0.0,,,ff678728d0a36216ad1428e6ad0c1d9cc2d2c42748b0fb7359f709ca7ca1659d,20000,48061423,17207,2793,0.13965,0.6937187648397344,31487.864379179995,72062.0,0.9989210595305399,0.8145927747900914,7479,0,7339
ff78d7dbc32adb23,comments0720-fixed-arm-discovery,poisson-n05-p035,pretrain_arm,9127,,10,5,5,poisson,,0.0,,,ff78d7dbc32adb238fb88561c21938b2d3643436ab0d8a493bdf0314102a6c83,20000,41869435,14750,5250,0.2625,0.6827270537565171,26374.197693351423,82113.0,0.9986123307772171,0.773412794844578,6240,0,5907
ffef76d3bf548b7e,comments0720-fixed-arm-discovery,poisson-n04-p025,pretrain_arm,9127,,0,4,4,poisson,,0.0,,,ffef76d3bf548b7ecbe021923a2ea8df7db877e90b16aaac2b26a158d4f4976a,20000,75998048,15126,4874,0.2437,0.38558570609603027,38162.26802487102,116319.0,0.9988403568221152,0.6563376876393818,4990,0,4817
fffb7d9a3744f976,comments0720-fixed-arm-discovery,poisson-n04-p025,pretrain_arm,9127,,1,4,4,poisson,,0.0,,,fffb7d9a3744f976e1be2405388e28720954aaea0127214ff1ce46cc346b7161,20000,75998048,15126,4874,0.2437,0.38558570609603027,38162.26802487102,116319.0,0.9988403568221152,0.6563376876393818,4990,0,4817
